account_id,ring_id,bank,state,city,account_type,account_age_days,total_case_count,final_reputation_score,reused_in_multiple_cases
ACC000001,R0001,Bank_C,Telangana,Hyderabad,SAVINGS,870,4208,1.0,1
ACC000002,R0001,Bank_D,Odisha,Hyderabad,SAVINGS,1451,4200,1.0,1
ACC000003,R0001,Bank_C,Telangana,Hyderabad,SAVINGS,1227,4196,1.0,1
ACC000004,R0002,Bank_A,Telangana,Hyderabad,SAVINGS,1654,1886,1.0,1
ACC000005,R0002,Bank_D,Telangana,Hyderabad,SAVINGS,1619,1897,1.0,1
ACC000006,R0002,Bank_D,Telangana,Hyderabad,SAVINGS,1301,1885,1.0,1
ACC000007,R0003,Bank_C,Telangana,Hyderabad,SAVINGS,1026,503,1.0,1
ACC000008,R0003,Bank_C,Telangana,Hyderabad,SAVINGS,297,463,1.0,1
ACC000009,R0003,Bank_D,Telangana,Hyderabad,SAVINGS,1772,497,1.0,1
ACC000010,R0003,Bank_A,Telangana,Hyderabad,SAVINGS,387,493,1.0,1
ACC000011,R0003,Bank_A,Telangana,Hyderabad,SAVINGS,625,497,1.0,1
ACC000012,R0003,Bank_D,Kerala,Ahmedabad,SAVINGS,2096,499,1.0,1
ACC000013,R0003,Bank_A,Telangana,Hyderabad,SAVINGS,711,496,1.0,1
ACC000014,R0003,Bank_C,Tamil Nadu,Chennai,SAVINGS,886,527,1.0,1
ACC000015,R0003,Bank_E,Telangana,Hyderabad,CURRENT,1880,508,1.0,1
ACC000016,R0003,Bank_C,Telangana,Hyderabad,SAVINGS,1394,470,1.0,1
ACC000017,R0003,Bank_E,Telangana,Hyderabad,CURRENT,2033,459,1.0,1
ACC000018,R0003,Bank_B,Telangana,Hyderabad,SAVINGS,1680,506,1.0,1
ACC000019,R0004,Bank_B,Telangana,Hyderabad,SAVINGS,574,851,1.0,1
ACC000020,R0004,Bank_D,Telangana,Hyderabad,SAVINGS,1797,861,1.0,1
ACC000021,R0004,Bank_C,Bihar,Patna,SAVINGS,1756,872,1.0,1
ACC000022,R0005,Bank_B,Bihar,Patna,CURRENT,431,405,1.0,1
ACC000023,R0005,Bank_E,Bihar,Patna,SAVINGS,2053,404,1.0,1
ACC000024,R0005,Bank_B,Bihar,Patna,SAVINGS,602,400,1.0,1
ACC000025,R0005,Bank_C,Telangana,Hyderabad,CURRENT,396,406,1.0,1
ACC000026,R0005,Bank_B,Bihar,Patna,SAVINGS,1512,409,1.0,1
ACC000027,R0005,Bank_A,Bihar,Patna,CURRENT,1141,380,1.0,1
ACC000028,R0005,Bank_B,Bihar,Patna,CURRENT,707,394,1.0,1
ACC000029,R0005,Bank_B,Bihar,Patna,SAVINGS,1482,423,1.0,1
ACC000030,R0006,Bank_B,Telangana,Hyderabad,SAVINGS,1649,596,1.0,1
ACC000031,R0006,Bank_C,Telangana,Hyderabad,SAVINGS,1935,591,1.0,1
ACC000032,R0006,Bank_B,Telangana,Hyderabad,SAVINGS,157,582,1.0,1
ACC000033,R0007,Bank_B,Telangana,Hyderabad,SAVINGS,1438,458,1.0,1
ACC000034,R0007,Bank_B,Bihar,Patna,CURRENT,1812,453,1.0,1
ACC000035,R0007,Bank_C,Telangana,Hyderabad,SAVINGS,873,469,1.0,1
ACC000036,R0008,Bank_B,Telangana,Hyderabad,SAVINGS,815,326,1.0,1
ACC000037,R0008,Bank_E,Telangana,Hyderabad,SAVINGS,270,326,1.0,1
ACC000038,R0008,Bank_A,Telangana,Hyderabad,SAVINGS,1812,321,1.0,1
ACC000039,R0008,Bank_E,Telangana,Hyderabad,SAVINGS,1441,341,1.0,1
ACC000040,R0008,Bank_E,Telangana,Hyderabad,CURRENT,2146,336,1.0,1
ACC000041,R0009,Bank_B,Bihar,Patna,SAVINGS,1619,187,1.0,1
ACC000042,R0009,Bank_B,Bihar,Patna,CURRENT,1566,188,1.0,1
ACC000043,R0009,Bank_B,Bihar,Patna,SAVINGS,1074,188,1.0,1
ACC000044,R0009,Bank_A,Bihar,Patna,SAVINGS,1820,203,1.0,1
ACC000045,R0009,Bank_A,Bihar,Patna,SAVINGS,1153,202,1.0,1
ACC000046,R0009,Bank_E,Bihar,Patna,SAVINGS,154,189,1.0,1
ACC000047,R0009,Bank_D,Bihar,Patna,CURRENT,1425,170,1.0,1
ACC000048,R0009,Bank_E,Bihar,Patna,SAVINGS,1052,199,1.0,1
ACC000049,R0009,Bank_C,Bihar,Patna,SAVINGS,438,197,1.0,1
ACC000050,R0010,Bank_C,Telangana,Hyderabad,SAVINGS,395,280,1.0,1
ACC000051,R0010,Bank_B,Telangana,Hyderabad,SAVINGS,800,265,1.0,1
ACC000052,R0010,Bank_E,Telangana,Hyderabad,SAVINGS,1346,282,1.0,1
ACC000053,R0010,Bank_D,Telangana,Hyderabad,CURRENT,228,277,1.0,1
ACC000054,R0010,Bank_C,Telangana,Hyderabad,SAVINGS,277,266,1.0,1
ACC000055,R0011,Bank_C,Andhra Pradesh,Delhi,CURRENT,199,172,1.0,1
ACC000056,R0011,Bank_C,Bihar,Patna,SAVINGS,1172,174,1.0,1
ACC000057,R0011,Bank_C,Odisha,Chennai,SAVINGS,290,183,1.0,1
ACC000058,R0011,Bank_A,Odisha,Delhi,CURRENT,78,188,1.0,1
ACC000059,R0011,Bank_E,Odisha,Kolkata,SAVINGS,1396,186,1.0,1
ACC000060,R0011,Bank_B,Telangana,Hyderabad,SAVINGS,997,167,1.0,1
ACC000061,R0011,Bank_C,Odisha,Hyderabad,SAVINGS,819,197,1.0,1
ACC000062,R0012,Bank_B,Telangana,Hyderabad,SAVINGS,2130,245,1.0,1
ACC000063,R0012,Bank_B,Telangana,Hyderabad,SAVINGS,1176,242,1.0,1
ACC000064,R0012,Bank_B,Telangana,Hyderabad,SAVINGS,2183,246,1.0,1
ACC000065,R0013,Bank_A,Telangana,Hyderabad,SAVINGS,2059,56,1.0,1
ACC000066,R0013,Bank_D,Telangana,Hyderabad,SAVINGS,340,56,1.0,1
ACC000067,R0013,Bank_E,Telangana,Hyderabad,SAVINGS,1253,60,1.0,1
ACC000068,R0013,Bank_D,Telangana,Hyderabad,SAVINGS,1873,65,1.0,1
ACC000069,R0013,Bank_C,Telangana,Hyderabad,SAVINGS,337,70,1.0,1
ACC000070,R0013,Bank_C,Telangana,Hyderabad,CURRENT,1744,73,1.0,1
ACC000071,R0013,Bank_E,Telangana,Hyderabad,CURRENT,1279,68,1.0,1
ACC000072,R0013,Bank_B,Telangana,Hyderabad,SAVINGS,545,50,1.0,1
ACC000073,R0013,Bank_C,Telangana,Hyderabad,SAVINGS,289,72,1.0,1
ACC000074,R0013,Bank_C,Telangana,Hyderabad,CURRENT,160,64,1.0,1
ACC000075,R0013,Bank_B,Telangana,Hyderabad,SAVINGS,2068,61,1.0,1
ACC000076,R0013,Bank_C,Telangana,Hyderabad,SAVINGS,1382,72,1.0,1
ACC000077,R0013,Bank_D,Telangana,Hyderabad,SAVINGS,1282,73,1.0,1
ACC000078,R0013,Bank_C,Telangana,Hyderabad,SAVINGS,1267,61,1.0,1
ACC000079,R0013,Bank_A,Telangana,Hyderabad,CURRENT,445,65,1.0,1
ACC000080,R0013,Bank_C,Telangana,Hyderabad,SAVINGS,2179,61,1.0,1
ACC000081,R0013,Bank_E,Telangana,Hyderabad,SAVINGS,808,70,1.0,1
ACC000082,R0013,Bank_A,Telangana,Hyderabad,CURRENT,1456,62,1.0,1
ACC000083,R0014,Bank_E,Andhra Pradesh,Mumbai,CURRENT,267,189,1.0,1
ACC000084,R0014,Bank_D,Telangana,Hyderabad,SAVINGS,1181,200,1.0,1
ACC000085,R0014,Bank_E,Telangana,Hyderabad,SAVINGS,148,194,1.0,1
ACC000086,R0014,Bank_A,Maharashtra,Pune,CURRENT,447,206,1.0,1
ACC000087,R0014,Bank_A,Telangana,Hyderabad,CURRENT,1365,203,1.0,1
ACC000088,R0015,Bank_E,Telangana,Hyderabad,CURRENT,482,51,1.0,1
ACC000089,R0015,Bank_E,Telangana,Hyderabad,SAVINGS,1898,50,1.0,1
ACC000090,R0015,Bank_B,Telangana,Hyderabad,SAVINGS,1595,56,1.0,1
ACC000091,R0015,Bank_A,Telangana,Hyderabad,SAVINGS,200,60,1.0,1
ACC000092,R0015,Bank_A,Telangana,Hyderabad,CURRENT,1801,59,1.0,1
ACC000093,R0015,Bank_B,Telangana,Hyderabad,CURRENT,99,56,1.0,1
ACC000094,R0015,Bank_B,Telangana,Hyderabad,SAVINGS,335,57,1.0,1
ACC000095,R0015,Bank_A,Telangana,Hyderabad,SAVINGS,1455,53,1.0,1
ACC000096,R0015,Bank_D,Telangana,Hyderabad,SAVINGS,1437,63,1.0,1
ACC000097,R0015,Bank_C,Odisha,Lucknow,SAVINGS,968,61,1.0,1
ACC000098,R0015,Bank_D,Odisha,Bengaluru,SAVINGS,1360,59,1.0,1
ACC000099,R0015,Bank_B,Telangana,Hyderabad,SAVINGS,1779,63,1.0,1
ACC000100,R0015,Bank_B,Telangana,Hyderabad,CURRENT,1681,55,1.0,1
ACC000101,R0015,Bank_A,Telangana,Hyderabad,SAVINGS,78,55,1.0,1
ACC000102,R0015,Bank_C,Telangana,Hyderabad,SAVINGS,1132,63,1.0,1
ACC000103,R0015,Bank_C,Telangana,Hyderabad,SAVINGS,536,52,1.0,1
ACC000104,R0015,Bank_B,Telangana,Hyderabad,CURRENT,47,58,1.0,1
ACC000105,R0015,Bank_C,Telangana,Hyderabad,CURRENT,1586,52,1.0,1
ACC000106,R0016,Bank_B,Maharashtra,Pune,SAVINGS,771,132,1.0,1
ACC000107,R0016,Bank_D,Maharashtra,Pune,SAVINGS,1321,139,1.0,1
ACC000108,R0016,Bank_C,Telangana,Hyderabad,SAVINGS,1176,142,1.0,1
ACC000109,R0016,Bank_B,Maharashtra,Mumbai,SAVINGS,1382,133,1.0,1
ACC000110,R0016,Bank_E,Maharashtra,Mumbai,SAVINGS,228,132,1.0,1
ACC000111,R0016,Bank_B,Maharashtra,Pune,SAVINGS,1169,141,1.0,1
ACC000112,R0017,Bank_B,Telangana,Hyderabad,SAVINGS,608,132,1.0,1
ACC000113,R0017,Bank_E,Telangana,Hyderabad,SAVINGS,1554,128,1.0,1
ACC000114,R0017,Bank_C,Telangana,Hyderabad,SAVINGS,1648,130,1.0,1
ACC000115,R0017,Bank_B,Telangana,Hyderabad,SAVINGS,800,124,1.0,1
ACC000116,R0017,Bank_D,Telangana,Hyderabad,SAVINGS,537,123,1.0,1
ACC000117,R0018,Bank_D,Bihar,Patna,SAVINGS,673,129,1.0,1
ACC000118,R0018,Bank_A,Bihar,Patna,SAVINGS,2046,123,1.0,1
ACC000119,R0018,Bank_D,Bihar,Patna,CURRENT,2197,122,1.0,1
ACC000120,R0018,Bank_C,Bihar,Patna,CURRENT,1743,126,1.0,1
ACC000121,R0018,Bank_C,Bihar,Patna,SAVINGS,1055,116,1.0,1
ACC000122,R0018,Bank_D,Bihar,Patna,SAVINGS,1219,131,1.0,1
ACC000123,R0019,Bank_D,Telangana,Hyderabad,CURRENT,2188,98,1.0,1
ACC000124,R0019,Bank_D,Telangana,Hyderabad,SAVINGS,597,104,1.0,1
ACC000125,R0019,Bank_E,Telangana,Hyderabad,SAVINGS,1229,96,1.0,1
ACC000126,R0019,Bank_D,Telangana,Hyderabad,SAVINGS,136,98,1.0,1
ACC000127,R0019,Bank_D,Tamil Nadu,Chennai,SAVINGS,430,97,1.0,1
ACC000128,R0019,Bank_E,Telangana,Hyderabad,SAVINGS,2010,102,1.0,1
ACC000129,R0019,Bank_C,Telangana,Hyderabad,SAVINGS,525,103,1.0,1
ACC000130,R0019,Bank_A,Telangana,Hyderabad,SAVINGS,951,90,1.0,1
ACC000131,R0020,Bank_E,Telangana,Hyderabad,CURRENT,476,145,1.0,1
ACC000132,R0020,Bank_E,Telangana,Hyderabad,CURRENT,94,143,1.0,1
ACC000133,R0020,Bank_D,Telangana,Hyderabad,SAVINGS,205,143,1.0,1
ACC000134,R0021,Bank_C,Telangana,Hyderabad,SAVINGS,908,147,1.0,1
ACC000135,R0021,Bank_D,Telangana,Hyderabad,SAVINGS,1521,144,1.0,1
ACC000136,R0021,Bank_A,Tamil Nadu,Chennai,CURRENT,548,146,1.0,1
ACC000137,R0022,Bank_A,Odisha,Pune,SAVINGS,430,118,1.0,1
ACC000138,R0022,Bank_D,Telangana,Hyderabad,SAVINGS,269,118,1.0,1
ACC000139,R0022,Bank_E,Odisha,Delhi,SAVINGS,502,120,1.0,1
ACC000140,R0023,Bank_C,Telangana,Hyderabad,SAVINGS,1724,72,1.0,1
ACC000141,R0023,Bank_B,Telangana,Hyderabad,CURRENT,1867,78,1.0,1
ACC000142,R0023,Bank_C,Telangana,Hyderabad,CURRENT,679,76,1.0,1
ACC000143,R0023,Bank_A,Telangana,Hyderabad,SAVINGS,1720,75,1.0,1
ACC000144,R0023,Bank_A,Telangana,Hyderabad,CURRENT,1165,70,1.0,1
ACC000145,R0023,Bank_D,Telangana,Hyderabad,SAVINGS,640,68,1.0,1
ACC000146,R0023,Bank_D,Telangana,Hyderabad,SAVINGS,1116,72,1.0,1
ACC000147,R0023,Bank_E,Telangana,Hyderabad,SAVINGS,2009,71,1.0,1
ACC000148,R0024,Bank_B,Telangana,Hyderabad,SAVINGS,1751,105,1.0,1
ACC000149,R0024,Bank_B,Telangana,Hyderabad,CURRENT,780,105,1.0,1
ACC000150,R0024,Bank_B,Telangana,Hyderabad,CURRENT,215,103,1.0,1
ACC000151,R0025,Bank_D,Telangana,Hyderabad,SAVINGS,2156,98,1.0,1
ACC000152,R0025,Bank_D,Maharashtra,Mumbai,SAVINGS,654,100,1.0,1
ACC000153,R0025,Bank_B,Andhra Pradesh,Ahmedabad,SAVINGS,1244,98,1.0,1
ACC000154,R0026,Bank_E,Gujarat,Ahmedabad,SAVINGS,878,100,1.0,1
ACC000155,R0026,Bank_C,Bihar,Patna,SAVINGS,1907,100,1.0,1
ACC000156,R0026,Bank_C,Gujarat,Ahmedabad,SAVINGS,1173,92,1.0,1
ACC000157,R0027,Bank_C,Telangana,Hyderabad,CURRENT,1564,74,1.0,1
ACC000158,R0027,Bank_A,Telangana,Hyderabad,SAVINGS,1052,80,1.0,1
ACC000159,R0027,Bank_A,Telangana,Hyderabad,SAVINGS,1954,79,1.0,1
ACC000160,R0027,Bank_C,Odisha,Patna,CURRENT,381,78,1.0,1
ACC000161,R0027,Bank_A,Odisha,Lucknow,SAVINGS,207,81,1.0,1
ACC000162,R0027,Bank_A,Telangana,Hyderabad,CURRENT,172,80,1.0,1
ACC000163,R0028,Bank_D,Andhra Pradesh,Mumbai,CURRENT,683,97,1.0,1
ACC000164,R0028,Bank_D,Andhra Pradesh,Ahmedabad,SAVINGS,767,99,1.0,1
ACC000165,R0028,Bank_A,Andhra Pradesh,Mumbai,SAVINGS,934,95,1.0,1
ACC000166,R0029,Bank_A,Bihar,Patna,CURRENT,1940,96,1.0,1
ACC000167,R0029,Bank_D,Maharashtra,Mumbai,SAVINGS,2002,94,1.0,1
ACC000168,R0029,Bank_B,Bihar,Patna,SAVINGS,1223,96,1.0,1
ACC000169,R0030,Bank_D,Telangana,Hyderabad,SAVINGS,1487,89,1.0,1
ACC000170,R0030,Bank_A,Telangana,Hyderabad,SAVINGS,905,84,1.0,1
ACC000171,R0030,Bank_E,Telangana,Hyderabad,SAVINGS,1636,86,1.0,1
ACC000172,R0030,Bank_A,Telangana,Hyderabad,SAVINGS,1675,90,1.0,1
ACC000173,R0031,Bank_E,Telangana,Hyderabad,SAVINGS,1167,99,1.0,1
ACC000174,R0031,Bank_C,Telangana,Hyderabad,SAVINGS,1139,99,1.0,1
ACC000175,R0031,Bank_C,Telangana,Hyderabad,SAVINGS,1035,100,1.0,1
ACC000176,R0032,Bank_C,Telangana,Hyderabad,SAVINGS,11,24,0.9998,1
ACC000177,R0032,Bank_D,Telangana,Hyderabad,SAVINGS,80,28,0.9999,1
ACC000178,R0032,Bank_E,Telangana,Hyderabad,CURRENT,376,23,0.9997,1
ACC000179,R0032,Bank_B,Telangana,Hyderabad,SAVINGS,912,24,0.9998,1
ACC000180,R0032,Bank_E,Maharashtra,Mumbai,SAVINGS,1087,24,0.9998,1
ACC000181,R0032,Bank_D,Maharashtra,Pune,SAVINGS,585,26,0.9999,1
ACC000182,R0032,Bank_A,Telangana,Hyderabad,CURRENT,1163,29,1.0,1
ACC000183,R0032,Bank_B,Telangana,Hyderabad,CURRENT,456,26,0.9999,1
ACC000184,R0032,Bank_E,Telangana,Hyderabad,SAVINGS,973,18,0.9982,1
ACC000185,R0032,Bank_E,Uttar Pradesh,Lucknow,SAVINGS,599,24,0.9998,1
ACC000186,R0032,Bank_A,Telangana,Hyderabad,SAVINGS,1117,27,0.9999,1
ACC000187,R0032,Bank_E,Telangana,Hyderabad,SAVINGS,740,27,0.9999,1
ACC000188,R0032,Bank_C,Telangana,Hyderabad,SAVINGS,1872,25,0.9998,1
ACC000189,R0032,Bank_E,Telangana,Hyderabad,SAVINGS,1223,23,0.9997,1
ACC000190,R0032,Bank_B,Telangana,Hyderabad,SAVINGS,1446,19,0.9987,1
ACC000191,R0032,Bank_E,Telangana,Hyderabad,SAVINGS,1283,18,0.9982,1
ACC000192,R0032,Bank_C,Telangana,Hyderabad,SAVINGS,1338,30,1.0,1
ACC000193,R0032,Bank_C,Telangana,Hyderabad,SAVINGS,1768,24,0.9998,1
ACC000194,R0033,Bank_E,Odisha,Kolkata,SAVINGS,1975,29,1.0,1
ACC000195,R0033,Bank_E,Odisha,Delhi,SAVINGS,2097,40,1.0,1
ACC000196,R0033,Bank_B,Odisha,Kolkata,SAVINGS,1631,40,1.0,1
ACC000197,R0033,Bank_B,Odisha,Delhi,SAVINGS,50,40,1.0,1
ACC000198,R0033,Bank_D,Odisha,Chennai,SAVINGS,1153,29,1.0,1
ACC000199,R0033,Bank_D,Odisha,Jaipur,SAVINGS,1331,37,1.0,1
ACC000200,R0033,Bank_A,Odisha,Pune,SAVINGS,365,38,1.0,1
ACC000201,R0033,Bank_C,Odisha,Hyderabad,CURRENT,450,32,1.0,1
ACC000202,R0033,Bank_E,Andhra Pradesh,Bengaluru,SAVINGS,1921,31,1.0,1
ACC000203,R0033,Bank_D,Telangana,Hyderabad,SAVINGS,1738,30,1.0,1
ACC000204,R0033,Bank_A,Telangana,Hyderabad,SAVINGS,1407,38,1.0,1
ACC000205,R0034,Bank_C,Odisha,Kolkata,CURRENT,1044,81,1.0,1
ACC000206,R0034,Bank_B,Odisha,Chennai,SAVINGS,61,80,1.0,1
ACC000207,R0034,Bank_C,Odisha,Hyderabad,SAVINGS,2074,83,1.0,1
ACC000208,R0035,Bank_E,Odisha,Delhi,SAVINGS,1055,60,1.0,1
ACC000209,R0035,Bank_E,Telangana,Hyderabad,CURRENT,1197,65,1.0,1
ACC000210,R0035,Bank_A,Telangana,Hyderabad,SAVINGS,689,58,1.0,1
ACC000211,R0035,Bank_A,Telangana,Hyderabad,SAVINGS,1130,58,1.0,1
ACC000212,R0035,Bank_B,Telangana,Hyderabad,SAVINGS,1764,65,1.0,1
ACC000213,R0036,Bank_E,Telangana,Hyderabad,SAVINGS,419,52,1.0,1
ACC000214,R0036,Bank_D,Delhi,Delhi,SAVINGS,469,52,1.0,1
ACC000215,R0036,Bank_C,Delhi,Delhi,SAVINGS,942,51,1.0,1
ACC000216,R0036,Bank_A,Delhi,Delhi,SAVINGS,1673,51,1.0,1
ACC000217,R0037,Bank_A,Bihar,Patna,SAVINGS,22,65,1.0,1
ACC000218,R0037,Bank_B,Bihar,Patna,SAVINGS,1395,68,1.0,1
ACC000219,R0037,Bank_C,Bihar,Patna,SAVINGS,222,62,1.0,1
ACC000220,R0038,Bank_D,Telangana,Hyderabad,SAVINGS,1695,27,0.9999,1
ACC000221,R0038,Bank_D,Telangana,Hyderabad,CURRENT,1624,26,0.9999,1
ACC000222,R0038,Bank_A,Telangana,Hyderabad,SAVINGS,1748,20,0.9991,1
ACC000223,R0038,Bank_C,Andhra Pradesh,Bengaluru,CURRENT,719,18,0.9982,1
ACC000224,R0038,Bank_A,Telangana,Hyderabad,SAVINGS,296,22,0.9995,1
ACC000225,R0038,Bank_D,Telangana,Hyderabad,SAVINGS,1113,16,0.9963,1
ACC000226,R0038,Bank_D,Telangana,Hyderabad,CURRENT,1110,16,0.9963,1
ACC000227,R0038,Bank_C,Maharashtra,Pune,SAVINGS,292,12,0.985,1
ACC000228,R0038,Bank_B,Rajasthan,Jaipur,CURRENT,506,20,0.9991,1
ACC000229,R0038,Bank_A,Telangana,Hyderabad,SAVINGS,1243,22,0.9995,1
ACC000230,R0038,Bank_B,Telangana,Hyderabad,SAVINGS,826,15,0.9948,1
ACC000231,R0038,Bank_B,Telangana,Hyderabad,SAVINGS,1017,19,0.9987,1
ACC000232,R0038,Bank_C,Telangana,Hyderabad,SAVINGS,592,27,0.9999,1
ACC000233,R0038,Bank_C,Odisha,Delhi,SAVINGS,281,16,0.9963,1
ACC000234,R0038,Bank_B,Telangana,Hyderabad,SAVINGS,1777,18,0.9982,1
ACC000235,R0038,Bank_D,Telangana,Hyderabad,SAVINGS,2184,24,0.9998,1
ACC000236,R0038,Bank_E,Telangana,Hyderabad,SAVINGS,1177,16,0.9963,1
ACC000237,R0038,Bank_A,Telangana,Hyderabad,SAVINGS,2041,17,0.9974,1
ACC000238,R0039,Bank_B,Maharashtra,Pune,SAVINGS,781,60,1.0,1
ACC000239,R0039,Bank_E,Maharashtra,Mumbai,SAVINGS,752,61,1.0,1
ACC000240,R0039,Bank_A,Maharashtra,Mumbai,SAVINGS,648,60,1.0,1
ACC000241,R0040,Bank_D,Telangana,Hyderabad,SAVINGS,1616,47,1.0,1
ACC000242,R0040,Bank_E,Tamil Nadu,Chennai,SAVINGS,1683,47,1.0,1
ACC000243,R0040,Bank_B,Bihar,Patna,SAVINGS,89,49,1.0,1
ACC000244,R0040,Bank_A,Telangana,Hyderabad,SAVINGS,1628,47,1.0,1
ACC000245,R0041,Bank_D,Tamil Nadu,Chennai,SAVINGS,1023,65,1.0,1
ACC000246,R0041,Bank_B,Tamil Nadu,Chennai,CURRENT,415,64,1.0,1
ACC000247,R0041,Bank_B,Tamil Nadu,Chennai,SAVINGS,123,65,1.0,1
ACC000248,R0042,Bank_C,Telangana,Hyderabad,SAVINGS,1217,50,1.0,1
ACC000249,R0042,Bank_C,Maharashtra,Mumbai,SAVINGS,2129,52,1.0,1
ACC000250,R0042,Bank_B,Bihar,Patna,SAVINGS,1801,50,1.0,1
ACC000251,R0043,Bank_B,Bihar,Patna,SAVINGS,138,52,1.0,1
ACC000252,R0043,Bank_C,Telangana,Hyderabad,SAVINGS,1131,51,1.0,1
ACC000253,R0043,Bank_B,Telangana,Hyderabad,SAVINGS,2062,57,1.0,1
ACC000254,R0043,Bank_B,Delhi,Delhi,SAVINGS,1582,55,1.0,1
ACC000255,R0044,Bank_E,Maharashtra,Pune,CURRENT,573,57,1.0,1
ACC000256,R0044,Bank_C,Bihar,Patna,CURRENT,1444,56,1.0,1
ACC000257,R0044,Bank_D,Maharashtra,Pune,SAVINGS,921,57,1.0,1
ACC000258,R0045,Bank_C,Telangana,Hyderabad,SAVINGS,94,44,1.0,1
ACC000259,R0045,Bank_C,Telangana,Hyderabad,SAVINGS,215,42,1.0,1
ACC000260,R0045,Bank_E,Telangana,Hyderabad,SAVINGS,711,43,1.0,1
ACC000261,R0046,Bank_C,Telangana,Hyderabad,SAVINGS,567,54,1.0,1
ACC000262,R0046,Bank_B,Telangana,Hyderabad,SAVINGS,1383,54,1.0,1
ACC000263,R0046,Bank_E,Telangana,Hyderabad,SAVINGS,1700,51,1.0,1
ACC000264,R0047,Bank_B,Telangana,Hyderabad,SAVINGS,138,51,1.0,1
ACC000265,R0047,Bank_D,Punjab,Patna,SAVINGS,51,52,1.0,1
ACC000266,R0047,Bank_A,Punjab,Pune,SAVINGS,1121,53,1.0,1
ACC000267,R0048,Bank_A,Telangana,Hyderabad,SAVINGS,1228,53,1.0,1
ACC000268,R0048,Bank_E,Maharashtra,Mumbai,SAVINGS,54,52,1.0,1
ACC000269,R0048,Bank_D,Maharashtra,Mumbai,SAVINGS,214,52,1.0,1
ACC000270,R0048,Bank_A,Telangana,Hyderabad,SAVINGS,2138,54,1.0,1
ACC000271,R0049,Bank_A,Telangana,Hyderabad,SAVINGS,1605,30,1.0,1
ACC000272,R0049,Bank_E,Telangana,Hyderabad,SAVINGS,2088,35,1.0,1
ACC000273,R0049,Bank_A,Telangana,Hyderabad,SAVINGS,720,38,1.0,1
ACC000274,R0049,Bank_D,Telangana,Hyderabad,SAVINGS,1976,37,1.0,1
ACC000275,R0049,Bank_D,Bihar,Patna,SAVINGS,781,35,1.0,1
ACC000276,R0050,Bank_E,Telangana,Hyderabad,SAVINGS,156,46,1.0,1
ACC000277,R0050,Bank_B,Bihar,Patna,SAVINGS,2169,47,1.0,1
ACC000278,R0050,Bank_C,Bihar,Patna,SAVINGS,1100,46,1.0,1
ACC000279,R0051,Bank_B,Bihar,Patna,SAVINGS,1911,47,1.0,1
ACC000280,R0051,Bank_C,Kerala,Kolkata,SAVINGS,1537,47,1.0,1
ACC000281,R0051,Bank_A,Kerala,Mumbai,SAVINGS,155,45,1.0,1
ACC000282,R0051,Bank_E,Telangana,Hyderabad,SAVINGS,133,41,1.0,1
ACC000283,R0052,Bank_C,Andhra Pradesh,Jaipur,SAVINGS,71,34,1.0,1
ACC000284,R0052,Bank_C,Bihar,Patna,SAVINGS,646,28,0.9999,1
ACC000285,R0052,Bank_C,Telangana,Hyderabad,SAVINGS,1822,31,1.0,1
ACC000286,R0052,Bank_C,Andhra Pradesh,Hyderabad,SAVINGS,725,34,1.0,1
ACC000287,R0052,Bank_B,Andhra Pradesh,Jaipur,SAVINGS,1775,27,0.9999,1
ACC000288,R0052,Bank_E,Andhra Pradesh,Lucknow,SAVINGS,1866,29,1.0,1
ACC000289,R0052,Bank_A,Andhra Pradesh,Hyderabad,SAVINGS,657,34,1.0,1
ACC000290,R0052,Bank_E,Andhra Pradesh,Jaipur,SAVINGS,1306,35,1.0,1
ACC000291,R0053,Bank_E,Telangana,Hyderabad,CURRENT,574,33,1.0,1
ACC000292,R0053,Bank_D,Telangana,Hyderabad,SAVINGS,1316,32,1.0,1
ACC000293,R0053,Bank_B,Telangana,Hyderabad,SAVINGS,551,29,1.0,1
ACC000294,R0053,Bank_C,Telangana,Hyderabad,SAVINGS,2050,33,1.0,1
ACC000295,R0053,Bank_A,Telangana,Hyderabad,SAVINGS,1186,30,1.0,1
ACC000296,R0053,Bank_E,Telangana,Hyderabad,SAVINGS,1165,32,1.0,1
ACC000297,R0054,Bank_E,Telangana,Hyderabad,SAVINGS,222,39,1.0,1
ACC000298,R0054,Bank_E,Telangana,Hyderabad,SAVINGS,1393,41,1.0,1
ACC000299,R0054,Bank_C,Telangana,Hyderabad,SAVINGS,716,41,1.0,1
ACC000300,R0055,Bank_C,Telangana,Hyderabad,CURRENT,361,41,1.0,1
ACC000301,R0055,Bank_E,Telangana,Hyderabad,SAVINGS,1261,43,1.0,1
ACC000302,R0055,Bank_D,Telangana,Hyderabad,SAVINGS,1291,39,1.0,1
ACC000303,R0055,Bank_B,Telangana,Hyderabad,SAVINGS,1740,42,1.0,1
ACC000304,R0056,Bank_E,Telangana,Hyderabad,SAVINGS,1165,34,1.0,1
ACC000305,R0056,Bank_A,Telangana,Hyderabad,SAVINGS,495,33,1.0,1
ACC000306,R0056,Bank_E,Telangana,Hyderabad,SAVINGS,1305,32,1.0,1
ACC000307,R0056,Bank_A,Telangana,Hyderabad,CURRENT,1594,36,1.0,1
ACC000308,R0057,Bank_A,Telangana,Hyderabad,SAVINGS,827,40,1.0,1
ACC000309,R0057,Bank_B,Telangana,Hyderabad,SAVINGS,750,41,1.0,1
ACC000310,R0057,Bank_D,Odisha,Lucknow,SAVINGS,2032,42,1.0,1
ACC000311,R0057,Bank_D,Tamil Nadu,Chennai,CURRENT,2050,38,1.0,1
ACC000312,R0058,Bank_E,Telangana,Hyderabad,SAVINGS,443,31,1.0,1
ACC000313,R0058,Bank_A,Telangana,Hyderabad,CURRENT,1578,34,1.0,1
ACC000314,R0058,Bank_B,Telangana,Hyderabad,CURRENT,132,34,1.0,1
ACC000315,R0058,Bank_C,Telangana,Hyderabad,SAVINGS,1919,35,1.0,1
ACC000316,R0059,Bank_A,Bihar,Patna,SAVINGS,2188,46,1.0,1
ACC000317,R0059,Bank_B,Bihar,Patna,SAVINGS,1699,47,1.0,1
ACC000318,R0059,Bank_D,Bihar,Patna,CURRENT,2084,45,1.0,1
ACC000319,R0060,Bank_E,Bihar,Patna,SAVINGS,87,39,1.0,1
ACC000320,R0060,Bank_E,Bihar,Patna,SAVINGS,732,39,1.0,1
ACC000321,R0060,Bank_A,Bihar,Patna,SAVINGS,1147,39,1.0,1
ACC000322,R0060,Bank_B,Bihar,Patna,SAVINGS,112,37,1.0,1
ACC000323,R0061,Bank_E,Telangana,Hyderabad,SAVINGS,248,47,1.0,1
ACC000324,R0061,Bank_B,Maharashtra,Pune,SAVINGS,584,47,1.0,1
ACC000325,R0061,Bank_D,Telangana,Hyderabad,SAVINGS,1495,48,1.0,1
ACC000326,R0062,Bank_D,Telangana,Hyderabad,SAVINGS,228,30,1.0,1
ACC000327,R0062,Bank_D,Telangana,Hyderabad,SAVINGS,1231,28,0.9999,1
ACC000328,R0062,Bank_B,Telangana,Hyderabad,SAVINGS,1535,30,1.0,1
ACC000329,R0062,Bank_B,Bihar,Patna,SAVINGS,1841,28,0.9999,1
ACC000330,R0062,Bank_D,Telangana,Hyderabad,SAVINGS,985,31,1.0,1
ACC000331,R0063,Bank_D,Telangana,Hyderabad,SAVINGS,1965,39,1.0,1
ACC000332,R0063,Bank_D,Telangana,Hyderabad,SAVINGS,2010,39,1.0,1
ACC000333,R0063,Bank_C,Telangana,Hyderabad,CURRENT,2091,39,1.0,1
ACC000334,R0064,Bank_A,Telangana,Hyderabad,SAVINGS,325,37,1.0,1
ACC000335,R0064,Bank_A,Telangana,Hyderabad,SAVINGS,779,37,1.0,1
ACC000336,R0064,Bank_A,Telangana,Hyderabad,SAVINGS,603,38,1.0,1
ACC000337,R0065,Bank_E,Telangana,Hyderabad,CURRENT,2111,29,1.0,1
ACC000338,R0065,Bank_A,Telangana,Hyderabad,SAVINGS,935,29,1.0,1
ACC000339,R0065,Bank_D,Telangana,Hyderabad,SAVINGS,538,28,0.9999,1
ACC000340,R0066,Bank_B,Telangana,Hyderabad,SAVINGS,1027,40,1.0,1
ACC000341,R0066,Bank_D,Telangana,Hyderabad,SAVINGS,1579,39,1.0,1
ACC000342,R0066,Bank_E,Telangana,Hyderabad,SAVINGS,1940,40,1.0,1
ACC000343,R0067,Bank_B,Telangana,Hyderabad,CURRENT,873,13,0.9894,1
ACC000344,R0067,Bank_B,Telangana,Hyderabad,SAVINGS,1851,6,0.8775,1
ACC000345,R0067,Bank_A,Telangana,Hyderabad,SAVINGS,1086,14,0.9926,1
ACC000346,R0067,Bank_B,Telangana,Hyderabad,SAVINGS,1033,10,0.9698,1
ACC000347,R0067,Bank_C,Telangana,Hyderabad,SAVINGS,1043,10,0.9698,1
ACC000348,R0067,Bank_D,Telangana,Hyderabad,SAVINGS,1801,15,0.9948,1
ACC000349,R0067,Bank_C,Telangana,Hyderabad,SAVINGS,1879,6,0.8775,1
ACC000350,R0067,Bank_D,Telangana,Hyderabad,SAVINGS,1628,15,0.9948,1
ACC000351,R0067,Bank_C,Telangana,Hyderabad,SAVINGS,1129,8,0.9392,1
ACC000352,R0067,Bank_E,Odisha,Mumbai,CURRENT,402,8,0.9392,1
ACC000353,R0067,Bank_E,Andhra Pradesh,Pune,CURRENT,1518,12,0.985,1
ACC000354,R0067,Bank_C,Telangana,Hyderabad,SAVINGS,1563,11,0.9787,1
ACC000355,R0067,Bank_B,Telangana,Hyderabad,SAVINGS,383,9,0.9571,1
ACC000356,R0067,Bank_B,Telangana,Hyderabad,SAVINGS,556,9,0.9571,1
ACC000357,R0067,Bank_B,Telangana,Hyderabad,SAVINGS,1111,8,0.9392,1
ACC000358,R0067,Bank_C,Andhra Pradesh,Hyderabad,SAVINGS,561,12,0.985,1
ACC000359,R0067,Bank_B,Telangana,Hyderabad,SAVINGS,1856,9,0.9571,1
ACC000360,R0067,Bank_D,Telangana,Hyderabad,CURRENT,1978,10,0.9698,1
ACC000361,R0068,Bank_D,Maharashtra,Mumbai,SAVINGS,407,35,1.0,1
ACC000362,R0068,Bank_D,Maharashtra,Mumbai,SAVINGS,670,33,1.0,1
ACC000363,R0068,Bank_C,Maharashtra,Pune,SAVINGS,1724,31,1.0,1
ACC000364,R0069,Bank_A,Andhra Pradesh,Patna,SAVINGS,1176,20,0.9991,1
ACC000365,R0069,Bank_E,Andhra Pradesh,Lucknow,SAVINGS,1914,20,0.9991,1
ACC000366,R0069,Bank_D,Andhra Pradesh,Chennai,SAVINGS,1654,20,0.9991,1
ACC000367,R0070,Bank_E,Tamil Nadu,Chennai,SAVINGS,204,34,1.0,1
ACC000368,R0070,Bank_D,Uttar Pradesh,Lucknow,SAVINGS,489,33,1.0,1
ACC000369,R0070,Bank_E,Tamil Nadu,Chennai,SAVINGS,1446,35,1.0,1
ACC000370,R0071,Bank_A,Maharashtra,Pune,SAVINGS,1406,29,1.0,1
ACC000371,R0071,Bank_B,Maharashtra,Mumbai,SAVINGS,1572,29,1.0,1
ACC000372,R0071,Bank_C,Odisha,Chennai,SAVINGS,1630,27,0.9999,1
ACC000373,R0071,Bank_E,Telangana,Hyderabad,SAVINGS,783,31,1.0,1
ACC000374,R0072,Bank_B,Tamil Nadu,Chennai,SAVINGS,546,9,0.9571,1
ACC000375,R0072,Bank_E,Tamil Nadu,Chennai,SAVINGS,372,4,0.7534,1
ACC000376,R0072,Bank_C,Tamil Nadu,Chennai,SAVINGS,97,11,0.9787,1
ACC000377,R0072,Bank_D,Tamil Nadu,Chennai,SAVINGS,1316,12,0.985,1
ACC000378,R0072,Bank_D,Tamil Nadu,Chennai,SAVINGS,1497,12,0.985,1
ACC000379,R0072,Bank_E,Tamil Nadu,Chennai,CURRENT,1628,9,0.9571,1
ACC000380,R0072,Bank_C,Tamil Nadu,Chennai,SAVINGS,1622,10,0.9698,1
ACC000381,R0072,Bank_B,Tamil Nadu,Chennai,SAVINGS,1819,12,0.985,1
ACC000382,R0072,Bank_C,Tamil Nadu,Chennai,SAVINGS,602,6,0.8775,1
ACC000383,R0072,Bank_B,Tamil Nadu,Chennai,SAVINGS,958,8,0.9392,1
ACC000384,R0072,Bank_B,Tamil Nadu,Chennai,SAVINGS,1297,8,0.9392,1
ACC000385,R0072,Bank_D,Tamil Nadu,Chennai,SAVINGS,834,7,0.9137,1
ACC000386,R0072,Bank_C,Tamil Nadu,Chennai,SAVINGS,712,12,0.985,1
ACC000387,R0072,Bank_A,Telangana,Hyderabad,SAVINGS,1647,10,0.9698,1
ACC000388,R0072,Bank_B,Tamil Nadu,Chennai,SAVINGS,705,10,0.9698,1
ACC000389,R0072,Bank_E,Tamil Nadu,Chennai,SAVINGS,908,8,0.9392,1
ACC000390,R0072,Bank_D,Tamil Nadu,Chennai,SAVINGS,1370,13,0.9894,1
ACC000391,R0072,Bank_E,Tamil Nadu,Chennai,SAVINGS,269,9,0.9571,1
ACC000392,R0073,Bank_A,Telangana,Hyderabad,SAVINGS,364,18,0.9982,1
ACC000393,R0073,Bank_C,Telangana,Hyderabad,SAVINGS,1210,20,0.9991,1
ACC000394,R0073,Bank_B,Telangana,Hyderabad,CURRENT,247,20,0.9991,1
ACC000395,R0074,Bank_D,Telangana,Hyderabad,CURRENT,203,24,0.9998,1
ACC000396,R0074,Bank_D,Kerala,Lucknow,SAVINGS,968,26,0.9999,1
ACC000397,R0074,Bank_D,Maharashtra,Pune,SAVINGS,1430,26,0.9999,1
ACC000398,R0075,Bank_C,Telangana,Hyderabad,SAVINGS,1178,9,0.9571,1
ACC000399,R0075,Bank_E,Bihar,Patna,SAVINGS,544,10,0.9698,1
ACC000400,R0075,Bank_D,Andhra Pradesh,Bengaluru,SAVINGS,1923,9,0.9571,1
ACC000401,R0075,Bank_A,Bihar,Patna,SAVINGS,569,13,0.9894,1
ACC000402,R0075,Bank_D,Bihar,Patna,SAVINGS,1136,10,0.9698,1
ACC000403,R0075,Bank_C,Bihar,Patna,CURRENT,2035,13,0.9894,1
ACC000404,R0075,Bank_D,Bihar,Patna,SAVINGS,2012,9,0.9571,1
ACC000405,R0075,Bank_B,Bihar,Patna,SAVINGS,296,14,0.9926,1
ACC000406,R0075,Bank_E,Bihar,Patna,SAVINGS,284,11,0.9787,1
ACC000407,R0075,Bank_B,Telangana,Hyderabad,SAVINGS,215,10,0.9698,1
ACC000408,R0075,Bank_D,Bihar,Patna,SAVINGS,440,14,0.9926,1
ACC000409,R0075,Bank_B,Bihar,Patna,SAVINGS,1501,11,0.9787,1
ACC000410,R0075,Bank_E,Telangana,Hyderabad,SAVINGS,257,10,0.9698,1
ACC000411,R0075,Bank_B,Bihar,Patna,SAVINGS,357,10,0.9698,1
ACC000412,R0075,Bank_C,Bihar,Patna,SAVINGS,565,12,0.985,1
ACC000413,R0075,Bank_A,Telangana,Hyderabad,SAVINGS,1499,11,0.9787,1
ACC000414,R0075,Bank_D,Bihar,Patna,SAVINGS,1826,13,0.9894,1
ACC000415,R0075,Bank_B,Bihar,Patna,SAVINGS,1642,10,0.9698,1
ACC000416,R0076,Bank_E,Maharashtra,Mumbai,SAVINGS,1809,30,1.0,1
ACC000417,R0076,Bank_C,Maharashtra,Pune,SAVINGS,1816,32,1.0,1
ACC000418,R0076,Bank_D,Maharashtra,Pune,SAVINGS,1825,29,1.0,1
ACC000419,R0077,Bank_A,Maharashtra,Mumbai,SAVINGS,1179,24,0.9998,1
ACC000420,R0077,Bank_B,Maharashtra,Mumbai,SAVINGS,1957,23,0.9997,1
ACC000421,R0077,Bank_D,Telangana,Hyderabad,SAVINGS,2086,25,0.9998,1
ACC000422,R0077,Bank_B,Maharashtra,Pune,SAVINGS,777,23,0.9997,1
ACC000423,R0078,Bank_D,Telangana,Hyderabad,SAVINGS,1870,31,1.0,1
ACC000424,R0078,Bank_E,Telangana,Hyderabad,SAVINGS,837,33,1.0,1
ACC000425,R0078,Bank_A,Telangana,Hyderabad,CURRENT,292,35,1.0,1
ACC000426,R0079,Bank_D,Telangana,Hyderabad,SAVINGS,526,27,0.9999,1
ACC000427,R0079,Bank_E,Telangana,Hyderabad,CURRENT,395,26,0.9999,1
ACC000428,R0079,Bank_C,Telangana,Hyderabad,SAVINGS,462,28,0.9999,1
ACC000429,R0079,Bank_E,Telangana,Hyderabad,SAVINGS,1340,27,0.9999,1
ACC000430,R0080,Bank_D,Telangana,Hyderabad,SAVINGS,514,26,0.9999,1
ACC000431,R0080,Bank_C,Telangana,Hyderabad,CURRENT,709,26,0.9999,1
ACC000432,R0080,Bank_B,Telangana,Hyderabad,SAVINGS,323,28,0.9999,1
ACC000433,R0081,Bank_D,Telangana,Hyderabad,CURRENT,35,31,1.0,1
ACC000434,R0081,Bank_E,Telangana,Hyderabad,SAVINGS,1703,29,1.0,1
ACC000435,R0081,Bank_B,Telangana,Hyderabad,SAVINGS,672,32,1.0,1
ACC000436,R0082,Bank_D,Tamil Nadu,Chennai,SAVINGS,1760,17,0.9974,1
ACC000437,R0082,Bank_E,Telangana,Hyderabad,CURRENT,292,19,0.9987,1
ACC000438,R0082,Bank_C,Tamil Nadu,Chennai,SAVINGS,1365,16,0.9963,1
ACC000439,R0082,Bank_B,Tamil Nadu,Chennai,SAVINGS,128,17,0.9974,1
ACC000440,R0082,Bank_E,Telangana,Hyderabad,SAVINGS,1565,14,0.9926,1
ACC000441,R0082,Bank_D,Tamil Nadu,Chennai,SAVINGS,1501,18,0.9982,1
ACC000442,R0083,Bank_B,Telangana,Hyderabad,SAVINGS,1679,21,0.9994,1
ACC000443,R0083,Bank_D,Telangana,Hyderabad,SAVINGS,2021,22,0.9995,1
ACC000444,R0083,Bank_B,Telangana,Hyderabad,SAVINGS,1506,23,0.9997,1
ACC000445,R0083,Bank_A,Telangana,Hyderabad,SAVINGS,1615,20,0.9991,1
ACC000446,R0083,Bank_E,Telangana,Hyderabad,SAVINGS,1525,24,0.9998,1
ACC000447,R0084,Bank_C,Odisha,Mumbai,SAVINGS,2191,18,0.9982,1
ACC000448,R0084,Bank_A,Bihar,Patna,SAVINGS,1619,20,0.9991,1
ACC000449,R0084,Bank_B,Bihar,Patna,SAVINGS,11,19,0.9987,1
ACC000450,R0084,Bank_B,Bihar,Patna,SAVINGS,417,16,0.9963,1
ACC000451,R0084,Bank_D,Bihar,Patna,SAVINGS,2016,21,0.9994,1
ACC000452,R0084,Bank_E,Bihar,Patna,CURRENT,322,22,0.9995,1
ACC000453,R0084,Bank_B,Bihar,Patna,SAVINGS,220,20,0.9991,1
ACC000454,R0084,Bank_B,Bihar,Patna,SAVINGS,2170,15,0.9948,1
ACC000455,R0085,Bank_A,Andhra Pradesh,Ahmedabad,CURRENT,1673,17,0.9974,1
ACC000456,R0085,Bank_E,Andhra Pradesh,Delhi,SAVINGS,186,19,0.9987,1
ACC000457,R0085,Bank_E,Andhra Pradesh,Pune,SAVINGS,646,19,0.9987,1
ACC000458,R0086,Bank_A,Bihar,Patna,SAVINGS,572,30,1.0,1
ACC000459,R0086,Bank_C,Bihar,Patna,CURRENT,1186,30,1.0,1
ACC000460,R0086,Bank_D,Telangana,Hyderabad,CURRENT,1867,30,1.0,1
ACC000461,R0087,Bank_C,Telangana,Hyderabad,SAVINGS,391,19,0.9987,1
ACC000462,R0087,Bank_D,Telangana,Hyderabad,SAVINGS,566,19,0.9987,1
ACC000463,R0087,Bank_B,Telangana,Hyderabad,SAVINGS,1840,17,0.9974,1
ACC000464,R0088,Bank_B,Telangana,Hyderabad,SAVINGS,767,30,1.0,1
ACC000465,R0088,Bank_C,Telangana,Hyderabad,SAVINGS,812,32,1.0,1
ACC000466,R0088,Bank_A,Telangana,Hyderabad,CURRENT,539,31,1.0,1
ACC000467,R0088,Bank_B,Telangana,Hyderabad,CURRENT,2082,28,0.9999,1
ACC000468,R0088,Bank_B,Maharashtra,Pune,SAVINGS,766,30,1.0,1
ACC000469,R0089,Bank_D,Bihar,Patna,SAVINGS,91,29,1.0,1
ACC000470,R0089,Bank_A,Bihar,Patna,SAVINGS,104,29,1.0,1
ACC000471,R0089,Bank_A,Bihar,Patna,SAVINGS,1054,30,1.0,1
ACC000472,R0090,Bank_B,Telangana,Hyderabad,CURRENT,316,24,0.9998,1
ACC000473,R0090,Bank_C,Telangana,Hyderabad,SAVINGS,1552,24,0.9998,1
ACC000474,R0090,Bank_E,Telangana,Hyderabad,SAVINGS,240,24,0.9998,1
ACC000475,R0091,Bank_E,Bihar,Patna,SAVINGS,1408,16,0.9963,1
ACC000476,R0091,Bank_A,Bihar,Patna,SAVINGS,959,15,0.9948,1
ACC000477,R0091,Bank_C,Bihar,Patna,SAVINGS,1086,19,0.9987,1
ACC000478,R0091,Bank_E,Bihar,Patna,SAVINGS,1098,17,0.9974,1
ACC000479,R0092,Bank_B,Odisha,Hyderabad,SAVINGS,744,19,0.9987,1
ACC000480,R0092,Bank_A,Telangana,Hyderabad,SAVINGS,712,20,0.9991,1
ACC000481,R0092,Bank_A,Telangana,Hyderabad,SAVINGS,965,20,0.9991,1
ACC000482,R0093,Bank_B,Telangana,Hyderabad,SAVINGS,725,16,0.9963,1
ACC000483,R0093,Bank_A,Telangana,Hyderabad,SAVINGS,1215,17,0.9974,1
ACC000484,R0093,Bank_D,Tamil Nadu,Chennai,SAVINGS,1278,17,0.9974,1
ACC000485,R0094,Bank_A,Odisha,Delhi,SAVINGS,779,6,0.8775,1
ACC000486,R0094,Bank_E,Odisha,Kolkata,SAVINGS,421,3,0.6501,1
ACC000487,R0094,Bank_B,Bihar,Patna,SAVINGS,998,8,0.9392,1
ACC000488,R0094,Bank_D,Telangana,Hyderabad,SAVINGS,1959,6,0.8775,1
ACC000489,R0094,Bank_B,Odisha,Mumbai,SAVINGS,1095,5,0.8262,1
ACC000490,R0094,Bank_C,Odisha,Kolkata,SAVINGS,391,3,0.6501,1
ACC000491,R0094,Bank_E,Odisha,Ahmedabad,SAVINGS,1316,4,0.7534,1
ACC000492,R0094,Bank_B,Odisha,Ahmedabad,SAVINGS,881,6,0.8775,1
ACC000493,R0094,Bank_E,Odisha,Pune,SAVINGS,1882,7,0.9137,1
ACC000494,R0094,Bank_C,Odisha,Hyderabad,SAVINGS,1452,9,0.9571,1
ACC000495,R0094,Bank_A,Odisha,Patna,SAVINGS,1907,8,0.9392,1
ACC000496,R0094,Bank_E,Telangana,Hyderabad,SAVINGS,1212,6,0.8775,1
ACC000497,R0094,Bank_B,Telangana,Hyderabad,SAVINGS,1540,7,0.9137,1
ACC000498,R0094,Bank_D,Andhra Pradesh,Delhi,SAVINGS,1608,9,0.9571,1
ACC000499,R0094,Bank_C,Odisha,Pune,SAVINGS,1837,6,0.8775,1
ACC000500,R0094,Bank_E,Odisha,Chennai,SAVINGS,912,6,0.8775,1
ACC000501,R0094,Bank_D,Odisha,Chennai,SAVINGS,1452,7,0.9137,1
ACC000502,R0094,Bank_C,Odisha,Chennai,SAVINGS,1362,7,0.9137,1
ACC000503,R0095,Bank_B,Odisha,Delhi,SAVINGS,347,33,1.0,1
ACC000504,R0095,Bank_A,Maharashtra,Pune,CURRENT,947,32,1.0,1
ACC000505,R0095,Bank_C,Maharashtra,Pune,CURRENT,552,33,1.0,1
ACC000506,R0096,Bank_C,Telangana,Hyderabad,SAVINGS,1315,19,0.9987,1
ACC000507,R0096,Bank_E,Telangana,Hyderabad,SAVINGS,807,19,0.9987,1
ACC000508,R0096,Bank_D,Odisha,Mumbai,SAVINGS,2064,18,0.9982,1
ACC000509,R0097,Bank_D,Odisha,Lucknow,CURRENT,1723,28,0.9999,1
ACC000510,R0097,Bank_B,Telangana,Hyderabad,SAVINGS,998,27,0.9999,1
ACC000511,R0097,Bank_B,Andhra Pradesh,Hyderabad,SAVINGS,164,29,1.0,1
ACC000512,R0097,Bank_E,Odisha,Kolkata,CURRENT,971,30,1.0,1
ACC000513,R0097,Bank_C,Odisha,Jaipur,SAVINGS,1518,25,0.9998,1
ACC000514,R0098,Bank_C,Telangana,Hyderabad,SAVINGS,488,19,0.9987,1
ACC000515,R0098,Bank_D,Bihar,Patna,SAVINGS,653,18,0.9982,1
ACC000516,R0098,Bank_C,Bihar,Patna,SAVINGS,818,19,0.9987,1
ACC000517,R0099,Bank_A,Tamil Nadu,Chennai,SAVINGS,1348,17,0.9974,1
ACC000518,R0099,Bank_D,Bihar,Patna,SAVINGS,950,17,0.9974,1
ACC000519,R0099,Bank_E,Bihar,Patna,CURRENT,1329,17,0.9974,1
ACC000520,R0099,Bank_D,Telangana,Hyderabad,SAVINGS,2016,16,0.9963,1
ACC000521,R0099,Bank_D,Bihar,Patna,SAVINGS,1166,18,0.9982,1
ACC000522,R0099,Bank_C,Bihar,Patna,SAVINGS,2181,16,0.9963,1
ACC000523,R0100,Bank_C,Telangana,Hyderabad,SAVINGS,67,15,0.9948,1
ACC000524,R0100,Bank_C,Telangana,Hyderabad,SAVINGS,1340,17,0.9974,1
ACC000525,R0100,Bank_B,Telangana,Hyderabad,SAVINGS,757,17,0.9974,1
ACC000526,R0101,Bank_E,Telangana,Hyderabad,CURRENT,363,17,0.9974,1
ACC000527,R0101,Bank_A,Telangana,Hyderabad,SAVINGS,333,17,0.9974,1
ACC000528,R0101,Bank_C,Telangana,Hyderabad,SAVINGS,1183,17,0.9974,1
ACC000529,R0102,Bank_E,Telangana,Hyderabad,CURRENT,1955,14,0.9926,1
ACC000530,R0102,Bank_A,Telangana,Hyderabad,SAVINGS,1248,13,0.9894,1
ACC000531,R0102,Bank_E,Telangana,Hyderabad,SAVINGS,520,13,0.9894,1
ACC000532,R0102,Bank_B,Telangana,Hyderabad,SAVINGS,317,11,0.9787,1
ACC000533,R0103,Bank_D,Maharashtra,Pune,SAVINGS,889,19,0.9987,1
ACC000534,R0103,Bank_E,Maharashtra,Mumbai,SAVINGS,259,20,0.9991,1
ACC000535,R0103,Bank_B,Maharashtra,Mumbai,SAVINGS,1775,19,0.9987,1
ACC000536,R0104,Bank_B,Telangana,Hyderabad,CURRENT,969,25,0.9998,1
ACC000537,R0104,Bank_E,Telangana,Hyderabad,SAVINGS,491,26,0.9999,1
ACC000538,R0104,Bank_A,Andhra Pradesh,Chennai,SAVINGS,561,23,0.9997,1
ACC000539,R0105,Bank_B,Telangana,Hyderabad,SAVINGS,1268,17,0.9974,1
ACC000540,R0105,Bank_D,Telangana,Hyderabad,SAVINGS,632,16,0.9963,1
ACC000541,R0105,Bank_E,Telangana,Hyderabad,SAVINGS,333,15,0.9948,1
ACC000542,R0105,Bank_E,Telangana,Hyderabad,CURRENT,464,18,0.9982,1
ACC000543,R0106,Bank_D,Telangana,Hyderabad,SAVINGS,1704,26,0.9999,1
ACC000544,R0106,Bank_C,Telangana,Hyderabad,CURRENT,170,24,0.9998,1
ACC000545,R0106,Bank_B,Telangana,Hyderabad,SAVINGS,259,24,0.9998,1
ACC000546,R0106,Bank_E,Telangana,Hyderabad,SAVINGS,619,25,0.9998,1
ACC000547,R0107,Bank_C,Maharashtra,Mumbai,SAVINGS,454,11,0.9787,1
ACC000548,R0107,Bank_E,Telangana,Hyderabad,SAVINGS,923,11,0.9787,1
ACC000549,R0107,Bank_C,Bihar,Patna,CURRENT,1959,10,0.9698,1
ACC000550,R0108,Bank_B,Maharashtra,Mumbai,SAVINGS,245,21,0.9994,1
ACC000551,R0108,Bank_A,Maharashtra,Pune,SAVINGS,767,23,0.9997,1
ACC000552,R0108,Bank_B,Telangana,Hyderabad,SAVINGS,619,21,0.9994,1
ACC000553,R0108,Bank_D,Maharashtra,Mumbai,SAVINGS,1603,18,0.9982,1
ACC000554,R0108,Bank_B,Maharashtra,Mumbai,SAVINGS,2095,22,0.9995,1
ACC000555,R0109,Bank_D,Bihar,Patna,SAVINGS,1198,26,0.9999,1
ACC000556,R0109,Bank_C,Tamil Nadu,Chennai,SAVINGS,64,27,0.9999,1
ACC000557,R0109,Bank_C,Bihar,Patna,SAVINGS,1267,26,0.9999,1
ACC000558,R0109,Bank_D,Bihar,Patna,SAVINGS,735,25,0.9998,1
ACC000559,R0110,Bank_E,Telangana,Hyderabad,SAVINGS,2183,15,0.9948,1
ACC000560,R0110,Bank_C,Telangana,Hyderabad,SAVINGS,1765,14,0.9926,1
ACC000561,R0110,Bank_D,Telangana,Hyderabad,SAVINGS,1873,21,0.9994,1
ACC000562,R0110,Bank_E,Telangana,Hyderabad,SAVINGS,2116,16,0.9963,1
ACC000563,R0110,Bank_C,Telangana,Hyderabad,SAVINGS,2060,15,0.9948,1
ACC000564,R0111,Bank_D,Maharashtra,Mumbai,SAVINGS,1423,13,0.9894,1
ACC000565,R0111,Bank_B,Telangana,Hyderabad,SAVINGS,41,13,0.9894,1
ACC000566,R0111,Bank_A,Telangana,Hyderabad,CURRENT,1681,11,0.9787,1
ACC000567,R0111,Bank_B,Telangana,Hyderabad,SAVINGS,1668,10,0.9698,1
ACC000568,R0112,Bank_A,Kerala,Hyderabad,SAVINGS,2041,13,0.9894,1
ACC000569,R0112,Bank_E,Kerala,Pune,SAVINGS,696,16,0.9963,1
ACC000570,R0112,Bank_B,Kerala,Delhi,SAVINGS,748,17,0.9974,1
ACC000571,R0112,Bank_D,Kerala,Bengaluru,CURRENT,887,14,0.9926,1
ACC000572,R0112,Bank_D,Telangana,Hyderabad,SAVINGS,1364,15,0.9948,1
ACC000573,R0112,Bank_A,Telangana,Hyderabad,CURRENT,622,14,0.9926,1
ACC000574,R0113,Bank_E,Telangana,Hyderabad,SAVINGS,1369,17,0.9974,1
ACC000575,R0113,Bank_E,Maharashtra,Pune,SAVINGS,346,18,0.9982,1
ACC000576,R0113,Bank_D,Maharashtra,Mumbai,SAVINGS,1422,18,0.9982,1
ACC000577,R0114,Bank_C,Telangana,Hyderabad,SAVINGS,608,21,0.9994,1
ACC000578,R0114,Bank_A,Telangana,Hyderabad,SAVINGS,1360,20,0.9991,1
ACC000579,R0114,Bank_E,Telangana,Hyderabad,SAVINGS,495,22,0.9995,1
ACC000580,R0115,Bank_A,Bihar,Patna,SAVINGS,1762,15,0.9948,1
ACC000581,R0115,Bank_E,Telangana,Hyderabad,SAVINGS,1210,14,0.9926,1
ACC000582,R0115,Bank_D,Bihar,Patna,SAVINGS,1768,15,0.9948,1
ACC000583,R0116,Bank_E,Telangana,Hyderabad,SAVINGS,635,13,0.9894,1
ACC000584,R0116,Bank_B,Telangana,Hyderabad,SAVINGS,1675,12,0.985,1
ACC000585,R0116,Bank_D,Telangana,Hyderabad,SAVINGS,1136,12,0.985,1
ACC000586,R0116,Bank_D,Telangana,Hyderabad,SAVINGS,829,12,0.985,1
ACC000587,R0117,Bank_D,Telangana,Hyderabad,SAVINGS,2063,14,0.9926,1
ACC000588,R0117,Bank_B,Telangana,Hyderabad,SAVINGS,840,14,0.9926,1
ACC000589,R0117,Bank_E,Telangana,Hyderabad,SAVINGS,44,19,0.9987,1
ACC000590,R0117,Bank_C,Telangana,Hyderabad,SAVINGS,492,18,0.9982,1
ACC000591,R0117,Bank_E,Telangana,Hyderabad,SAVINGS,372,17,0.9974,1
ACC000592,R0118,Bank_D,Telangana,Hyderabad,SAVINGS,1283,24,0.9998,1
ACC000593,R0118,Bank_E,Telangana,Hyderabad,CURRENT,324,24,0.9998,1
ACC000594,R0118,Bank_A,Telangana,Hyderabad,CURRENT,1034,24,0.9998,1
ACC000595,R0119,Bank_D,Tamil Nadu,Chennai,CURRENT,1828,16,0.9963,1
ACC000596,R0119,Bank_E,Tamil Nadu,Chennai,SAVINGS,1068,16,0.9963,1
ACC000597,R0119,Bank_C,Tamil Nadu,Chennai,SAVINGS,1636,17,0.9974,1
ACC000598,R0120,Bank_B,Telangana,Hyderabad,SAVINGS,1670,17,0.9974,1
ACC000599,R0120,Bank_D,Telangana,Hyderabad,SAVINGS,221,18,0.9982,1
ACC000600,R0120,Bank_E,Telangana,Hyderabad,SAVINGS,75,17,0.9974,1
ACC000601,R0121,Bank_C,Telangana,Hyderabad,SAVINGS,2026,8,0.9392,1
ACC000602,R0121,Bank_C,Telangana,Hyderabad,SAVINGS,1903,5,0.8262,1
ACC000603,R0121,Bank_E,Telangana,Hyderabad,SAVINGS,699,5,0.8262,1
ACC000604,R0121,Bank_C,Telangana,Hyderabad,SAVINGS,218,5,0.8262,1
ACC000605,R0121,Bank_E,Telangana,Hyderabad,SAVINGS,1550,7,0.9137,1
ACC000606,R0121,Bank_A,Telangana,Hyderabad,SAVINGS,645,3,0.6501,1
ACC000607,R0121,Bank_D,Telangana,Hyderabad,SAVINGS,2040,2,0.5034,1
ACC000608,R0121,Bank_A,Telangana,Hyderabad,SAVINGS,476,6,0.8775,1
ACC000609,R0121,Bank_E,Telangana,Hyderabad,CURRENT,1885,6,0.8775,1
ACC000610,R0122,Bank_B,Telangana,Hyderabad,SAVINGS,451,16,0.9963,1
ACC000611,R0122,Bank_E,Bihar,Patna,SAVINGS,1167,18,0.9982,1
ACC000612,R0122,Bank_A,Telangana,Hyderabad,SAVINGS,745,17,0.9974,1
ACC000613,R0123,Bank_A,Bihar,Patna,CURRENT,1264,14,0.9926,1
ACC000614,R0123,Bank_A,Bihar,Patna,SAVINGS,1380,14,0.9926,1
ACC000615,R0123,Bank_B,Bihar,Patna,SAVINGS,2128,14,0.9926,1
ACC000616,R0124,Bank_D,Tamil Nadu,Chennai,SAVINGS,488,15,0.9948,1
ACC000617,R0124,Bank_A,Tamil Nadu,Chennai,CURRENT,1041,15,0.9948,1
ACC000618,R0124,Bank_E,Tamil Nadu,Chennai,SAVINGS,26,15,0.9948,1
ACC000619,R0125,Bank_D,Andhra Pradesh,Delhi,SAVINGS,1578,26,0.9999,1
ACC000620,R0125,Bank_E,Andhra Pradesh,Patna,SAVINGS,1251,28,0.9999,1
ACC000621,R0125,Bank_B,Andhra Pradesh,Delhi,SAVINGS,1350,27,0.9999,1
ACC000622,R0126,Bank_C,Andhra Pradesh,Hyderabad,SAVINGS,1789,14,0.9926,1
ACC000623,R0126,Bank_C,Telangana,Hyderabad,SAVINGS,2156,15,0.9948,1
ACC000624,R0126,Bank_A,Telangana,Hyderabad,SAVINGS,566,15,0.9948,1
ACC000625,R0127,Bank_A,Odisha,Patna,SAVINGS,787,16,0.9963,1
ACC000626,R0127,Bank_C,Odisha,Delhi,SAVINGS,1447,19,0.9987,1
ACC000627,R0127,Bank_C,Odisha,Bengaluru,SAVINGS,1660,19,0.9987,1
ACC000628,R0127,Bank_E,Odisha,Ahmedabad,SAVINGS,1457,18,0.9982,1
ACC000629,R0128,Bank_B,Bihar,Patna,SAVINGS,402,14,0.9926,1
ACC000630,R0128,Bank_C,Bihar,Patna,CURRENT,414,16,0.9963,1
ACC000631,R0128,Bank_B,Tamil Nadu,Chennai,CURRENT,1631,15,0.9948,1
ACC000632,R0129,Bank_D,Bihar,Patna,SAVINGS,1624,15,0.9948,1
ACC000633,R0129,Bank_D,Chhattisgarh,Ahmedabad,SAVINGS,929,14,0.9926,1
ACC000634,R0129,Bank_C,Bihar,Patna,SAVINGS,1431,14,0.9926,1
ACC000635,R0130,Bank_B,Telangana,Hyderabad,SAVINGS,1607,11,0.9787,1
ACC000636,R0130,Bank_B,Telangana,Hyderabad,CURRENT,1191,14,0.9926,1
ACC000637,R0130,Bank_C,Telangana,Hyderabad,SAVINGS,231,10,0.9698,1
ACC000638,R0130,Bank_B,Telangana,Hyderabad,SAVINGS,717,10,0.9698,1
ACC000639,R0131,Bank_C,Bihar,Patna,SAVINGS,1452,12,0.985,1
ACC000640,R0131,Bank_D,Bihar,Patna,CURRENT,219,13,0.9894,1
ACC000641,R0131,Bank_C,Bihar,Patna,CURRENT,1145,13,0.9894,1
ACC000642,R0131,Bank_D,Bihar,Patna,SAVINGS,1105,14,0.9926,1
ACC000643,R0132,Bank_C,Telangana,Hyderabad,SAVINGS,1068,18,0.9982,1
ACC000644,R0132,Bank_C,Telangana,Hyderabad,SAVINGS,2192,17,0.9974,1
ACC000645,R0132,Bank_C,Telangana,Hyderabad,SAVINGS,1758,18,0.9982,1
ACC000646,R0132,Bank_A,Telangana,Hyderabad,SAVINGS,1127,18,0.9982,1
ACC000647,R0132,Bank_A,Telangana,Hyderabad,SAVINGS,1884,17,0.9974,1
ACC000648,R0132,Bank_A,Telangana,Hyderabad,SAVINGS,1168,18,0.9982,1
ACC000649,R0133,Bank_A,Telangana,Hyderabad,SAVINGS,1521,27,0.9999,1
ACC000650,R0133,Bank_C,Telangana,Hyderabad,SAVINGS,1187,26,0.9999,1
ACC000651,R0133,Bank_A,Telangana,Hyderabad,SAVINGS,23,27,0.9999,1
ACC000652,R0134,Bank_B,Odisha,Delhi,SAVINGS,1162,5,0.8262,1
ACC000653,R0134,Bank_D,Odisha,Lucknow,SAVINGS,52,5,0.8262,1
ACC000654,R0134,Bank_C,Odisha,Hyderabad,CURRENT,448,5,0.8262,1
ACC000655,R0134,Bank_B,Maharashtra,Pune,SAVINGS,1349,6,0.8775,1
ACC000656,R0134,Bank_D,Telangana,Hyderabad,SAVINGS,288,6,0.8775,1
ACC000657,R0134,Bank_C,Odisha,Bengaluru,SAVINGS,1438,6,0.8775,1
ACC000658,R0134,Bank_B,Odisha,Pune,SAVINGS,186,6,0.8775,1
ACC000659,R0134,Bank_C,Odisha,Patna,SAVINGS,2182,4,0.7534,1
ACC000660,R0134,Bank_E,Odisha,Chennai,SAVINGS,234,6,0.8775,1
ACC000661,R0134,Bank_E,Odisha,Mumbai,SAVINGS,72,9,0.9571,1
ACC000662,R0134,Bank_D,Delhi,Delhi,SAVINGS,1640,9,0.9571,1
ACC000663,R0134,Bank_B,Odisha,Delhi,SAVINGS,258,4,0.7534,1
ACC000664,R0135,Bank_B,Telangana,Hyderabad,CURRENT,1509,13,0.9894,1
ACC000665,R0135,Bank_C,Telangana,Hyderabad,SAVINGS,344,15,0.9948,1
ACC000666,R0135,Bank_E,Telangana,Hyderabad,SAVINGS,396,15,0.9948,1
ACC000667,R0135,Bank_D,Telangana,Hyderabad,CURRENT,81,14,0.9926,1
ACC000668,R0136,Bank_E,Andhra Pradesh,Jaipur,SAVINGS,1401,14,0.9926,1
ACC000669,R0136,Bank_D,Telangana,Hyderabad,SAVINGS,932,15,0.9948,1
ACC000670,R0136,Bank_B,Andhra Pradesh,Delhi,SAVINGS,755,14,0.9926,1
ACC000671,R0137,Bank_E,Telangana,Hyderabad,SAVINGS,76,12,0.985,1
ACC000672,R0137,Bank_C,Telangana,Hyderabad,SAVINGS,2110,12,0.985,1
ACC000673,R0137,Bank_E,Maharashtra,Pune,SAVINGS,709,11,0.9787,1
ACC000674,R0138,Bank_E,Maharashtra,Mumbai,SAVINGS,1886,17,0.9974,1
ACC000675,R0138,Bank_E,Telangana,Hyderabad,SAVINGS,788,16,0.9963,1
ACC000676,R0138,Bank_E,Telangana,Hyderabad,CURRENT,352,18,0.9982,1
ACC000677,R0139,Bank_A,Telangana,Hyderabad,SAVINGS,174,5,0.8262,1
ACC000678,R0139,Bank_B,Telangana,Hyderabad,SAVINGS,984,4,0.7534,1
ACC000679,R0139,Bank_E,Telangana,Hyderabad,SAVINGS,1043,4,0.7534,1
ACC000680,R0139,Bank_D,Telangana,Hyderabad,SAVINGS,36,4,0.7534,1
ACC000681,R0139,Bank_D,Telangana,Hyderabad,SAVINGS,2068,9,0.9571,1
ACC000682,R0139,Bank_B,Telangana,Hyderabad,SAVINGS,576,5,0.8262,1
ACC000683,R0139,Bank_D,Andhra Pradesh,Hyderabad,SAVINGS,54,3,0.6501,1
ACC000684,R0139,Bank_E,Telangana,Hyderabad,SAVINGS,100,5,0.8262,1
ACC000685,R0139,Bank_D,Telangana,Hyderabad,SAVINGS,715,5,0.8262,1
ACC000686,R0139,Bank_A,Telangana,Hyderabad,CURRENT,2072,4,0.7534,1
ACC000687,R0139,Bank_A,Bihar,Patna,CURRENT,1496,5,0.8262,1
ACC000688,R0139,Bank_A,Telangana,Hyderabad,SAVINGS,1286,5,0.8262,1
ACC000689,R0139,Bank_E,Telangana,Hyderabad,SAVINGS,193,5,0.8262,1
ACC000690,R0140,Bank_B,Bihar,Patna,CURRENT,534,13,0.9894,1
ACC000691,R0140,Bank_D,Maharashtra,Pune,SAVINGS,541,12,0.985,1
ACC000692,R0140,Bank_E,Bihar,Patna,CURRENT,1640,13,0.9894,1
ACC000693,R0141,Bank_A,Telangana,Hyderabad,SAVINGS,631,14,0.9926,1
ACC000694,R0141,Bank_E,Telangana,Hyderabad,SAVINGS,1303,13,0.9894,1
ACC000695,R0141,Bank_D,Telangana,Hyderabad,SAVINGS,1972,13,0.9894,1
ACC000696,R0142,Bank_A,Telangana,Hyderabad,SAVINGS,1854,19,0.9987,1
ACC000697,R0142,Bank_A,Maharashtra,Pune,SAVINGS,1188,19,0.9987,1
ACC000698,R0142,Bank_B,Telangana,Hyderabad,SAVINGS,1208,20,0.9991,1
ACC000699,R0143,Bank_C,Telangana,Hyderabad,SAVINGS,1715,14,0.9926,1
ACC000700,R0143,Bank_D,Telangana,Hyderabad,SAVINGS,1992,14,0.9926,1
ACC000701,R0143,Bank_C,Odisha,Kolkata,SAVINGS,823,15,0.9948,1
ACC000702,R0144,Bank_E,Telangana,Hyderabad,SAVINGS,1181,12,0.985,1
ACC000703,R0144,Bank_B,Telangana,Hyderabad,SAVINGS,677,12,0.985,1
ACC000704,R0144,Bank_B,Telangana,Hyderabad,SAVINGS,1306,10,0.9698,1
ACC000705,R0145,Bank_E,Telangana,Hyderabad,SAVINGS,684,15,0.9948,1
ACC000706,R0145,Bank_A,Telangana,Hyderabad,SAVINGS,1252,15,0.9948,1
ACC000707,R0145,Bank_B,Maharashtra,Mumbai,SAVINGS,612,15,0.9948,1
ACC000708,R0146,Bank_D,Maharashtra,Mumbai,SAVINGS,54,13,0.9894,1
ACC000709,R0146,Bank_B,Telangana,Hyderabad,SAVINGS,1166,13,0.9894,1
ACC000710,R0146,Bank_A,Maharashtra,Pune,SAVINGS,1553,14,0.9926,1
ACC000711,R0147,Bank_E,Odisha,Lucknow,SAVINGS,341,13,0.9894,1
ACC000712,R0147,Bank_D,Odisha,Bengaluru,SAVINGS,214,13,0.9894,1
ACC000713,R0147,Bank_E,Odisha,Lucknow,SAVINGS,1095,13,0.9894,1
ACC000714,R0148,Bank_C,Telangana,Hyderabad,CURRENT,1015,9,0.9571,1
ACC000715,R0148,Bank_B,Telangana,Hyderabad,SAVINGS,1903,8,0.9392,1
ACC000716,R0148,Bank_D,Telangana,Hyderabad,SAVINGS,641,9,0.9571,1
ACC000717,R0148,Bank_B,Telangana,Hyderabad,CURRENT,2191,9,0.9571,1
ACC000718,R0149,Bank_B,Telangana,Hyderabad,SAVINGS,1885,13,0.9894,1
ACC000719,R0149,Bank_C,Andhra Pradesh,Ahmedabad,SAVINGS,27,13,0.9894,1
ACC000720,R0149,Bank_A,Telangana,Hyderabad,SAVINGS,852,12,0.985,1
ACC000721,R0150,Bank_C,Andhra Pradesh,Jaipur,SAVINGS,260,19,0.9987,1
ACC000722,R0150,Bank_C,Andhra Pradesh,Ahmedabad,SAVINGS,2156,18,0.9982,1
ACC000723,R0150,Bank_E,Andhra Pradesh,Delhi,SAVINGS,1872,18,0.9982,1
ACC000724,R0151,Bank_E,Telangana,Hyderabad,SAVINGS,1216,9,0.9571,1
ACC000725,R0151,Bank_D,Odisha,Kolkata,SAVINGS,260,10,0.9698,1
ACC000726,R0151,Bank_A,Telangana,Hyderabad,SAVINGS,229,9,0.9571,1
ACC000727,R0151,Bank_B,Telangana,Hyderabad,CURRENT,1507,8,0.9392,1
ACC000728,R0151,Bank_C,Telangana,Hyderabad,CURRENT,461,7,0.9137,1
ACC000729,R0152,Bank_B,Telangana,Hyderabad,SAVINGS,1046,13,0.9894,1
ACC000730,R0152,Bank_D,Telangana,Hyderabad,SAVINGS,1144,15,0.9948,1
ACC000731,R0152,Bank_D,Telangana,Hyderabad,CURRENT,2194,13,0.9894,1
ACC000732,R0152,Bank_B,Telangana,Hyderabad,SAVINGS,1244,14,0.9926,1
ACC000733,R0152,Bank_C,Andhra Pradesh,Ahmedabad,SAVINGS,674,14,0.9926,1
ACC000734,R0153,Bank_B,Bihar,Patna,SAVINGS,1808,4,0.7534,1
ACC000735,R0153,Bank_D,Bihar,Patna,SAVINGS,1494,5,0.8262,1
ACC000736,R0153,Bank_C,Telangana,Hyderabad,SAVINGS,1694,1,0.2953,0
ACC000737,R0153,Bank_A,Bihar,Patna,SAVINGS,1944,5,0.8262,1
ACC000738,R0153,Bank_A,Bihar,Patna,SAVINGS,453,6,0.8775,1
ACC000739,R0153,Bank_B,Bihar,Patna,SAVINGS,408,7,0.9137,1
ACC000740,R0153,Bank_B,Bihar,Patna,SAVINGS,2031,6,0.8775,1
ACC000741,R0153,Bank_E,Telangana,Hyderabad,SAVINGS,1887,6,0.8775,1
ACC000742,R0153,Bank_A,Bihar,Patna,CURRENT,1902,5,0.8262,1
ACC000743,R0153,Bank_E,Bihar,Patna,SAVINGS,717,8,0.9392,1
ACC000744,R0154,Bank_B,Telangana,Hyderabad,SAVINGS,481,12,0.985,1
ACC000745,R0154,Bank_D,Telangana,Hyderabad,SAVINGS,1374,12,0.985,1
ACC000746,R0154,Bank_A,Odisha,Chennai,SAVINGS,342,12,0.985,1
ACC000747,R0155,Bank_C,Bihar,Patna,SAVINGS,154,18,0.9982,1
ACC000748,R0155,Bank_D,Bihar,Patna,SAVINGS,281,16,0.9963,1
ACC000749,R0155,Bank_A,Bihar,Patna,SAVINGS,1261,17,0.9974,1
ACC000750,R0156,Bank_E,Telangana,Hyderabad,CURRENT,1215,7,0.9137,1
ACC000751,R0156,Bank_E,Telangana,Hyderabad,SAVINGS,1743,8,0.9392,1
ACC000752,R0156,Bank_E,Bihar,Patna,SAVINGS,642,4,0.7534,1
ACC000753,R0156,Bank_D,Telangana,Hyderabad,SAVINGS,238,7,0.9137,1
ACC000754,R0156,Bank_D,Odisha,Hyderabad,SAVINGS,354,9,0.9571,1
ACC000755,R0156,Bank_A,Telangana,Hyderabad,SAVINGS,1455,7,0.9137,1
ACC000756,R0156,Bank_D,Telangana,Hyderabad,SAVINGS,179,7,0.9137,1
ACC000757,R0156,Bank_B,Telangana,Hyderabad,SAVINGS,1624,8,0.9392,1
ACC000758,R0156,Bank_B,Odisha,Mumbai,CURRENT,1704,6,0.8775,1
ACC000759,R0156,Bank_D,Telangana,Hyderabad,SAVINGS,1750,6,0.8775,1
ACC000760,R0156,Bank_E,Telangana,Hyderabad,SAVINGS,378,7,0.9137,1
ACC000761,R0156,Bank_C,Telangana,Hyderabad,CURRENT,2156,7,0.9137,1
ACC000762,R0156,Bank_C,Telangana,Hyderabad,SAVINGS,1855,4,0.7534,1
ACC000763,R0156,Bank_B,Telangana,Hyderabad,SAVINGS,171,7,0.9137,1
ACC000764,R0157,Bank_A,Maharashtra,Mumbai,SAVINGS,434,13,0.9894,1
ACC000765,R0157,Bank_C,Maharashtra,Mumbai,SAVINGS,926,15,0.9948,1
ACC000766,R0157,Bank_D,Maharashtra,Mumbai,SAVINGS,163,16,0.9963,1
ACC000767,R0157,Bank_E,Maharashtra,Pune,SAVINGS,1705,15,0.9948,1
ACC000768,R0157,Bank_D,Maharashtra,Mumbai,SAVINGS,528,16,0.9963,1
ACC000769,R0157,Bank_B,Telangana,Hyderabad,SAVINGS,297,16,0.9963,1
ACC000770,R0158,Bank_C,Telangana,Hyderabad,SAVINGS,166,12,0.985,1
ACC000771,R0158,Bank_B,Telangana,Hyderabad,SAVINGS,1912,14,0.9926,1
ACC000772,R0158,Bank_A,Telangana,Hyderabad,SAVINGS,807,12,0.985,1
ACC000773,R0158,Bank_C,Telangana,Hyderabad,SAVINGS,919,15,0.9948,1
ACC000774,R0159,Bank_E,Telangana,Hyderabad,CURRENT,1121,5,0.8262,1
ACC000775,R0159,Bank_A,Telangana,Hyderabad,SAVINGS,1257,5,0.8262,1
ACC000776,R0159,Bank_B,Telangana,Hyderabad,SAVINGS,880,3,0.6501,1
ACC000777,R0159,Bank_D,Telangana,Hyderabad,SAVINGS,174,1,0.2953,0
ACC000778,R0159,Bank_D,Telangana,Hyderabad,SAVINGS,1445,4,0.7534,1
ACC000779,R0159,Bank_B,Telangana,Hyderabad,CURRENT,1291,3,0.6501,1
ACC000780,R0159,Bank_B,Telangana,Hyderabad,SAVINGS,309,3,0.6501,1
ACC000781,R0159,Bank_D,Telangana,Hyderabad,SAVINGS,610,1,0.2953,0
ACC000782,R0159,Bank_A,Maharashtra,Mumbai,SAVINGS,1497,4,0.7534,1
ACC000783,R0159,Bank_E,Tamil Nadu,Chennai,SAVINGS,702,4,0.7534,1
ACC000784,R0159,Bank_C,Telangana,Hyderabad,SAVINGS,1012,5,0.8262,1
ACC000785,R0159,Bank_C,Telangana,Hyderabad,SAVINGS,1903,4,0.7534,1
ACC000786,R0159,Bank_C,Tamil Nadu,Chennai,SAVINGS,1589,4,0.7534,1
ACC000787,R0159,Bank_C,Telangana,Hyderabad,SAVINGS,994,2,0.5034,1
ACC000788,R0159,Bank_B,Telangana,Hyderabad,SAVINGS,656,3,0.6501,1
ACC000789,R0159,Bank_C,Telangana,Hyderabad,SAVINGS,1726,3,0.6501,1
ACC000790,R0159,Bank_E,Telangana,Hyderabad,SAVINGS,1340,2,0.5034,1
ACC000791,R0159,Bank_D,Telangana,Hyderabad,SAVINGS,891,4,0.7534,1
ACC000792,R0160,Bank_A,Tamil Nadu,Chennai,SAVINGS,607,8,0.9392,1
ACC000793,R0160,Bank_B,Telangana,Hyderabad,SAVINGS,947,10,0.9698,1
ACC000794,R0160,Bank_B,Kerala,Pune,SAVINGS,284,9,0.9571,1
ACC000795,R0161,Bank_C,Bihar,Patna,SAVINGS,620,12,0.985,1
ACC000796,R0161,Bank_E,Bihar,Patna,SAVINGS,1707,12,0.985,1
ACC000797,R0161,Bank_B,Bihar,Patna,SAVINGS,530,11,0.9787,1
ACC000798,R0162,Bank_B,Telangana,Hyderabad,SAVINGS,1289,5,0.8262,1
ACC000799,R0162,Bank_C,Telangana,Hyderabad,SAVINGS,1500,4,0.7534,1
ACC000800,R0162,Bank_E,Telangana,Hyderabad,SAVINGS,1317,5,0.8262,1
ACC000801,R0163,Bank_E,Telangana,Hyderabad,SAVINGS,872,7,0.9137,1
ACC000802,R0163,Bank_B,Maharashtra,Pune,SAVINGS,1497,7,0.9137,1
ACC000803,R0163,Bank_D,Maharashtra,Pune,SAVINGS,1956,6,0.8775,1
ACC000804,R0163,Bank_E,Telangana,Hyderabad,SAVINGS,1933,7,0.9137,1
ACC000805,R0164,Bank_D,Bihar,Patna,SAVINGS,274,13,0.9894,1
ACC000806,R0164,Bank_B,Andhra Pradesh,Mumbai,SAVINGS,152,11,0.9787,1
ACC000807,R0164,Bank_A,Andhra Pradesh,Jaipur,CURRENT,903,11,0.9787,1
ACC000808,R0164,Bank_A,Andhra Pradesh,Ahmedabad,CURRENT,1457,12,0.985,1
ACC000809,R0164,Bank_B,Andhra Pradesh,Chennai,SAVINGS,1579,12,0.985,1
ACC000810,R0165,Bank_C,Telangana,Hyderabad,SAVINGS,1391,12,0.985,1
ACC000811,R0165,Bank_E,Telangana,Hyderabad,SAVINGS,1393,12,0.985,1
ACC000812,R0165,Bank_B,Telangana,Hyderabad,SAVINGS,1313,12,0.985,1
ACC000813,R0166,Bank_B,Telangana,Hyderabad,SAVINGS,1634,9,0.9571,1
ACC000814,R0166,Bank_E,Odisha,Lucknow,SAVINGS,957,5,0.8262,1
ACC000815,R0166,Bank_B,Odisha,Lucknow,SAVINGS,357,10,0.9698,1
ACC000816,R0166,Bank_C,Odisha,Mumbai,SAVINGS,760,10,0.9698,1
ACC000817,R0166,Bank_D,Odisha,Mumbai,SAVINGS,1370,8,0.9392,1
ACC000818,R0166,Bank_A,Odisha,Jaipur,CURRENT,2021,7,0.9137,1
ACC000819,R0166,Bank_D,Odisha,Kolkata,SAVINGS,1788,9,0.9571,1
ACC000820,R0167,Bank_D,Telangana,Hyderabad,SAVINGS,1396,17,0.9974,1
ACC000821,R0167,Bank_C,Telangana,Hyderabad,SAVINGS,25,18,0.9982,1
ACC000822,R0167,Bank_B,Telangana,Hyderabad,SAVINGS,499,17,0.9974,1
ACC000823,R0168,Bank_C,Telangana,Hyderabad,SAVINGS,1461,13,0.9894,1
ACC000824,R0168,Bank_D,Bihar,Patna,SAVINGS,1705,13,0.9894,1
ACC000825,R0168,Bank_B,Telangana,Hyderabad,SAVINGS,524,14,0.9926,1
ACC000826,R0169,Bank_A,Odisha,Jaipur,SAVINGS,1728,6,0.8775,1
ACC000827,R0169,Bank_B,Odisha,Chennai,CURRENT,1849,3,0.6501,1
ACC000828,R0169,Bank_D,Telangana,Hyderabad,SAVINGS,962,5,0.8262,1
ACC000829,R0169,Bank_C,Odisha,Jaipur,SAVINGS,1872,5,0.8262,1
ACC000830,R0170,Bank_E,Telangana,Hyderabad,CURRENT,1690,8,0.9392,1
ACC000831,R0170,Bank_A,Telangana,Hyderabad,SAVINGS,393,7,0.9137,1
ACC000832,R0170,Bank_B,Telangana,Hyderabad,CURRENT,1321,8,0.9392,1
ACC000833,R0171,Bank_D,Maharashtra,Mumbai,SAVINGS,273,13,0.9894,1
ACC000834,R0171,Bank_C,Maharashtra,Mumbai,SAVINGS,1123,18,0.9982,1
ACC000835,R0171,Bank_C,Maharashtra,Mumbai,SAVINGS,327,15,0.9948,1
ACC000836,R0171,Bank_B,Telangana,Hyderabad,SAVINGS,614,17,0.9974,1
ACC000837,R0171,Bank_B,Maharashtra,Mumbai,SAVINGS,2073,21,0.9994,1
ACC000838,R0171,Bank_A,Maharashtra,Pune,SAVINGS,776,19,0.9987,1
ACC000839,R0171,Bank_A,Maharashtra,Pune,SAVINGS,797,17,0.9974,1
ACC000840,R0172,Bank_A,Tamil Nadu,Chennai,SAVINGS,1800,3,0.6501,1
ACC000841,R0172,Bank_A,Odisha,Hyderabad,CURRENT,1226,3,0.6501,1
ACC000842,R0172,Bank_E,Telangana,Hyderabad,CURRENT,1897,3,0.6501,1
ACC000843,R0172,Bank_E,Telangana,Hyderabad,SAVINGS,1355,3,0.6501,1
ACC000844,R0172,Bank_C,Telangana,Hyderabad,SAVINGS,1126,4,0.7534,1
ACC000845,R0172,Bank_B,Bihar,Patna,SAVINGS,2059,2,0.5034,1
ACC000846,R0172,Bank_E,Telangana,Hyderabad,SAVINGS,1689,3,0.6501,1
ACC000847,R0172,Bank_C,Telangana,Hyderabad,SAVINGS,681,2,0.5034,1
ACC000848,R0172,Bank_C,Telangana,Hyderabad,SAVINGS,101,5,0.8262,1
ACC000849,R0172,Bank_C,Telangana,Hyderabad,CURRENT,2148,6,0.8775,1
ACC000850,R0172,Bank_B,Telangana,Hyderabad,SAVINGS,1056,6,0.8775,1
ACC000851,R0172,Bank_E,Telangana,Hyderabad,SAVINGS,507,5,0.8262,1
ACC000852,R0172,Bank_D,Telangana,Hyderabad,SAVINGS,2045,5,0.8262,1
ACC000853,R0172,Bank_D,Telangana,Hyderabad,CURRENT,1068,6,0.8775,1
ACC000854,R0172,Bank_D,Maharashtra,Mumbai,SAVINGS,1435,5,0.8262,1
ACC000855,R0172,Bank_B,Telangana,Hyderabad,SAVINGS,1163,6,0.8775,1
ACC000856,R0173,Bank_C,Telangana,Hyderabad,SAVINGS,1351,10,0.9698,1
ACC000857,R0173,Bank_B,Maharashtra,Pune,SAVINGS,281,10,0.9698,1
ACC000858,R0173,Bank_D,Maharashtra,Pune,CURRENT,2075,10,0.9698,1
ACC000859,R0174,Bank_A,Telangana,Hyderabad,SAVINGS,2137,14,0.9926,1
ACC000860,R0174,Bank_C,Telangana,Hyderabad,SAVINGS,545,13,0.9894,1
ACC000861,R0174,Bank_D,Telangana,Hyderabad,SAVINGS,1606,13,0.9894,1
ACC000862,R0175,Bank_C,Bihar,Patna,CURRENT,249,7,0.9137,1
ACC000863,R0175,Bank_E,Bihar,Patna,SAVINGS,466,7,0.9137,1
ACC000864,R0175,Bank_C,Bihar,Patna,SAVINGS,661,6,0.8775,1
ACC000865,R0175,Bank_C,Bihar,Patna,SAVINGS,741,6,0.8775,1
ACC000866,R0176,Bank_D,Andhra Pradesh,Patna,CURRENT,2005,15,0.9948,1
ACC000867,R0176,Bank_C,Andhra Pradesh,Kolkata,SAVINGS,745,15,0.9948,1
ACC000868,R0176,Bank_E,Andhra Pradesh,Bengaluru,SAVINGS,226,16,0.9963,1
ACC000869,R0177,Bank_B,Tamil Nadu,Chennai,SAVINGS,432,14,0.9926,1
ACC000870,R0177,Bank_B,Tamil Nadu,Chennai,CURRENT,899,15,0.9948,1
ACC000871,R0177,Bank_D,Tamil Nadu,Chennai,SAVINGS,413,15,0.9948,1
ACC000872,R0178,Bank_A,Uttar Pradesh,Lucknow,SAVINGS,680,13,0.9894,1
ACC000873,R0178,Bank_A,Uttar Pradesh,Lucknow,SAVINGS,1125,13,0.9894,1
ACC000874,R0178,Bank_A,Uttar Pradesh,Lucknow,CURRENT,1059,13,0.9894,1
ACC000875,R0179,Bank_B,Telangana,Hyderabad,SAVINGS,936,7,0.9137,1
ACC000876,R0179,Bank_B,Telangana,Hyderabad,SAVINGS,1291,7,0.9137,1
ACC000877,R0179,Bank_B,Telangana,Hyderabad,SAVINGS,118,6,0.8775,1
ACC000878,R0180,Bank_C,Telangana,Hyderabad,CURRENT,1817,11,0.9787,1
ACC000879,R0180,Bank_D,Odisha,Patna,SAVINGS,1636,12,0.985,1
ACC000880,R0180,Bank_A,Telangana,Hyderabad,SAVINGS,2133,12,0.985,1
ACC000881,R0181,Bank_E,Telangana,Hyderabad,SAVINGS,1885,15,0.9948,1
ACC000882,R0181,Bank_B,Telangana,Hyderabad,SAVINGS,1196,14,0.9926,1
ACC000883,R0181,Bank_E,Telangana,Hyderabad,SAVINGS,627,15,0.9948,1
ACC000884,R0182,Bank_E,Telangana,Hyderabad,SAVINGS,1659,11,0.9787,1
ACC000885,R0182,Bank_D,Telangana,Hyderabad,SAVINGS,92,10,0.9698,1
ACC000886,R0182,Bank_E,Telangana,Hyderabad,SAVINGS,841,11,0.9787,1
ACC000887,R0183,Bank_C,Telangana,Hyderabad,SAVINGS,1193,14,0.9926,1
ACC000888,R0183,Bank_A,Tamil Nadu,Chennai,SAVINGS,1749,14,0.9926,1
ACC000889,R0183,Bank_E,Andhra Pradesh,Kolkata,SAVINGS,1328,12,0.985,1
ACC000890,R0184,Bank_D,Maharashtra,Pune,SAVINGS,988,3,0.6501,1
ACC000891,R0184,Bank_D,Maharashtra,Mumbai,SAVINGS,1468,3,0.6501,1
ACC000892,R0184,Bank_B,Maharashtra,Pune,CURRENT,1562,5,0.8262,1
ACC000893,R0184,Bank_D,Maharashtra,Pune,SAVINGS,1649,1,0.2953,0
ACC000894,R0184,Bank_B,Maharashtra,Pune,SAVINGS,1171,2,0.5034,1
ACC000895,R0184,Bank_D,Maharashtra,Pune,CURRENT,1314,3,0.6501,1
ACC000896,R0184,Bank_B,Maharashtra,Pune,SAVINGS,78,1,0.2953,0
ACC000897,R0184,Bank_C,Maharashtra,Mumbai,CURRENT,2094,2,0.5034,1
ACC000898,R0184,Bank_D,Maharashtra,Mumbai,SAVINGS,1315,5,0.8262,1
ACC000899,R0184,Bank_C,Andhra Pradesh,Pune,SAVINGS,1503,5,0.8262,1
ACC000900,R0184,Bank_D,Maharashtra,Pune,CURRENT,451,2,0.5034,1
ACC000901,R0184,Bank_B,Maharashtra,Mumbai,SAVINGS,531,4,0.7534,1
ACC000902,R0184,Bank_B,Bihar,Patna,SAVINGS,2047,4,0.7534,1
ACC000903,R0184,Bank_B,Maharashtra,Mumbai,SAVINGS,270,3,0.6501,1
ACC000904,R0185,Bank_C,Telangana,Hyderabad,SAVINGS,1141,10,0.9698,1
ACC000905,R0185,Bank_D,Telangana,Hyderabad,SAVINGS,275,11,0.9787,1
ACC000906,R0185,Bank_C,Telangana,Hyderabad,SAVINGS,1665,11,0.9787,1
ACC000907,R0186,Bank_B,Odisha,Delhi,SAVINGS,1036,8,0.9392,1
ACC000908,R0186,Bank_A,Telangana,Hyderabad,SAVINGS,783,7,0.9137,1
ACC000909,R0186,Bank_A,Telangana,Hyderabad,SAVINGS,23,5,0.8262,1
ACC000910,R0186,Bank_D,Telangana,Hyderabad,SAVINGS,2041,6,0.8775,1
ACC000911,R0186,Bank_E,Telangana,Hyderabad,SAVINGS,1451,6,0.8775,1
ACC000912,R0186,Bank_C,Telangana,Hyderabad,SAVINGS,1827,7,0.9137,1
ACC000913,R0186,Bank_A,Telangana,Hyderabad,SAVINGS,292,7,0.9137,1
ACC000914,R0187,Bank_C,Odisha,Jaipur,SAVINGS,95,9,0.9571,1
ACC000915,R0187,Bank_D,Odisha,Kolkata,CURRENT,1171,10,0.9698,1
ACC000916,R0187,Bank_D,Odisha,Mumbai,SAVINGS,1413,10,0.9698,1
ACC000917,R0188,Bank_D,Bihar,Patna,SAVINGS,324,13,0.9894,1
ACC000918,R0188,Bank_D,Bihar,Patna,SAVINGS,823,12,0.985,1
ACC000919,R0188,Bank_D,Bihar,Patna,SAVINGS,2008,12,0.985,1
ACC000920,R0189,Bank_D,Telangana,Hyderabad,CURRENT,1672,8,0.9392,1
ACC000921,R0189,Bank_A,Telangana,Hyderabad,SAVINGS,77,9,0.9571,1
ACC000922,R0189,Bank_E,Telangana,Hyderabad,SAVINGS,1387,8,0.9392,1
ACC000923,R0190,Bank_B,Maharashtra,Pune,CURRENT,558,13,0.9894,1
ACC000924,R0190,Bank_A,Maharashtra,Mumbai,SAVINGS,1401,10,0.9698,1
ACC000925,R0190,Bank_C,Maharashtra,Pune,CURRENT,803,13,0.9894,1
ACC000926,R0191,Bank_A,Telangana,Hyderabad,SAVINGS,1035,4,0.7534,1
ACC000927,R0191,Bank_D,Telangana,Hyderabad,CURRENT,395,5,0.8262,1
ACC000928,R0191,Bank_D,Telangana,Hyderabad,SAVINGS,981,6,0.8775,1
ACC000929,R0192,Bank_B,Maharashtra,Mumbai,SAVINGS,310,9,0.9571,1
ACC000930,R0192,Bank_A,Telangana,Hyderabad,CURRENT,1793,9,0.9571,1
ACC000931,R0192,Bank_C,Maharashtra,Pune,SAVINGS,662,8,0.9392,1
ACC000932,R0193,Bank_A,Bihar,Patna,SAVINGS,1320,9,0.9571,1
ACC000933,R0193,Bank_A,Bihar,Patna,SAVINGS,2137,9,0.9571,1
ACC000934,R0193,Bank_E,Bihar,Patna,SAVINGS,640,9,0.9571,1
ACC000935,R0193,Bank_B,Bihar,Patna,SAVINGS,1459,8,0.9392,1
ACC000936,R0194,Bank_B,Telangana,Hyderabad,SAVINGS,2045,4,0.7534,1
ACC000937,R0194,Bank_E,Telangana,Hyderabad,SAVINGS,2052,5,0.8262,1
ACC000938,R0194,Bank_D,Telangana,Hyderabad,SAVINGS,435,6,0.8775,1
ACC000939,R0194,Bank_B,Bihar,Patna,SAVINGS,1899,4,0.7534,1
ACC000940,R0194,Bank_C,Telangana,Hyderabad,CURRENT,1492,8,0.9392,1
ACC000941,R0194,Bank_C,Telangana,Hyderabad,SAVINGS,720,4,0.7534,1
ACC000942,R0194,Bank_B,Telangana,Hyderabad,CURRENT,1255,6,0.8775,1
ACC000943,R0194,Bank_C,Telangana,Hyderabad,SAVINGS,944,6,0.8775,1
ACC000944,R0194,Bank_B,Telangana,Hyderabad,SAVINGS,1397,8,0.9392,1
ACC000945,R0194,Bank_E,Tamil Nadu,Chennai,SAVINGS,1174,7,0.9137,1
ACC000946,R0195,Bank_C,Telangana,Hyderabad,SAVINGS,1319,7,0.9137,1
ACC000947,R0195,Bank_C,Bihar,Patna,SAVINGS,1566,8,0.9392,1
ACC000948,R0195,Bank_E,Bihar,Patna,SAVINGS,506,8,0.9392,1
ACC000949,R0196,Bank_B,Bihar,Patna,SAVINGS,692,8,0.9392,1
ACC000950,R0196,Bank_E,Bihar,Patna,SAVINGS,1340,8,0.9392,1
ACC000951,R0196,Bank_D,Bihar,Patna,SAVINGS,675,6,0.8775,1
ACC000952,R0197,Bank_C,Telangana,Hyderabad,SAVINGS,1474,15,0.9948,1
ACC000953,R0197,Bank_A,Telangana,Hyderabad,SAVINGS,1242,16,0.9963,1
ACC000954,R0197,Bank_A,Telangana,Hyderabad,SAVINGS,832,14,0.9926,1
ACC000955,R0198,Bank_B,Telangana,Hyderabad,SAVINGS,410,10,0.9698,1
ACC000956,R0198,Bank_B,Telangana,Hyderabad,SAVINGS,642,10,0.9698,1
ACC000957,R0198,Bank_A,Telangana,Hyderabad,SAVINGS,301,9,0.9571,1
ACC000958,R0198,Bank_B,Telangana,Hyderabad,SAVINGS,1167,10,0.9698,1
ACC000959,R0199,Bank_B,Gujarat,Ahmedabad,CURRENT,1449,11,0.9787,1
ACC000960,R0199,Bank_D,Telangana,Hyderabad,SAVINGS,1212,10,0.9698,1
ACC000961,R0199,Bank_E,Gujarat,Ahmedabad,SAVINGS,1275,11,0.9787,1
ACC000962,R0200,Bank_A,Odisha,Lucknow,SAVINGS,1832,8,0.9392,1
ACC000963,R0200,Bank_A,Maharashtra,Mumbai,SAVINGS,1963,8,0.9392,1
ACC000964,R0200,Bank_A,Maharashtra,Mumbai,CURRENT,371,8,0.9392,1
ACC000965,R0200,Bank_D,Maharashtra,Pune,CURRENT,1880,9,0.9571,1
ACC000966,R0200,Bank_E,Maharashtra,Mumbai,SAVINGS,2111,9,0.9571,1
ACC000967,R0200,Bank_C,Maharashtra,Pune,CURRENT,1848,8,0.9392,1
ACC000968,R0201,Bank_D,Telangana,Hyderabad,SAVINGS,238,9,0.9571,1
ACC000969,R0201,Bank_A,Telangana,Hyderabad,CURRENT,225,9,0.9571,1
ACC000970,R0201,Bank_B,Telangana,Hyderabad,SAVINGS,160,8,0.9392,1
ACC000971,R0202,Bank_A,Telangana,Hyderabad,CURRENT,1501,10,0.9698,1
ACC000972,R0202,Bank_E,Bihar,Patna,SAVINGS,1472,12,0.985,1
ACC000973,R0202,Bank_D,Odisha,Delhi,SAVINGS,682,12,0.985,1
ACC000974,R0203,Bank_E,Telangana,Hyderabad,CURRENT,118,13,0.9894,1
ACC000975,R0203,Bank_E,Telangana,Hyderabad,SAVINGS,739,13,0.9894,1
ACC000976,R0203,Bank_D,Telangana,Hyderabad,SAVINGS,1650,12,0.985,1
ACC000977,R0203,Bank_C,Telangana,Hyderabad,SAVINGS,550,12,0.985,1
ACC000978,R0203,Bank_E,Telangana,Hyderabad,SAVINGS,1508,12,0.985,1
ACC000979,R0204,Bank_C,Bihar,Patna,SAVINGS,355,12,0.985,1
ACC000980,R0204,Bank_E,Bihar,Patna,SAVINGS,808,13,0.9894,1
ACC000981,R0204,Bank_A,Bihar,Patna,SAVINGS,1918,13,0.9894,1
ACC000982,R0205,Bank_E,Andhra Pradesh,Mumbai,CURRENT,1794,8,0.9392,1
ACC000983,R0205,Bank_B,Telangana,Hyderabad,SAVINGS,300,9,0.9571,1
ACC000984,R0205,Bank_D,Andhra Pradesh,Lucknow,SAVINGS,1337,8,0.9392,1
ACC000985,R0206,Bank_D,Maharashtra,Pune,SAVINGS,1245,8,0.9392,1
ACC000986,R0206,Bank_D,Maharashtra,Mumbai,CURRENT,814,10,0.9698,1
ACC000987,R0206,Bank_A,Telangana,Hyderabad,SAVINGS,1122,8,0.9392,1
ACC000988,R0206,Bank_C,Maharashtra,Pune,SAVINGS,452,7,0.9137,1
ACC000989,R0207,Bank_A,Bihar,Patna,SAVINGS,391,8,0.9392,1
ACC000990,R0207,Bank_D,Bihar,Patna,SAVINGS,553,6,0.8775,1
ACC000991,R0207,Bank_E,Bihar,Patna,SAVINGS,663,8,0.9392,1
ACC000992,R0208,Bank_E,Telangana,Hyderabad,CURRENT,1132,7,0.9137,1
ACC000993,R0208,Bank_E,Telangana,Hyderabad,SAVINGS,738,7,0.9137,1
ACC000994,R0208,Bank_A,Telangana,Hyderabad,SAVINGS,1957,7,0.9137,1
ACC000995,R0209,Bank_E,Bihar,Patna,CURRENT,1901,1,0.2953,0
ACC000996,R0209,Bank_D,Bihar,Patna,SAVINGS,1807,1,0.2953,0
ACC000997,R0209,Bank_E,Bihar,Patna,SAVINGS,562,1,0.2953,0
ACC000998,R0209,Bank_D,Bihar,Patna,SAVINGS,1618,3,0.6501,1
ACC000999,R0209,Bank_C,Bihar,Patna,CURRENT,1577,1,0.2953,0
ACC001000,R0209,Bank_C,Bihar,Patna,SAVINGS,643,1,0.2953,0
ACC001001,R0209,Bank_A,Bihar,Patna,SAVINGS,1056,1,0.2953,0
ACC001002,R0209,Bank_E,Bihar,Patna,SAVINGS,625,1,0.2953,0
ACC001003,R0209,Bank_D,Bihar,Patna,SAVINGS,2111,1,0.2953,0
ACC001004,R0209,Bank_C,Bihar,Patna,SAVINGS,356,1,0.2953,0
ACC001005,R0209,Bank_B,Bihar,Patna,SAVINGS,1143,1,0.2953,0
ACC001006,R0209,Bank_D,Andhra Pradesh,Ahmedabad,CURRENT,990,1,0.2953,0
ACC001007,R0209,Bank_C,Bihar,Patna,SAVINGS,1549,1,0.2953,0
ACC001008,R0209,Bank_A,Telangana,Hyderabad,SAVINGS,308,1,0.2953,0
ACC001009,R0209,Bank_D,Bihar,Patna,CURRENT,1252,1,0.2953,0
ACC001010,R0209,Bank_A,Bihar,Patna,SAVINGS,1231,1,0.2953,0
ACC001011,R0209,Bank_C,Telangana,Hyderabad,SAVINGS,1177,1,0.2953,0
ACC001012,R0209,Bank_C,Bihar,Patna,SAVINGS,690,2,0.5034,1
ACC001013,R0210,Bank_C,Telangana,Hyderabad,CURRENT,1412,7,0.9137,1
ACC001014,R0210,Bank_B,Telangana,Hyderabad,SAVINGS,509,7,0.9137,1
ACC001015,R0210,Bank_C,Telangana,Hyderabad,SAVINGS,2124,7,0.9137,1
ACC001016,R0211,Bank_E,Telangana,Hyderabad,SAVINGS,1042,7,0.9137,1
ACC001017,R0211,Bank_B,Telangana,Hyderabad,SAVINGS,1699,7,0.9137,1
ACC001018,R0211,Bank_D,Telangana,Hyderabad,SAVINGS,1832,8,0.9392,1
ACC001019,R0211,Bank_A,Telangana,Hyderabad,SAVINGS,196,7,0.9137,1
ACC001020,R0211,Bank_A,Telangana,Hyderabad,SAVINGS,184,5,0.8262,1
ACC001021,R0212,Bank_A,Telangana,Hyderabad,SAVINGS,310,9,0.9571,1
ACC001022,R0212,Bank_B,Telangana,Hyderabad,SAVINGS,861,9,0.9571,1
ACC001023,R0212,Bank_A,Telangana,Hyderabad,CURRENT,1500,8,0.9392,1
ACC001024,R0213,Bank_A,Kerala,Delhi,SAVINGS,1190,8,0.9392,1
ACC001025,R0213,Bank_D,Odisha,Kolkata,SAVINGS,893,6,0.8775,1
ACC001026,R0213,Bank_B,Telangana,Hyderabad,SAVINGS,1505,5,0.8262,1
ACC001027,R0213,Bank_E,Telangana,Hyderabad,SAVINGS,2060,8,0.9392,1
ACC001028,R0213,Bank_E,Telangana,Hyderabad,SAVINGS,1313,6,0.8775,1
ACC001029,R0213,Bank_D,Kerala,Kolkata,SAVINGS,1445,7,0.9137,1
ACC001030,R0214,Bank_E,Telangana,Hyderabad,SAVINGS,352,8,0.9392,1
ACC001031,R0214,Bank_C,Telangana,Hyderabad,CURRENT,1966,6,0.8775,1
ACC001032,R0214,Bank_A,Telangana,Hyderabad,CURRENT,1917,7,0.9137,1
ACC001033,R0214,Bank_B,Telangana,Hyderabad,CURRENT,390,7,0.9137,1
ACC001034,R0214,Bank_B,Telangana,Hyderabad,SAVINGS,55,8,0.9392,1
ACC001035,R0215,Bank_D,Telangana,Hyderabad,SAVINGS,22,5,0.8262,1
ACC001036,R0215,Bank_E,Uttar Pradesh,Lucknow,SAVINGS,870,2,0.5034,1
ACC001037,R0215,Bank_D,Telangana,Hyderabad,SAVINGS,955,3,0.6501,1
ACC001038,R0215,Bank_B,Telangana,Hyderabad,SAVINGS,70,5,0.8262,1
ACC001039,R0215,Bank_B,Telangana,Hyderabad,SAVINGS,1779,3,0.6501,1
ACC001040,R0215,Bank_E,Telangana,Hyderabad,SAVINGS,889,5,0.8262,1
ACC001041,R0215,Bank_D,Telangana,Hyderabad,SAVINGS,505,4,0.7534,1
ACC001042,R0215,Bank_A,Telangana,Hyderabad,CURRENT,120,5,0.8262,1
ACC001043,R0215,Bank_A,Telangana,Hyderabad,SAVINGS,1156,4,0.7534,1
ACC001044,R0215,Bank_A,Telangana,Hyderabad,SAVINGS,1884,2,0.5034,1
ACC001045,R0215,Bank_D,Telangana,Hyderabad,SAVINGS,192,6,0.8775,1
ACC001046,R0215,Bank_A,Telangana,Hyderabad,SAVINGS,538,4,0.7534,1
ACC001047,R0215,Bank_A,Telangana,Hyderabad,SAVINGS,265,5,0.8262,1
ACC001048,R0216,Bank_A,Odisha,Hyderabad,SAVINGS,847,6,0.8775,1
ACC001049,R0216,Bank_A,Telangana,Hyderabad,CURRENT,601,7,0.9137,1
ACC001050,R0216,Bank_E,Telangana,Hyderabad,CURRENT,15,6,0.8775,1
ACC001051,R0216,Bank_A,Telangana,Hyderabad,SAVINGS,1140,7,0.9137,1
ACC001052,R0217,Bank_B,Bihar,Patna,SAVINGS,1470,11,0.9787,1
ACC001053,R0217,Bank_A,Andhra Pradesh,Pune,SAVINGS,1514,11,0.9787,1
ACC001054,R0217,Bank_C,Bihar,Patna,SAVINGS,546,10,0.9698,1
ACC001055,R0218,Bank_B,Bihar,Patna,SAVINGS,1598,4,0.7534,1
ACC001056,R0218,Bank_B,Bihar,Patna,SAVINGS,2105,4,0.7534,1
ACC001057,R0218,Bank_D,Bihar,Patna,SAVINGS,424,4,0.7534,1
ACC001058,R0219,Bank_B,Telangana,Hyderabad,SAVINGS,1703,9,0.9571,1
ACC001059,R0219,Bank_D,Telangana,Hyderabad,SAVINGS,1772,8,0.9392,1
ACC001060,R0219,Bank_E,Telangana,Hyderabad,SAVINGS,935,8,0.9392,1
ACC001061,R0220,Bank_A,Tamil Nadu,Chennai,CURRENT,1519,7,0.9137,1
ACC001062,R0220,Bank_B,Tamil Nadu,Chennai,SAVINGS,1962,6,0.8775,1
ACC001063,R0220,Bank_E,Tamil Nadu,Chennai,SAVINGS,767,7,0.9137,1
ACC001064,R0221,Bank_C,Maharashtra,Pune,SAVINGS,1304,16,0.9963,1
ACC001065,R0221,Bank_E,Maharashtra,Mumbai,SAVINGS,1165,16,0.9963,1
ACC001066,R0221,Bank_A,Telangana,Hyderabad,SAVINGS,1585,15,0.9948,1
ACC001067,R0222,Bank_E,Telangana,Hyderabad,SAVINGS,436,4,0.7534,1
ACC001068,R0222,Bank_C,Telangana,Hyderabad,SAVINGS,1736,4,0.7534,1
ACC001069,R0222,Bank_A,Telangana,Hyderabad,CURRENT,1117,4,0.7534,1
ACC001070,R0223,Bank_B,Telangana,Hyderabad,SAVINGS,876,10,0.9698,1
ACC001071,R0223,Bank_C,Telangana,Hyderabad,CURRENT,80,10,0.9698,1
ACC001072,R0223,Bank_E,Telangana,Hyderabad,SAVINGS,552,8,0.9392,1
ACC001073,R0224,Bank_C,Telangana,Hyderabad,SAVINGS,983,9,0.9571,1
ACC001074,R0224,Bank_C,Telangana,Hyderabad,SAVINGS,1126,9,0.9571,1
ACC001075,R0224,Bank_B,Telangana,Hyderabad,SAVINGS,1000,9,0.9571,1
ACC001076,R0225,Bank_E,Maharashtra,Pune,SAVINGS,221,8,0.9392,1
ACC001077,R0225,Bank_C,Maharashtra,Mumbai,CURRENT,1249,8,0.9392,1
ACC001078,R0225,Bank_A,Maharashtra,Mumbai,SAVINGS,322,8,0.9392,1
ACC001079,R0226,Bank_A,Telangana,Hyderabad,CURRENT,413,9,0.9571,1
ACC001080,R0226,Bank_B,Telangana,Hyderabad,CURRENT,1281,8,0.9392,1
ACC001081,R0226,Bank_E,Telangana,Hyderabad,SAVINGS,1572,8,0.9392,1
ACC001082,R0227,Bank_B,Andhra Pradesh,Delhi,SAVINGS,1846,4,0.7534,1
ACC001083,R0227,Bank_E,Andhra Pradesh,Pune,SAVINGS,1793,4,0.7534,1
ACC001084,R0227,Bank_A,Andhra Pradesh,Chennai,SAVINGS,87,3,0.6501,1
ACC001085,R0227,Bank_B,Andhra Pradesh,Ahmedabad,SAVINGS,934,7,0.9137,1
ACC001086,R0227,Bank_E,Maharashtra,Mumbai,SAVINGS,1846,4,0.7534,1
ACC001087,R0227,Bank_C,Andhra Pradesh,Jaipur,SAVINGS,823,2,0.5034,1
ACC001088,R0227,Bank_E,Andhra Pradesh,Lucknow,CURRENT,2180,4,0.7534,1
ACC001089,R0227,Bank_D,Andhra Pradesh,Pune,SAVINGS,1683,4,0.7534,1
ACC001090,R0227,Bank_D,Kerala,Bengaluru,SAVINGS,364,5,0.8262,1
ACC001091,R0227,Bank_A,Andhra Pradesh,Lucknow,CURRENT,159,4,0.7534,1
ACC001092,R0228,Bank_B,Telangana,Hyderabad,SAVINGS,32,8,0.9392,1
ACC001093,R0228,Bank_C,Telangana,Hyderabad,SAVINGS,1415,5,0.8262,1
ACC001094,R0228,Bank_D,Telangana,Hyderabad,CURRENT,618,8,0.9392,1
ACC001095,R0228,Bank_A,Telangana,Hyderabad,CURRENT,1647,9,0.9571,1
ACC001096,R0228,Bank_C,Telangana,Hyderabad,SAVINGS,186,9,0.9571,1
ACC001097,R0229,Bank_E,Telangana,Hyderabad,SAVINGS,1239,11,0.9787,1
ACC001098,R0229,Bank_B,Telangana,Hyderabad,CURRENT,2190,11,0.9787,1
ACC001099,R0229,Bank_E,Telangana,Hyderabad,SAVINGS,2127,11,0.9787,1
ACC001100,R0229,Bank_E,Telangana,Hyderabad,SAVINGS,2006,10,0.9698,1
ACC001101,R0230,Bank_D,Bihar,Patna,CURRENT,234,8,0.9392,1
ACC001102,R0230,Bank_C,Bihar,Patna,SAVINGS,2024,8,0.9392,1
ACC001103,R0230,Bank_C,Bihar,Patna,SAVINGS,1379,8,0.9392,1
ACC001104,R0231,Bank_C,Bihar,Patna,SAVINGS,693,8,0.9392,1
ACC001105,R0231,Bank_E,Bihar,Patna,SAVINGS,803,7,0.9137,1
ACC001106,R0231,Bank_A,Maharashtra,Mumbai,SAVINGS,1919,7,0.9137,1
ACC001107,R0232,Bank_B,Tamil Nadu,Chennai,CURRENT,451,9,0.9571,1
ACC001108,R0232,Bank_A,Tamil Nadu,Chennai,SAVINGS,302,9,0.9571,1
ACC001109,R0232,Bank_C,Tamil Nadu,Chennai,SAVINGS,350,9,0.9571,1
ACC001110,R0233,Bank_A,Telangana,Hyderabad,SAVINGS,1596,10,0.9698,1
ACC001111,R0233,Bank_D,Madhya Pradesh,Chennai,SAVINGS,875,10,0.9698,1
ACC001112,R0233,Bank_D,Telangana,Hyderabad,SAVINGS,2048,9,0.9571,1
ACC001113,R0234,Bank_A,Telangana,Hyderabad,SAVINGS,1531,7,0.9137,1
ACC001114,R0234,Bank_D,Bihar,Patna,SAVINGS,517,9,0.9571,1
ACC001115,R0234,Bank_B,Telangana,Hyderabad,SAVINGS,1307,9,0.9571,1
ACC001116,R0235,Bank_C,Telangana,Hyderabad,SAVINGS,1912,8,0.9392,1
ACC001117,R0235,Bank_B,Telangana,Hyderabad,CURRENT,1383,8,0.9392,1
ACC001118,R0235,Bank_C,Maharashtra,Pune,SAVINGS,1036,8,0.9392,1
ACC001119,R0236,Bank_E,Telangana,Hyderabad,SAVINGS,1645,11,0.9787,1
ACC001120,R0236,Bank_A,Telangana,Hyderabad,SAVINGS,1571,10,0.9698,1
ACC001121,R0236,Bank_D,Telangana,Hyderabad,SAVINGS,593,11,0.9787,1
ACC001122,R0237,Bank_D,Telangana,Hyderabad,SAVINGS,2181,8,0.9392,1
ACC001123,R0237,Bank_E,Telangana,Hyderabad,SAVINGS,1740,9,0.9571,1
ACC001124,R0237,Bank_D,Telangana,Hyderabad,SAVINGS,1668,8,0.9392,1
ACC001125,R0238,Bank_E,Telangana,Hyderabad,CURRENT,567,5,0.8262,1
ACC001126,R0238,Bank_B,Telangana,Hyderabad,CURRENT,581,5,0.8262,1
ACC001127,R0238,Bank_B,Telangana,Hyderabad,SAVINGS,1866,5,0.8262,1
ACC001128,R0239,Bank_B,Andhra Pradesh,Delhi,CURRENT,158,5,0.8262,1
ACC001129,R0239,Bank_A,Andhra Pradesh,Bengaluru,SAVINGS,99,5,0.8262,1
ACC001130,R0239,Bank_C,Andhra Pradesh,Ahmedabad,SAVINGS,31,5,0.8262,1
ACC001131,R0240,Bank_A,Bihar,Patna,SAVINGS,1993,11,0.9787,1
ACC001132,R0240,Bank_D,Bihar,Patna,CURRENT,538,11,0.9787,1
ACC001133,R0240,Bank_C,Bihar,Patna,SAVINGS,324,10,0.9698,1
ACC001134,R0241,Bank_E,Telangana,Hyderabad,SAVINGS,938,7,0.9137,1
ACC001135,R0241,Bank_E,Telangana,Hyderabad,SAVINGS,1121,7,0.9137,1
ACC001136,R0241,Bank_A,Telangana,Hyderabad,SAVINGS,2038,7,0.9137,1
ACC001137,R0242,Bank_D,Telangana,Hyderabad,CURRENT,2121,1,0.2953,0
ACC001138,R0242,Bank_A,Telangana,Hyderabad,SAVINGS,654,1,0.2953,0
ACC001139,R0242,Bank_E,Telangana,Hyderabad,SAVINGS,1768,1,0.2953,0
ACC001140,R0242,Bank_A,Telangana,Hyderabad,SAVINGS,1289,1,0.2953,0
ACC001141,R0242,Bank_E,Telangana,Hyderabad,SAVINGS,249,1,0.2953,0
ACC001142,R0242,Bank_A,Telangana,Hyderabad,SAVINGS,1680,3,0.6501,1
ACC001143,R0242,Bank_C,Telangana,Hyderabad,SAVINGS,79,1,0.2953,0
ACC001144,R0242,Bank_C,Telangana,Hyderabad,SAVINGS,509,2,0.5034,1
ACC001145,R0242,Bank_D,Telangana,Hyderabad,CURRENT,40,1,0.2953,0
ACC001146,R0242,Bank_E,Telangana,Hyderabad,SAVINGS,762,2,0.5034,1
ACC001147,R0242,Bank_C,Telangana,Hyderabad,CURRENT,1872,1,0.2953,0
ACC001148,R0243,Bank_E,Maharashtra,Pune,SAVINGS,2198,4,0.7534,1
ACC001149,R0243,Bank_B,Maharashtra,Pune,SAVINGS,188,3,0.6501,1
ACC001150,R0243,Bank_B,Maharashtra,Mumbai,SAVINGS,360,4,0.7534,1
ACC001151,R0243,Bank_A,Maharashtra,Mumbai,SAVINGS,1204,3,0.6501,1
ACC001152,R0244,Bank_A,Telangana,Hyderabad,SAVINGS,408,5,0.8262,1
ACC001153,R0244,Bank_E,Telangana,Hyderabad,CURRENT,2069,5,0.8262,1
ACC001154,R0244,Bank_B,Telangana,Hyderabad,SAVINGS,555,5,0.8262,1
ACC001155,R0245,Bank_A,Telangana,Hyderabad,SAVINGS,833,8,0.9392,1
ACC001156,R0245,Bank_D,Telangana,Hyderabad,CURRENT,1431,8,0.9392,1
ACC001157,R0245,Bank_B,Maharashtra,Pune,SAVINGS,1748,7,0.9137,1
ACC001158,R0246,Bank_B,Madhya Pradesh,Jaipur,SAVINGS,43,8,0.9392,1
ACC001159,R0246,Bank_A,Telangana,Hyderabad,SAVINGS,1635,8,0.9392,1
ACC001160,R0246,Bank_D,Telangana,Hyderabad,SAVINGS,2020,8,0.9392,1
ACC001161,R0247,Bank_B,Telangana,Hyderabad,SAVINGS,1817,8,0.9392,1
ACC001162,R0247,Bank_E,Telangana,Hyderabad,SAVINGS,2096,9,0.9571,1
ACC001163,R0247,Bank_C,Telangana,Hyderabad,SAVINGS,546,10,0.9698,1
ACC001164,R0247,Bank_B,Telangana,Hyderabad,SAVINGS,105,7,0.9137,1
ACC001165,R0247,Bank_A,Telangana,Hyderabad,SAVINGS,230,7,0.9137,1
ACC001166,R0247,Bank_C,Telangana,Hyderabad,SAVINGS,96,6,0.8775,1
ACC001167,R0248,Bank_E,Telangana,Hyderabad,SAVINGS,1299,2,0.5034,1
ACC001168,R0248,Bank_C,Tamil Nadu,Chennai,SAVINGS,817,2,0.5034,1
ACC001169,R0248,Bank_C,Tamil Nadu,Chennai,SAVINGS,1097,2,0.5034,1
ACC001170,R0249,Bank_B,Odisha,Ahmedabad,SAVINGS,1014,6,0.8775,1
ACC001171,R0249,Bank_A,Odisha,Hyderabad,SAVINGS,950,6,0.8775,1
ACC001172,R0249,Bank_A,Odisha,Pune,SAVINGS,1390,5,0.8262,1
ACC001173,R0249,Bank_E,Odisha,Hyderabad,CURRENT,1160,7,0.9137,1
ACC001174,R0250,Bank_D,Tamil Nadu,Chennai,SAVINGS,719,6,0.8775,1
ACC001175,R0250,Bank_C,Tamil Nadu,Chennai,SAVINGS,324,6,0.8775,1
ACC001176,R0250,Bank_D,Tamil Nadu,Chennai,SAVINGS,1676,6,0.8775,1
ACC001177,R0251,Bank_B,Andhra Pradesh,Lucknow,SAVINGS,736,7,0.9137,1
ACC001178,R0251,Bank_D,Telangana,Hyderabad,SAVINGS,28,4,0.7534,1
ACC001179,R0251,Bank_A,Telangana,Hyderabad,SAVINGS,1161,4,0.7534,1
ACC001180,R0251,Bank_C,Telangana,Hyderabad,SAVINGS,603,4,0.7534,1
ACC001181,R0251,Bank_B,Telangana,Hyderabad,SAVINGS,1759,4,0.7534,1
ACC001182,R0251,Bank_B,Tamil Nadu,Chennai,SAVINGS,1304,8,0.9392,1
ACC001183,R0252,Bank_A,Telangana,Hyderabad,SAVINGS,773,6,0.8775,1
ACC001184,R0252,Bank_A,Telangana,Hyderabad,CURRENT,1140,6,0.8775,1
ACC001185,R0252,Bank_B,Telangana,Hyderabad,SAVINGS,787,6,0.8775,1
ACC001186,R0253,Bank_C,Telangana,Hyderabad,SAVINGS,1445,6,0.8775,1
ACC001187,R0253,Bank_D,Telangana,Hyderabad,SAVINGS,1670,5,0.8262,1
ACC001188,R0253,Bank_B,Odisha,Jaipur,SAVINGS,323,4,0.7534,1
ACC001189,R0253,Bank_D,Telangana,Hyderabad,SAVINGS,261,6,0.8775,1
ACC001190,R0253,Bank_C,Telangana,Hyderabad,SAVINGS,657,4,0.7534,1
ACC001191,R0254,Bank_C,Telangana,Hyderabad,SAVINGS,1880,7,0.9137,1
ACC001192,R0254,Bank_A,Maharashtra,Pune,SAVINGS,241,7,0.9137,1
ACC001193,R0254,Bank_A,Maharashtra,Mumbai,SAVINGS,280,7,0.9137,1
ACC001194,R0255,Bank_D,Maharashtra,Mumbai,SAVINGS,42,1,0.2953,0
ACC001195,R0255,Bank_C,Telangana,Hyderabad,SAVINGS,1364,2,0.5034,1
ACC001196,R0255,Bank_E,Maharashtra,Pune,SAVINGS,581,3,0.6501,1
ACC001197,R0255,Bank_D,Maharashtra,Mumbai,CURRENT,1547,5,0.8262,1
ACC001198,R0255,Bank_D,Telangana,Hyderabad,SAVINGS,184,3,0.6501,1
ACC001199,R0255,Bank_C,Maharashtra,Mumbai,CURRENT,769,4,0.7534,1
ACC001200,R0255,Bank_B,Maharashtra,Pune,SAVINGS,315,2,0.5034,1
ACC001201,R0255,Bank_B,Maharashtra,Pune,SAVINGS,492,4,0.7534,1
ACC001202,R0255,Bank_A,Maharashtra,Mumbai,SAVINGS,721,1,0.2953,0
ACC001203,R0255,Bank_B,Maharashtra,Mumbai,SAVINGS,1058,3,0.6501,1
ACC001204,R0255,Bank_B,Maharashtra,Pune,SAVINGS,969,2,0.5034,1
ACC001205,R0255,Bank_B,Maharashtra,Mumbai,SAVINGS,1977,2,0.5034,1
ACC001206,R0255,Bank_E,Maharashtra,Mumbai,SAVINGS,1438,4,0.7534,1
ACC001207,R0255,Bank_E,Maharashtra,Mumbai,CURRENT,1952,2,0.5034,1
ACC001208,R0255,Bank_B,Maharashtra,Mumbai,SAVINGS,1372,3,0.6501,1
ACC001209,R0255,Bank_A,Maharashtra,Pune,SAVINGS,234,1,0.2953,0
ACC001210,R0255,Bank_C,Andhra Pradesh,Pune,CURRENT,798,2,0.5034,1
ACC001211,R0256,Bank_B,Telangana,Hyderabad,SAVINGS,1642,6,0.8775,1
ACC001212,R0256,Bank_B,Uttar Pradesh,Lucknow,SAVINGS,1330,6,0.8775,1
ACC001213,R0256,Bank_E,Telangana,Hyderabad,SAVINGS,1949,6,0.8775,1
ACC001214,R0256,Bank_D,Telangana,Hyderabad,SAVINGS,1312,6,0.8775,1
ACC001215,R0257,Bank_C,Telangana,Hyderabad,SAVINGS,2007,9,0.9571,1
ACC001216,R0257,Bank_C,Telangana,Hyderabad,SAVINGS,1593,9,0.9571,1
ACC001217,R0257,Bank_A,Telangana,Hyderabad,SAVINGS,1557,9,0.9571,1
ACC001218,R0258,Bank_B,Bihar,Patna,SAVINGS,1316,12,0.985,1
ACC001219,R0258,Bank_E,Bihar,Patna,SAVINGS,1574,11,0.9787,1
ACC001220,R0258,Bank_D,Bihar,Patna,SAVINGS,2127,13,0.9894,1
ACC001221,R0259,Bank_E,Bihar,Patna,SAVINGS,1214,4,0.7534,1
ACC001222,R0259,Bank_B,Bihar,Patna,SAVINGS,394,4,0.7534,1
ACC001223,R0259,Bank_E,Bihar,Patna,SAVINGS,1247,4,0.7534,1
ACC001224,R0260,Bank_E,Telangana,Hyderabad,SAVINGS,801,11,0.9787,1
ACC001225,R0260,Bank_E,Telangana,Hyderabad,SAVINGS,69,11,0.9787,1
ACC001226,R0260,Bank_D,Haryana,Jaipur,CURRENT,104,11,0.9787,1
ACC001227,R0260,Bank_E,Telangana,Hyderabad,SAVINGS,2164,9,0.9571,1
ACC001228,R0261,Bank_D,Bihar,Patna,SAVINGS,166,6,0.8775,1
ACC001229,R0261,Bank_B,Telangana,Hyderabad,CURRENT,1909,5,0.8262,1
ACC001230,R0261,Bank_D,Bihar,Patna,SAVINGS,885,5,0.8262,1
ACC001231,R0261,Bank_D,Telangana,Hyderabad,CURRENT,1650,6,0.8775,1
ACC001232,R0262,Bank_C,Telangana,Hyderabad,SAVINGS,2020,2,0.5034,1
ACC001233,R0262,Bank_E,Telangana,Hyderabad,SAVINGS,1811,2,0.5034,1
ACC001234,R0262,Bank_E,Telangana,Hyderabad,SAVINGS,86,2,0.5034,1
ACC001235,R0262,Bank_C,Telangana,Hyderabad,SAVINGS,1312,2,0.5034,1
ACC001236,R0262,Bank_A,Telangana,Hyderabad,SAVINGS,1466,2,0.5034,1
ACC001237,R0262,Bank_C,Andhra Pradesh,Kolkata,SAVINGS,281,1,0.2953,0
ACC001238,R0262,Bank_E,Telangana,Hyderabad,SAVINGS,1627,2,0.5034,1
ACC001239,R0263,Bank_B,Maharashtra,Mumbai,CURRENT,347,4,0.7534,1
ACC001240,R0263,Bank_E,Maharashtra,Mumbai,SAVINGS,2155,4,0.7534,1
ACC001241,R0263,Bank_B,Maharashtra,Pune,SAVINGS,173,4,0.7534,1
ACC001242,R0263,Bank_B,Bihar,Patna,SAVINGS,976,3,0.6501,1
ACC001243,R0264,Bank_A,Bihar,Patna,SAVINGS,1942,6,0.8775,1
ACC001244,R0264,Bank_D,Tamil Nadu,Chennai,SAVINGS,1723,6,0.8775,1
ACC001245,R0264,Bank_B,Bihar,Patna,SAVINGS,874,5,0.8262,1
ACC001246,R0265,Bank_C,Telangana,Hyderabad,SAVINGS,565,6,0.8775,1
ACC001247,R0265,Bank_A,Madhya Pradesh,Lucknow,SAVINGS,1643,5,0.8262,1
ACC001248,R0265,Bank_B,Telangana,Hyderabad,SAVINGS,1060,5,0.8262,1
ACC001249,R0266,Bank_E,Bihar,Patna,SAVINGS,753,8,0.9392,1
ACC001250,R0266,Bank_D,Bihar,Patna,SAVINGS,602,8,0.9392,1
ACC001251,R0266,Bank_A,Bihar,Patna,SAVINGS,749,8,0.9392,1
ACC001252,R0267,Bank_D,Maharashtra,Pune,SAVINGS,1315,2,0.5034,1
ACC001253,R0267,Bank_B,Maharashtra,Pune,SAVINGS,1437,3,0.6501,1
ACC001254,R0267,Bank_A,Maharashtra,Pune,CURRENT,486,3,0.6501,1
ACC001255,R0268,Bank_B,Bihar,Patna,SAVINGS,2144,2,0.5034,1
ACC001256,R0268,Bank_C,Bihar,Patna,SAVINGS,66,2,0.5034,1
ACC001257,R0268,Bank_B,Bihar,Patna,SAVINGS,600,2,0.5034,1
ACC001258,R0268,Bank_D,Bihar,Patna,SAVINGS,554,1,0.2953,0
ACC001259,R0268,Bank_D,Bihar,Patna,SAVINGS,333,3,0.6501,1
ACC001260,R0268,Bank_B,Telangana,Hyderabad,SAVINGS,186,2,0.5034,1
ACC001261,R0268,Bank_D,Telangana,Hyderabad,SAVINGS,836,2,0.5034,1
ACC001262,R0268,Bank_E,Gujarat,Ahmedabad,SAVINGS,780,2,0.5034,1
ACC001263,R0268,Bank_C,Bihar,Patna,CURRENT,142,1,0.2953,0
ACC001264,R0268,Bank_C,Bihar,Patna,SAVINGS,1025,2,0.5034,1
ACC001265,R0268,Bank_A,Bihar,Patna,SAVINGS,422,3,0.6501,1
ACC001266,R0268,Bank_D,Bihar,Patna,SAVINGS,1941,2,0.5034,1
ACC001267,R0268,Bank_B,Odisha,Patna,SAVINGS,1520,1,0.2953,0
ACC001268,R0268,Bank_E,Bihar,Patna,SAVINGS,580,2,0.5034,1
ACC001269,R0268,Bank_B,Bihar,Patna,SAVINGS,1163,2,0.5034,1
ACC001270,R0268,Bank_B,Bihar,Patna,SAVINGS,1753,1,0.2953,0
ACC001271,R0268,Bank_D,Bihar,Patna,SAVINGS,1526,2,0.5034,1
ACC001272,R0268,Bank_C,Bihar,Patna,SAVINGS,2161,1,0.2953,0
ACC001273,R0269,Bank_B,Bihar,Patna,SAVINGS,1375,4,0.7534,1
ACC001274,R0269,Bank_E,Bihar,Patna,SAVINGS,1327,3,0.6501,1
ACC001275,R0269,Bank_E,Bihar,Patna,SAVINGS,612,4,0.7534,1
ACC001276,R0269,Bank_A,Bihar,Patna,SAVINGS,1157,4,0.7534,1
ACC001277,R0270,Bank_A,Andhra Pradesh,Jaipur,SAVINGS,1723,9,0.9571,1
ACC001278,R0270,Bank_D,Andhra Pradesh,Patna,SAVINGS,828,9,0.9571,1
ACC001279,R0270,Bank_D,Andhra Pradesh,Kolkata,SAVINGS,1812,9,0.9571,1
ACC001280,R0271,Bank_C,Bihar,Patna,CURRENT,75,4,0.7534,1
ACC001281,R0271,Bank_C,Telangana,Hyderabad,SAVINGS,2140,3,0.6501,1
ACC001282,R0271,Bank_D,Bihar,Patna,CURRENT,791,2,0.5034,1
ACC001283,R0271,Bank_D,Bihar,Patna,SAVINGS,873,2,0.5034,1
ACC001284,R0271,Bank_E,Bihar,Patna,CURRENT,1082,2,0.5034,1
ACC001285,R0271,Bank_E,Bihar,Patna,SAVINGS,346,1,0.2953,0
ACC001286,R0271,Bank_A,Bihar,Patna,CURRENT,1501,2,0.5034,1
ACC001287,R0271,Bank_B,Telangana,Hyderabad,SAVINGS,1861,3,0.6501,1
ACC001288,R0272,Bank_D,Bihar,Patna,SAVINGS,360,6,0.8775,1
ACC001289,R0272,Bank_D,Bihar,Patna,SAVINGS,331,5,0.8262,1
ACC001290,R0272,Bank_E,Telangana,Hyderabad,SAVINGS,1905,4,0.7534,1
ACC001291,R0272,Bank_A,Bihar,Patna,CURRENT,1754,3,0.6501,1
ACC001292,R0272,Bank_A,Bihar,Patna,SAVINGS,81,5,0.8262,1
ACC001293,R0272,Bank_A,Telangana,Hyderabad,SAVINGS,260,4,0.7534,1
ACC001294,R0273,Bank_E,Bihar,Patna,SAVINGS,1700,8,0.9392,1
ACC001295,R0273,Bank_A,Bihar,Patna,SAVINGS,280,7,0.9137,1
ACC001296,R0273,Bank_C,Bihar,Patna,SAVINGS,1835,8,0.9392,1
ACC001297,R0274,Bank_E,Telangana,Hyderabad,SAVINGS,1070,5,0.8262,1
ACC001298,R0274,Bank_B,Telangana,Hyderabad,CURRENT,852,5,0.8262,1
ACC001299,R0274,Bank_C,Telangana,Hyderabad,SAVINGS,189,3,0.6501,1
ACC001300,R0274,Bank_E,Telangana,Hyderabad,SAVINGS,2048,2,0.5034,1
ACC001301,R0274,Bank_E,Telangana,Hyderabad,SAVINGS,1472,2,0.5034,1
ACC001302,R0274,Bank_E,Telangana,Hyderabad,CURRENT,533,4,0.7534,1
ACC001303,R0274,Bank_A,Telangana,Hyderabad,SAVINGS,1619,5,0.8262,1
ACC001304,R0274,Bank_C,Telangana,Hyderabad,SAVINGS,1377,5,0.8262,1
ACC001305,R0274,Bank_A,Telangana,Hyderabad,SAVINGS,1819,5,0.8262,1
ACC001306,R0274,Bank_D,Telangana,Hyderabad,SAVINGS,1263,1,0.2953,0
ACC001307,R0274,Bank_C,Telangana,Hyderabad,SAVINGS,329,4,0.7534,1
ACC001308,R0274,Bank_A,Telangana,Hyderabad,CURRENT,1999,4,0.7534,1
ACC001309,R0274,Bank_E,Telangana,Hyderabad,SAVINGS,165,3,0.6501,1
ACC001310,R0274,Bank_E,Telangana,Hyderabad,SAVINGS,2110,2,0.5034,1
ACC001311,R0274,Bank_E,Telangana,Hyderabad,SAVINGS,1359,5,0.8262,1
ACC001312,R0274,Bank_B,Bihar,Patna,SAVINGS,925,7,0.9137,1
ACC001313,R0274,Bank_C,Telangana,Hyderabad,SAVINGS,2005,6,0.8775,1
ACC001314,R0274,Bank_B,Telangana,Hyderabad,SAVINGS,1953,3,0.6501,1
ACC001315,R0275,Bank_E,Telangana,Hyderabad,SAVINGS,2058,3,0.6501,1
ACC001316,R0275,Bank_C,Telangana,Hyderabad,SAVINGS,495,1,0.2953,0
ACC001317,R0275,Bank_C,Telangana,Hyderabad,SAVINGS,1994,5,0.8262,1
ACC001318,R0275,Bank_C,Telangana,Hyderabad,SAVINGS,1602,3,0.6501,1
ACC001319,R0275,Bank_A,Telangana,Hyderabad,CURRENT,985,2,0.5034,1
ACC001320,R0275,Bank_B,Telangana,Hyderabad,SAVINGS,1169,1,0.2953,0
ACC001321,R0275,Bank_A,Telangana,Hyderabad,SAVINGS,1082,4,0.7534,1
ACC001322,R0275,Bank_A,Bihar,Patna,CURRENT,2053,3,0.6501,1
ACC001323,R0275,Bank_E,Telangana,Hyderabad,SAVINGS,1936,2,0.5034,1
ACC001324,R0275,Bank_A,Telangana,Hyderabad,SAVINGS,223,2,0.5034,1
ACC001325,R0275,Bank_B,Telangana,Hyderabad,SAVINGS,1616,2,0.5034,1
ACC001326,R0276,Bank_A,Tamil Nadu,Chennai,SAVINGS,755,11,0.9787,1
ACC001327,R0276,Bank_C,Tamil Nadu,Chennai,SAVINGS,236,11,0.9787,1
ACC001328,R0276,Bank_D,Telangana,Hyderabad,SAVINGS,1872,10,0.9698,1
ACC001329,R0277,Bank_C,Odisha,Pune,CURRENT,2096,2,0.5034,1
ACC001330,R0277,Bank_B,Odisha,Ahmedabad,SAVINGS,612,3,0.6501,1
ACC001331,R0277,Bank_E,Odisha,Kolkata,SAVINGS,1019,3,0.6501,1
ACC001332,R0277,Bank_C,Odisha,Hyderabad,SAVINGS,788,2,0.5034,1
ACC001333,R0278,Bank_C,Telangana,Hyderabad,SAVINGS,136,6,0.8775,1
ACC001334,R0278,Bank_D,Telangana,Hyderabad,SAVINGS,288,2,0.5034,1
ACC001335,R0278,Bank_A,West Bengal,Kolkata,SAVINGS,45,4,0.7534,1
ACC001336,R0278,Bank_E,Telangana,Hyderabad,SAVINGS,1198,5,0.8262,1
ACC001337,R0278,Bank_D,Telangana,Hyderabad,SAVINGS,1263,5,0.8262,1
ACC001338,R0278,Bank_A,Telangana,Hyderabad,SAVINGS,803,7,0.9137,1
ACC001339,R0278,Bank_E,Telangana,Hyderabad,SAVINGS,1546,4,0.7534,1
ACC001340,R0278,Bank_C,Telangana,Hyderabad,SAVINGS,1716,4,0.7534,1
ACC001341,R0278,Bank_C,Telangana,Hyderabad,SAVINGS,1948,7,0.9137,1
ACC001342,R0278,Bank_A,Telangana,Hyderabad,SAVINGS,650,4,0.7534,1
ACC001343,R0278,Bank_A,Telangana,Hyderabad,SAVINGS,1577,2,0.5034,1
ACC001344,R0278,Bank_B,Telangana,Hyderabad,SAVINGS,483,4,0.7534,1
ACC001345,R0279,Bank_B,Telangana,Hyderabad,SAVINGS,450,7,0.9137,1
ACC001346,R0279,Bank_C,Odisha,Delhi,CURRENT,1216,7,0.9137,1
ACC001347,R0279,Bank_B,Telangana,Hyderabad,SAVINGS,256,6,0.8775,1
ACC001348,R0280,Bank_D,Telangana,Hyderabad,SAVINGS,1505,3,0.6501,1
ACC001349,R0280,Bank_B,Maharashtra,Pune,CURRENT,1941,4,0.7534,1
ACC001350,R0280,Bank_E,Telangana,Hyderabad,SAVINGS,201,4,0.7534,1
ACC001351,R0281,Bank_A,Andhra Pradesh,Bengaluru,CURRENT,1433,2,0.5034,1
ACC001352,R0281,Bank_E,Bihar,Patna,SAVINGS,2158,3,0.6501,1
ACC001353,R0281,Bank_A,Andhra Pradesh,Ahmedabad,SAVINGS,1506,2,0.5034,1
ACC001354,R0281,Bank_E,Andhra Pradesh,Lucknow,SAVINGS,836,1,0.2953,0
ACC001355,R0281,Bank_E,Andhra Pradesh,Kolkata,SAVINGS,94,3,0.6501,1
ACC001356,R0281,Bank_B,Telangana,Hyderabad,SAVINGS,2082,2,0.5034,1
ACC001357,R0281,Bank_C,Andhra Pradesh,Lucknow,SAVINGS,1323,5,0.8262,1
ACC001358,R0281,Bank_C,Uttar Pradesh,Lucknow,SAVINGS,1975,3,0.6501,1
ACC001359,R0281,Bank_D,Telangana,Hyderabad,SAVINGS,1973,1,0.2953,0
ACC001360,R0281,Bank_B,Telangana,Hyderabad,SAVINGS,893,3,0.6501,1
ACC001361,R0282,Bank_D,Chhattisgarh,Delhi,SAVINGS,718,1,0.2953,0
ACC001362,R0282,Bank_B,Chhattisgarh,Jaipur,SAVINGS,130,1,0.2953,0
ACC001363,R0282,Bank_C,Telangana,Hyderabad,CURRENT,1124,2,0.5034,1
ACC001364,R0282,Bank_E,Chhattisgarh,Patna,SAVINGS,1562,2,0.5034,1
ACC001365,R0282,Bank_C,Chhattisgarh,Mumbai,SAVINGS,826,2,0.5034,1
ACC001366,R0282,Bank_E,Chhattisgarh,Ahmedabad,SAVINGS,1620,1,0.2953,0
ACC001367,R0282,Bank_E,Chhattisgarh,Ahmedabad,SAVINGS,704,2,0.5034,1
ACC001368,R0283,Bank_B,Maharashtra,Mumbai,SAVINGS,2186,12,0.985,1
ACC001369,R0283,Bank_A,Maharashtra,Pune,SAVINGS,2181,12,0.985,1
ACC001370,R0283,Bank_E,Maharashtra,Pune,SAVINGS,1761,11,0.9787,1
ACC001371,R0284,Bank_D,Maharashtra,Pune,SAVINGS,2058,5,0.8262,1
ACC001372,R0284,Bank_C,Maharashtra,Mumbai,SAVINGS,1237,5,0.8262,1
ACC001373,R0284,Bank_E,Telangana,Hyderabad,SAVINGS,1243,5,0.8262,1
ACC001374,R0285,Bank_C,Telangana,Hyderabad,SAVINGS,899,5,0.8262,1
ACC001375,R0285,Bank_B,Telangana,Hyderabad,SAVINGS,2101,4,0.7534,1
ACC001376,R0285,Bank_B,Telangana,Hyderabad,SAVINGS,1479,5,0.8262,1
ACC001377,R0285,Bank_E,Telangana,Hyderabad,SAVINGS,103,5,0.8262,1
ACC001378,R0285,Bank_C,Telangana,Hyderabad,SAVINGS,1696,4,0.7534,1
ACC001379,R0285,Bank_C,Telangana,Hyderabad,SAVINGS,752,6,0.8775,1
ACC001380,R0285,Bank_D,Telangana,Hyderabad,SAVINGS,585,5,0.8262,1
ACC001381,R0285,Bank_B,Telangana,Hyderabad,SAVINGS,499,5,0.8262,1
ACC001382,R0286,Bank_E,Tamil Nadu,Chennai,SAVINGS,1246,3,0.6501,1
ACC001383,R0286,Bank_B,Tamil Nadu,Chennai,SAVINGS,2031,3,0.6501,1
ACC001384,R0286,Bank_D,Tamil Nadu,Chennai,SAVINGS,338,3,0.6501,1
ACC001385,R0286,Bank_B,Tamil Nadu,Chennai,SAVINGS,1220,2,0.5034,1
ACC001386,R0286,Bank_D,Tamil Nadu,Chennai,SAVINGS,1201,3,0.6501,1
ACC001387,R0286,Bank_C,Tamil Nadu,Chennai,CURRENT,495,3,0.6501,1
ACC001388,R0287,Bank_D,Bihar,Patna,SAVINGS,984,7,0.9137,1
ACC001389,R0287,Bank_E,Bihar,Patna,CURRENT,2029,7,0.9137,1
ACC001390,R0287,Bank_C,Bihar,Patna,SAVINGS,1005,6,0.8775,1
ACC001391,R0287,Bank_C,Bihar,Patna,SAVINGS,1494,8,0.9392,1
ACC001392,R0288,Bank_E,Odisha,Bengaluru,CURRENT,1524,8,0.9392,1
ACC001393,R0288,Bank_A,Odisha,Delhi,CURRENT,684,8,0.9392,1
ACC001394,R0288,Bank_D,Odisha,Ahmedabad,CURRENT,451,8,0.9392,1
ACC001395,R0288,Bank_D,Odisha,Mumbai,SAVINGS,2016,8,0.9392,1
ACC001396,R0289,Bank_B,Telangana,Hyderabad,SAVINGS,2165,4,0.7534,1
ACC001397,R0289,Bank_B,Telangana,Hyderabad,SAVINGS,1768,4,0.7534,1
ACC001398,R0289,Bank_C,Telangana,Hyderabad,SAVINGS,1955,4,0.7534,1
ACC001399,R0290,Bank_E,Bihar,Patna,SAVINGS,1536,5,0.8262,1
ACC001400,R0290,Bank_C,Bihar,Patna,SAVINGS,1523,5,0.8262,1
ACC001401,R0290,Bank_D,Andhra Pradesh,Bengaluru,SAVINGS,1546,5,0.8262,1
ACC001402,R0291,Bank_B,Telangana,Hyderabad,SAVINGS,2140,9,0.9571,1
ACC001403,R0291,Bank_E,Telangana,Hyderabad,SAVINGS,705,9,0.9571,1
ACC001404,R0291,Bank_E,Telangana,Hyderabad,SAVINGS,1740,9,0.9571,1
ACC001405,R0292,Bank_B,Bihar,Patna,SAVINGS,207,10,0.9698,1
ACC001406,R0292,Bank_B,Bihar,Patna,SAVINGS,581,10,0.9698,1
ACC001407,R0292,Bank_E,Bihar,Patna,SAVINGS,1928,10,0.9698,1
ACC001408,R0293,Bank_A,Telangana,Hyderabad,SAVINGS,1120,2,0.5034,1
ACC001409,R0293,Bank_B,Telangana,Hyderabad,SAVINGS,1207,2,0.5034,1
ACC001410,R0293,Bank_D,Telangana,Hyderabad,SAVINGS,1744,1,0.2953,0
ACC001411,R0294,Bank_D,Telangana,Hyderabad,SAVINGS,288,5,0.8262,1
ACC001412,R0294,Bank_B,Bihar,Patna,SAVINGS,47,6,0.8775,1
ACC001413,R0294,Bank_E,Bihar,Patna,SAVINGS,83,6,0.8775,1
ACC001414,R0295,Bank_A,Telangana,Hyderabad,SAVINGS,1429,6,0.8775,1
ACC001415,R0295,Bank_C,Telangana,Hyderabad,SAVINGS,74,6,0.8775,1
ACC001416,R0295,Bank_D,Telangana,Hyderabad,SAVINGS,797,6,0.8775,1
ACC001417,R0296,Bank_C,Telangana,Hyderabad,SAVINGS,2004,3,0.6501,1
ACC001418,R0296,Bank_D,Telangana,Hyderabad,SAVINGS,1446,3,0.6501,1
ACC001419,R0296,Bank_E,Telangana,Hyderabad,CURRENT,678,3,0.6501,1
ACC001420,R0297,Bank_B,Telangana,Hyderabad,SAVINGS,1365,4,0.7534,1
ACC001421,R0297,Bank_A,Telangana,Hyderabad,CURRENT,318,4,0.7534,1
ACC001422,R0297,Bank_D,Telangana,Hyderabad,CURRENT,2157,4,0.7534,1
ACC001423,R0298,Bank_E,Tamil Nadu,Chennai,SAVINGS,1791,3,0.6501,1
ACC001424,R0298,Bank_B,Telangana,Hyderabad,SAVINGS,415,6,0.8775,1
ACC001425,R0298,Bank_D,Telangana,Hyderabad,SAVINGS,658,6,0.8775,1
ACC001426,R0298,Bank_B,Telangana,Hyderabad,SAVINGS,1374,4,0.7534,1
ACC001427,R0298,Bank_A,Telangana,Hyderabad,SAVINGS,480,4,0.7534,1
ACC001428,R0298,Bank_A,Telangana,Hyderabad,SAVINGS,1516,7,0.9137,1
ACC001429,R0298,Bank_D,Telangana,Hyderabad,SAVINGS,2052,3,0.6501,1
ACC001430,R0298,Bank_E,Telangana,Hyderabad,CURRENT,1445,7,0.9137,1
ACC001431,R0298,Bank_D,Telangana,Hyderabad,SAVINGS,1844,5,0.8262,1
ACC001432,R0298,Bank_C,Telangana,Hyderabad,SAVINGS,239,4,0.7534,1
ACC001433,R0299,Bank_C,Telangana,Hyderabad,SAVINGS,362,3,0.6501,1
ACC001434,R0299,Bank_B,Telangana,Hyderabad,SAVINGS,103,2,0.5034,1
ACC001435,R0299,Bank_D,Telangana,Hyderabad,SAVINGS,40,2,0.5034,1
ACC001436,R0299,Bank_C,Telangana,Hyderabad,CURRENT,1987,3,0.6501,1
ACC001437,R0299,Bank_C,Telangana,Hyderabad,CURRENT,2039,2,0.5034,1
ACC001438,R0299,Bank_D,Telangana,Hyderabad,CURRENT,2084,3,0.6501,1
ACC001439,R0299,Bank_E,Telangana,Hyderabad,SAVINGS,2077,1,0.2953,0
ACC001440,R0299,Bank_A,Telangana,Hyderabad,SAVINGS,752,1,0.2953,0
ACC001441,R0299,Bank_D,Telangana,Hyderabad,SAVINGS,2095,1,0.2953,0
ACC001442,R0299,Bank_C,Telangana,Hyderabad,SAVINGS,66,3,0.6501,1
ACC001443,R0299,Bank_C,Telangana,Hyderabad,SAVINGS,1849,1,0.2953,0
ACC001444,R0299,Bank_A,Telangana,Hyderabad,SAVINGS,1492,2,0.5034,1
ACC001445,R0299,Bank_C,Telangana,Hyderabad,SAVINGS,1682,1,0.2953,0
ACC001446,R0299,Bank_D,Telangana,Hyderabad,SAVINGS,437,1,0.2953,0
ACC001447,R0299,Bank_C,Telangana,Hyderabad,SAVINGS,546,3,0.6501,1
ACC001448,R0299,Bank_B,Telangana,Hyderabad,SAVINGS,2117,2,0.5034,1
ACC001449,R0299,Bank_A,Telangana,Hyderabad,SAVINGS,1246,2,0.5034,1
ACC001450,R0299,Bank_D,Telangana,Hyderabad,CURRENT,950,1,0.2953,0
ACC001451,R0300,Bank_E,Bihar,Patna,CURRENT,1012,3,0.6501,1
ACC001452,R0300,Bank_D,Madhya Pradesh,Ahmedabad,SAVINGS,1091,3,0.6501,1
ACC001453,R0300,Bank_D,Telangana,Hyderabad,CURRENT,1658,3,0.6501,1
ACC001454,R0301,Bank_D,Telangana,Hyderabad,SAVINGS,352,4,0.7534,1
ACC001455,R0301,Bank_B,Telangana,Hyderabad,CURRENT,828,3,0.6501,1
ACC001456,R0301,Bank_A,Telangana,Hyderabad,SAVINGS,584,3,0.6501,1
ACC001457,R0301,Bank_E,Telangana,Hyderabad,SAVINGS,821,4,0.7534,1
ACC001458,R0302,Bank_C,Bihar,Patna,CURRENT,1400,3,0.6501,1
ACC001459,R0302,Bank_E,Bihar,Patna,SAVINGS,1429,2,0.5034,1
ACC001460,R0302,Bank_C,Bihar,Patna,CURRENT,474,2,0.5034,1
ACC001461,R0302,Bank_A,Bihar,Patna,SAVINGS,1629,4,0.7534,1
ACC001462,R0302,Bank_A,Bihar,Patna,SAVINGS,36,2,0.5034,1
ACC001463,R0302,Bank_E,Bihar,Patna,SAVINGS,502,1,0.2953,0
ACC001464,R0302,Bank_E,Bihar,Patna,SAVINGS,89,2,0.5034,1
ACC001465,R0302,Bank_D,Bihar,Patna,SAVINGS,2095,3,0.6501,1
ACC001466,R0302,Bank_E,Bihar,Patna,SAVINGS,1436,3,0.6501,1
ACC001467,R0302,Bank_B,Telangana,Hyderabad,CURRENT,502,4,0.7534,1
ACC001468,R0302,Bank_C,Bihar,Patna,SAVINGS,822,3,0.6501,1
ACC001469,R0302,Bank_B,Bihar,Patna,SAVINGS,2064,2,0.5034,1
ACC001470,R0302,Bank_E,Bihar,Patna,SAVINGS,476,1,0.2953,0
ACC001471,R0302,Bank_D,Bihar,Patna,CURRENT,46,2,0.5034,1
ACC001472,R0302,Bank_A,Maharashtra,Pune,SAVINGS,106,2,0.5034,1
ACC001473,R0302,Bank_B,Odisha,Pune,SAVINGS,1500,4,0.7534,1
ACC001474,R0302,Bank_B,Bihar,Patna,SAVINGS,2161,2,0.5034,1
ACC001475,R0302,Bank_B,Bihar,Patna,SAVINGS,1511,2,0.5034,1
ACC001476,R0303,Bank_C,Telangana,Hyderabad,SAVINGS,440,3,0.6501,1
ACC001477,R0303,Bank_B,Telangana,Hyderabad,SAVINGS,1735,3,0.6501,1
ACC001478,R0303,Bank_D,Kerala,Ahmedabad,CURRENT,1521,3,0.6501,1
ACC001479,R0304,Bank_B,Telangana,Hyderabad,SAVINGS,1261,5,0.8262,1
ACC001480,R0304,Bank_E,Telangana,Hyderabad,SAVINGS,1664,7,0.9137,1
ACC001481,R0304,Bank_A,Telangana,Hyderabad,SAVINGS,2043,6,0.8775,1
ACC001482,R0304,Bank_C,Telangana,Hyderabad,SAVINGS,1765,5,0.8262,1
ACC001483,R0305,Bank_C,Telangana,Hyderabad,SAVINGS,991,5,0.8262,1
ACC001484,R0305,Bank_E,Telangana,Hyderabad,CURRENT,577,7,0.9137,1
ACC001485,R0305,Bank_D,Telangana,Hyderabad,SAVINGS,881,6,0.8775,1
ACC001486,R0306,Bank_E,Tamil Nadu,Chennai,SAVINGS,1339,3,0.6501,1
ACC001487,R0306,Bank_A,Telangana,Hyderabad,CURRENT,1267,3,0.6501,1
ACC001488,R0306,Bank_E,Telangana,Hyderabad,SAVINGS,1726,3,0.6501,1
ACC001489,R0307,Bank_A,Odisha,Hyderabad,SAVINGS,58,7,0.9137,1
ACC001490,R0307,Bank_D,Odisha,Patna,SAVINGS,2033,7,0.9137,1
ACC001491,R0307,Bank_E,Odisha,Patna,CURRENT,714,7,0.9137,1
ACC001492,R0308,Bank_C,Telangana,Hyderabad,CURRENT,636,6,0.8775,1
ACC001493,R0308,Bank_B,Bihar,Patna,SAVINGS,1103,5,0.8262,1
ACC001494,R0308,Bank_B,Telangana,Hyderabad,SAVINGS,1772,5,0.8262,1
ACC001495,R0308,Bank_D,Telangana,Hyderabad,SAVINGS,1331,5,0.8262,1
ACC001496,R0308,Bank_B,Telangana,Hyderabad,SAVINGS,1652,5,0.8262,1
ACC001497,R0309,Bank_B,Maharashtra,Pune,SAVINGS,2144,16,0.9963,1
ACC001498,R0309,Bank_B,Maharashtra,Pune,SAVINGS,1882,16,0.9963,1
ACC001499,R0309,Bank_C,Odisha,Jaipur,SAVINGS,871,16,0.9963,1
ACC001500,R0310,Bank_A,Bihar,Patna,CURRENT,775,2,0.5034,1
ACC001501,R0310,Bank_A,Bihar,Patna,CURRENT,1015,2,0.5034,1
ACC001502,R0310,Bank_E,Bihar,Patna,SAVINGS,1485,3,0.6501,1
ACC001503,R0310,Bank_E,Bihar,Patna,SAVINGS,1553,2,0.5034,1
ACC001504,R0311,Bank_C,Telangana,Hyderabad,SAVINGS,1524,5,0.8262,1
ACC001505,R0311,Bank_E,Telangana,Hyderabad,CURRENT,1969,4,0.7534,1
ACC001506,R0311,Bank_E,Telangana,Hyderabad,SAVINGS,458,5,0.8262,1
ACC001507,R0312,Bank_E,Tamil Nadu,Chennai,SAVINGS,148,5,0.8262,1
ACC001508,R0312,Bank_A,Telangana,Hyderabad,SAVINGS,1253,6,0.8775,1
ACC001509,R0312,Bank_E,Telangana,Hyderabad,SAVINGS,185,6,0.8775,1
ACC001510,R0312,Bank_B,Tamil Nadu,Chennai,SAVINGS,1823,5,0.8262,1
ACC001511,R0312,Bank_C,Tamil Nadu,Chennai,SAVINGS,368,5,0.8262,1
ACC001512,R0312,Bank_C,Tamil Nadu,Chennai,SAVINGS,1832,5,0.8262,1
ACC001513,R0312,Bank_A,Tamil Nadu,Chennai,SAVINGS,60,5,0.8262,1
ACC001514,R0312,Bank_D,Tamil Nadu,Chennai,CURRENT,1778,6,0.8775,1
ACC001515,R0312,Bank_A,Tamil Nadu,Chennai,SAVINGS,1487,5,0.8262,1
ACC001516,R0313,Bank_A,Maharashtra,Pune,SAVINGS,948,8,0.9392,1
ACC001517,R0313,Bank_B,Maharashtra,Mumbai,SAVINGS,1667,6,0.8775,1
ACC001518,R0313,Bank_A,Maharashtra,Mumbai,SAVINGS,607,8,0.9392,1
ACC001519,R0314,Bank_C,Odisha,Delhi,CURRENT,906,5,0.8262,1
ACC001520,R0314,Bank_C,Odisha,Ahmedabad,SAVINGS,1849,5,0.8262,1
ACC001521,R0314,Bank_B,Odisha,Bengaluru,CURRENT,1286,5,0.8262,1
ACC001522,R0315,Bank_C,Odisha,Pune,SAVINGS,926,6,0.8775,1
ACC001523,R0315,Bank_E,Odisha,Mumbai,SAVINGS,2161,6,0.8775,1
ACC001524,R0315,Bank_C,Telangana,Hyderabad,SAVINGS,1837,6,0.8775,1
ACC001525,R0316,Bank_B,Telangana,Hyderabad,SAVINGS,1404,7,0.9137,1
ACC001526,R0316,Bank_A,Odisha,Bengaluru,CURRENT,2038,7,0.9137,1
ACC001527,R0316,Bank_A,Odisha,Lucknow,SAVINGS,1855,7,0.9137,1
ACC001528,R0317,Bank_E,Maharashtra,Pune,SAVINGS,468,9,0.9571,1
ACC001529,R0317,Bank_A,Telangana,Hyderabad,SAVINGS,624,9,0.9571,1
ACC001530,R0317,Bank_C,Telangana,Hyderabad,SAVINGS,1497,9,0.9571,1
ACC001531,R0318,Bank_B,Andhra Pradesh,Bengaluru,SAVINGS,251,5,0.8262,1
ACC001532,R0318,Bank_B,Telangana,Hyderabad,SAVINGS,2143,5,0.8262,1
ACC001533,R0318,Bank_B,Telangana,Hyderabad,CURRENT,1964,5,0.8262,1
ACC001534,R0319,Bank_B,Telangana,Hyderabad,CURRENT,1440,6,0.8775,1
ACC001535,R0319,Bank_B,Maharashtra,Mumbai,SAVINGS,1667,6,0.8775,1
ACC001536,R0319,Bank_D,Maharashtra,Mumbai,SAVINGS,65,7,0.9137,1
ACC001537,R0319,Bank_B,Maharashtra,Mumbai,SAVINGS,141,7,0.9137,1
ACC001538,R0320,Bank_B,Telangana,Hyderabad,SAVINGS,834,2,0.5034,1
ACC001539,R0320,Bank_D,Telangana,Hyderabad,SAVINGS,264,5,0.8262,1
ACC001540,R0320,Bank_D,Telangana,Hyderabad,SAVINGS,18,6,0.8775,1
ACC001541,R0320,Bank_E,Telangana,Hyderabad,SAVINGS,324,5,0.8262,1
ACC001542,R0320,Bank_E,Telangana,Hyderabad,SAVINGS,1884,5,0.8262,1
ACC001543,R0320,Bank_D,Telangana,Hyderabad,SAVINGS,757,5,0.8262,1
ACC001544,R0320,Bank_B,Telangana,Hyderabad,CURRENT,1137,4,0.7534,1
ACC001545,R0321,Bank_E,Telangana,Hyderabad,SAVINGS,31,5,0.8262,1
ACC001546,R0321,Bank_C,Bihar,Patna,SAVINGS,1051,5,0.8262,1
ACC001547,R0321,Bank_D,Telangana,Hyderabad,SAVINGS,800,5,0.8262,1
ACC001548,R0322,Bank_A,Telangana,Hyderabad,CURRENT,51,4,0.7534,1
ACC001549,R0322,Bank_D,Telangana,Hyderabad,CURRENT,1636,2,0.5034,1
ACC001550,R0322,Bank_A,Telangana,Hyderabad,SAVINGS,639,4,0.7534,1
ACC001551,R0323,Bank_E,Odisha,Bengaluru,SAVINGS,1638,4,0.7534,1
ACC001552,R0323,Bank_D,Odisha,Bengaluru,SAVINGS,1261,3,0.6501,1
ACC001553,R0323,Bank_D,Bihar,Patna,SAVINGS,1043,5,0.8262,1
ACC001554,R0323,Bank_A,Maharashtra,Mumbai,CURRENT,550,3,0.6501,1
ACC001555,R0323,Bank_B,Odisha,Chennai,SAVINGS,1823,4,0.7534,1
ACC001556,R0323,Bank_D,Telangana,Hyderabad,SAVINGS,1118,2,0.5034,1
ACC001557,R0323,Bank_C,Telangana,Hyderabad,SAVINGS,624,3,0.6501,1
ACC001558,R0323,Bank_B,Odisha,Kolkata,SAVINGS,1180,5,0.8262,1
ACC001559,R0323,Bank_E,Odisha,Chennai,SAVINGS,528,1,0.2953,0
ACC001560,R0323,Bank_C,Odisha,Hyderabad,SAVINGS,105,3,0.6501,1
ACC001561,R0323,Bank_E,Telangana,Hyderabad,SAVINGS,1455,3,0.6501,1
ACC001562,R0323,Bank_C,Odisha,Ahmedabad,SAVINGS,1678,5,0.8262,1
ACC001563,R0323,Bank_D,Odisha,Mumbai,SAVINGS,927,7,0.9137,1
ACC001564,R0323,Bank_D,Odisha,Mumbai,SAVINGS,559,3,0.6501,1
ACC001565,R0323,Bank_D,Odisha,Pune,SAVINGS,261,4,0.7534,1
ACC001566,R0323,Bank_C,Odisha,Jaipur,SAVINGS,1919,3,0.6501,1
ACC001567,R0323,Bank_D,Telangana,Hyderabad,SAVINGS,1514,5,0.8262,1
ACC001568,R0323,Bank_B,Odisha,Bengaluru,CURRENT,910,3,0.6501,1
ACC001569,R0324,Bank_C,Telangana,Hyderabad,SAVINGS,246,4,0.7534,1
ACC001570,R0324,Bank_A,Telangana,Hyderabad,SAVINGS,1186,6,0.8775,1
ACC001571,R0324,Bank_B,Telangana,Hyderabad,CURRENT,135,4,0.7534,1
ACC001572,R0324,Bank_D,Telangana,Hyderabad,SAVINGS,1509,5,0.8262,1
ACC001573,R0324,Bank_B,Telangana,Hyderabad,SAVINGS,715,4,0.7534,1
ACC001574,R0324,Bank_B,Telangana,Hyderabad,SAVINGS,465,3,0.6501,1
ACC001575,R0324,Bank_E,Telangana,Hyderabad,SAVINGS,942,5,0.8262,1
ACC001576,R0324,Bank_B,Telangana,Hyderabad,CURRENT,2032,4,0.7534,1
ACC001577,R0324,Bank_C,Telangana,Hyderabad,SAVINGS,1518,6,0.8775,1
ACC001578,R0325,Bank_A,Chhattisgarh,Hyderabad,SAVINGS,510,9,0.9571,1
ACC001579,R0325,Bank_D,Telangana,Hyderabad,SAVINGS,1363,10,0.9698,1
ACC001580,R0325,Bank_D,Maharashtra,Pune,SAVINGS,571,10,0.9698,1
ACC001581,R0326,Bank_D,Telangana,Hyderabad,SAVINGS,87,5,0.8262,1
ACC001582,R0326,Bank_C,Telangana,Hyderabad,SAVINGS,372,5,0.8262,1
ACC001583,R0326,Bank_C,Telangana,Hyderabad,SAVINGS,469,5,0.8262,1
ACC001584,R0327,Bank_D,Telangana,Hyderabad,SAVINGS,87,3,0.6501,1
ACC001585,R0327,Bank_B,Telangana,Hyderabad,SAVINGS,1733,3,0.6501,1
ACC001586,R0327,Bank_B,Telangana,Hyderabad,SAVINGS,437,3,0.6501,1
ACC001587,R0328,Bank_E,Telangana,Hyderabad,SAVINGS,1604,4,0.7534,1
ACC001588,R0328,Bank_D,Telangana,Hyderabad,CURRENT,796,4,0.7534,1
ACC001589,R0328,Bank_A,Telangana,Hyderabad,SAVINGS,1172,3,0.6501,1
ACC001590,R0329,Bank_C,Maharashtra,Pune,SAVINGS,1729,5,0.8262,1
ACC001591,R0329,Bank_D,Telangana,Hyderabad,SAVINGS,1611,5,0.8262,1
ACC001592,R0329,Bank_D,Telangana,Hyderabad,SAVINGS,1717,5,0.8262,1
ACC001593,R0330,Bank_B,Maharashtra,Pune,SAVINGS,1825,1,0.2953,0
ACC001594,R0330,Bank_B,Maharashtra,Pune,SAVINGS,359,1,0.2953,0
ACC001595,R0330,Bank_E,Maharashtra,Mumbai,SAVINGS,601,1,0.2953,0
ACC001596,R0330,Bank_B,Maharashtra,Pune,SAVINGS,2022,1,0.2953,0
ACC001597,R0330,Bank_B,Maharashtra,Pune,SAVINGS,2131,1,0.2953,0
ACC001598,R0330,Bank_D,Maharashtra,Mumbai,SAVINGS,1118,1,0.2953,0
ACC001599,R0331,Bank_C,Telangana,Hyderabad,SAVINGS,1057,5,0.8262,1
ACC001600,R0331,Bank_D,Telangana,Hyderabad,SAVINGS,941,5,0.8262,1
ACC001601,R0331,Bank_B,Telangana,Hyderabad,SAVINGS,1226,4,0.7534,1
ACC001602,R0332,Bank_B,Kerala,Jaipur,SAVINGS,905,6,0.8775,1
ACC001603,R0332,Bank_B,Kerala,Patna,SAVINGS,872,6,0.8775,1
ACC001604,R0332,Bank_B,Kerala,Jaipur,SAVINGS,2001,5,0.8262,1
ACC001605,R0332,Bank_A,Telangana,Hyderabad,SAVINGS,2118,6,0.8775,1
ACC001606,R0333,Bank_A,Telangana,Hyderabad,CURRENT,851,2,0.5034,1
ACC001607,R0333,Bank_E,Telangana,Hyderabad,SAVINGS,1936,1,0.2953,0
ACC001608,R0333,Bank_D,Telangana,Hyderabad,SAVINGS,2091,1,0.2953,0
ACC001609,R0333,Bank_C,Telangana,Hyderabad,SAVINGS,1253,1,0.2953,0
ACC001610,R0333,Bank_B,Telangana,Hyderabad,SAVINGS,1611,1,0.2953,0
ACC001611,R0333,Bank_B,Telangana,Hyderabad,SAVINGS,310,2,0.5034,1
ACC001612,R0333,Bank_A,Telangana,Hyderabad,SAVINGS,1317,2,0.5034,1
ACC001613,R0333,Bank_B,Telangana,Hyderabad,CURRENT,866,1,0.2953,0
ACC001614,R0333,Bank_B,Telangana,Hyderabad,SAVINGS,1208,1,0.2953,0
ACC001615,R0333,Bank_E,Telangana,Hyderabad,CURRENT,564,1,0.2953,0
ACC001616,R0333,Bank_E,Telangana,Hyderabad,SAVINGS,1878,1,0.2953,0
ACC001617,R0333,Bank_B,Telangana,Hyderabad,SAVINGS,207,1,0.2953,0
ACC001618,R0333,Bank_D,Telangana,Hyderabad,SAVINGS,1213,2,0.5034,1
ACC001619,R0333,Bank_D,Andhra Pradesh,Mumbai,SAVINGS,2151,1,0.2953,0
ACC001620,R0333,Bank_E,Telangana,Hyderabad,SAVINGS,329,3,0.6501,1
ACC001621,R0333,Bank_D,Telangana,Hyderabad,SAVINGS,1720,2,0.5034,1
ACC001622,R0333,Bank_A,Telangana,Hyderabad,SAVINGS,1176,1,0.2953,0
ACC001623,R0333,Bank_A,Telangana,Hyderabad,SAVINGS,444,2,0.5034,1
ACC001624,R0334,Bank_B,Telangana,Hyderabad,SAVINGS,195,7,0.9137,1
ACC001625,R0334,Bank_A,Telangana,Hyderabad,CURRENT,1575,7,0.9137,1
ACC001626,R0334,Bank_B,Telangana,Hyderabad,SAVINGS,1551,6,0.8775,1
ACC001627,R0335,Bank_B,Bihar,Patna,SAVINGS,2134,3,0.6501,1
ACC001628,R0335,Bank_B,Bihar,Patna,CURRENT,1983,2,0.5034,1
ACC001629,R0335,Bank_D,Bihar,Patna,SAVINGS,171,3,0.6501,1
ACC001630,R0336,Bank_B,Telangana,Hyderabad,SAVINGS,1553,8,0.9392,1
ACC001631,R0336,Bank_B,Telangana,Hyderabad,SAVINGS,1173,7,0.9137,1
ACC001632,R0336,Bank_E,Telangana,Hyderabad,SAVINGS,1307,7,0.9137,1
ACC001633,R0337,Bank_C,Bihar,Patna,SAVINGS,1923,3,0.6501,1
ACC001634,R0337,Bank_D,Bihar,Patna,SAVINGS,856,3,0.6501,1
ACC001635,R0337,Bank_C,Bihar,Patna,SAVINGS,1053,2,0.5034,1
ACC001636,R0337,Bank_B,Telangana,Hyderabad,SAVINGS,1697,2,0.5034,1
ACC001637,R0337,Bank_D,Bihar,Patna,SAVINGS,2154,1,0.2953,0
ACC001638,R0337,Bank_B,Bihar,Patna,SAVINGS,343,2,0.5034,1
ACC001639,R0337,Bank_A,Bihar,Patna,CURRENT,1693,3,0.6501,1
ACC001640,R0337,Bank_C,Rajasthan,Jaipur,SAVINGS,294,1,0.2953,0
ACC001641,R0337,Bank_B,Bihar,Patna,CURRENT,1589,6,0.8775,1
ACC001642,R0337,Bank_D,Bihar,Patna,SAVINGS,720,3,0.6501,1
ACC001643,R0337,Bank_D,Telangana,Hyderabad,SAVINGS,1993,4,0.7534,1
ACC001644,R0337,Bank_E,Bihar,Patna,CURRENT,2012,2,0.5034,1
ACC001645,R0337,Bank_A,Bihar,Patna,SAVINGS,1811,2,0.5034,1
ACC001646,R0337,Bank_E,Telangana,Hyderabad,SAVINGS,1602,3,0.6501,1
ACC001647,R0337,Bank_E,Bihar,Patna,SAVINGS,1458,2,0.5034,1
ACC001648,R0337,Bank_A,Bihar,Patna,SAVINGS,1900,2,0.5034,1
ACC001649,R0337,Bank_D,Bihar,Patna,SAVINGS,172,2,0.5034,1
ACC001650,R0338,Bank_E,Telangana,Hyderabad,SAVINGS,1920,1,0.2953,0
ACC001651,R0338,Bank_E,Telangana,Hyderabad,CURRENT,959,1,0.2953,0
ACC001652,R0338,Bank_C,Telangana,Hyderabad,SAVINGS,75,1,0.2953,0
ACC001653,R0339,Bank_E,Bihar,Patna,SAVINGS,213,5,0.8262,1
ACC001654,R0339,Bank_E,Bihar,Patna,CURRENT,730,5,0.8262,1
ACC001655,R0339,Bank_C,Bihar,Patna,SAVINGS,481,4,0.7534,1
ACC001656,R0340,Bank_A,Telangana,Hyderabad,SAVINGS,205,6,0.8775,1
ACC001657,R0340,Bank_C,Tamil Nadu,Chennai,SAVINGS,55,5,0.8262,1
ACC001658,R0340,Bank_E,Telangana,Hyderabad,SAVINGS,456,6,0.8775,1
ACC001659,R0341,Bank_E,Telangana,Hyderabad,SAVINGS,702,4,0.7534,1
ACC001660,R0341,Bank_A,Bihar,Patna,SAVINGS,1573,5,0.8262,1
ACC001661,R0341,Bank_D,Bihar,Patna,SAVINGS,1496,5,0.8262,1
ACC001662,R0342,Bank_D,Telangana,Hyderabad,SAVINGS,1747,5,0.8262,1
ACC001663,R0342,Bank_C,Telangana,Hyderabad,SAVINGS,1944,5,0.8262,1
ACC001664,R0342,Bank_A,Telangana,Hyderabad,SAVINGS,69,4,0.7534,1
ACC001665,R0343,Bank_C,Telangana,Hyderabad,SAVINGS,192,3,0.6501,1
ACC001666,R0343,Bank_B,Telangana,Hyderabad,SAVINGS,447,3,0.6501,1
ACC001667,R0343,Bank_B,Maharashtra,Pune,SAVINGS,1579,3,0.6501,1
ACC001668,R0344,Bank_E,Odisha,Ahmedabad,SAVINGS,1744,1,0.2953,0
ACC001669,R0344,Bank_C,Telangana,Hyderabad,SAVINGS,319,1,0.2953,0
ACC001670,R0344,Bank_C,Telangana,Hyderabad,SAVINGS,542,0,0.0,0
ACC001671,R0345,Bank_E,Telangana,Hyderabad,SAVINGS,873,3,0.6501,1
ACC001672,R0345,Bank_B,Telangana,Hyderabad,SAVINGS,74,4,0.7534,1
ACC001673,R0345,Bank_C,Telangana,Hyderabad,SAVINGS,250,4,0.7534,1
ACC001674,R0345,Bank_C,Telangana,Hyderabad,SAVINGS,1335,4,0.7534,1
ACC001675,R0345,Bank_E,Maharashtra,Mumbai,SAVINGS,1582,5,0.8262,1
ACC001676,R0345,Bank_B,Telangana,Hyderabad,SAVINGS,257,2,0.5034,1
ACC001677,R0345,Bank_A,Telangana,Hyderabad,SAVINGS,2139,3,0.6501,1
ACC001678,R0345,Bank_A,Telangana,Hyderabad,SAVINGS,245,3,0.6501,1
ACC001679,R0345,Bank_E,Telangana,Hyderabad,SAVINGS,1906,2,0.5034,1
ACC001680,R0346,Bank_C,Telangana,Hyderabad,SAVINGS,282,1,0.2953,0
ACC001681,R0346,Bank_B,Telangana,Hyderabad,SAVINGS,1492,1,0.2953,0
ACC001682,R0346,Bank_E,Telangana,Hyderabad,CURRENT,2194,1,0.2953,0
ACC001683,R0346,Bank_B,Telangana,Hyderabad,SAVINGS,89,1,0.2953,0
ACC001684,R0346,Bank_D,Telangana,Hyderabad,SAVINGS,2164,1,0.2953,0
ACC001685,R0347,Bank_E,Telangana,Hyderabad,SAVINGS,1149,9,0.9571,1
ACC001686,R0347,Bank_B,Telangana,Hyderabad,SAVINGS,1248,8,0.9392,1
ACC001687,R0347,Bank_C,Telangana,Hyderabad,SAVINGS,365,9,0.9571,1
ACC001688,R0347,Bank_D,Telangana,Hyderabad,SAVINGS,1856,9,0.9571,1
ACC001689,R0347,Bank_B,Telangana,Hyderabad,SAVINGS,1641,8,0.9392,1
ACC001690,R0348,Bank_A,Maharashtra,Mumbai,SAVINGS,1965,1,0.2953,0
ACC001691,R0348,Bank_E,Telangana,Hyderabad,CURRENT,1942,1,0.2953,0
ACC001692,R0348,Bank_E,Maharashtra,Mumbai,SAVINGS,1818,1,0.2953,0
ACC001693,R0348,Bank_E,Telangana,Hyderabad,SAVINGS,154,1,0.2953,0
ACC001694,R0348,Bank_B,Telangana,Hyderabad,SAVINGS,678,0,0.0,0
ACC001695,R0348,Bank_D,Maharashtra,Mumbai,CURRENT,24,1,0.2953,0
ACC001696,R0348,Bank_E,Maharashtra,Mumbai,SAVINGS,829,1,0.2953,0
ACC001697,R0348,Bank_C,Maharashtra,Mumbai,SAVINGS,383,1,0.2953,0
ACC001698,R0348,Bank_E,Maharashtra,Pune,SAVINGS,1713,1,0.2953,0
ACC001699,R0348,Bank_C,Madhya Pradesh,Bengaluru,SAVINGS,1334,1,0.2953,0
ACC001700,R0348,Bank_C,Bihar,Patna,CURRENT,868,1,0.2953,0
ACC001701,R0348,Bank_C,Maharashtra,Mumbai,CURRENT,1997,0,0.0,0
ACC001702,R0348,Bank_A,Bihar,Patna,CURRENT,1370,1,0.2953,0
ACC001703,R0348,Bank_A,Maharashtra,Mumbai,SAVINGS,894,0,0.0,0
ACC001704,R0348,Bank_B,Telangana,Hyderabad,SAVINGS,120,1,0.2953,0
ACC001705,R0348,Bank_A,Maharashtra,Mumbai,CURRENT,1237,2,0.5034,1
ACC001706,R0348,Bank_A,Maharashtra,Mumbai,CURRENT,1766,1,0.2953,0
ACC001707,R0348,Bank_D,Maharashtra,Pune,SAVINGS,232,1,0.2953,0
ACC001708,R0349,Bank_C,Telangana,Hyderabad,SAVINGS,39,4,0.7534,1
ACC001709,R0349,Bank_C,Telangana,Hyderabad,CURRENT,760,4,0.7534,1
ACC001710,R0349,Bank_A,Telangana,Hyderabad,SAVINGS,566,4,0.7534,1
ACC001711,R0350,Bank_A,Telangana,Hyderabad,SAVINGS,219,5,0.8262,1
ACC001712,R0350,Bank_B,Bihar,Patna,SAVINGS,1495,6,0.8775,1
ACC001713,R0350,Bank_E,Bihar,Patna,SAVINGS,140,5,0.8262,1
ACC001714,R0350,Bank_C,Bihar,Patna,SAVINGS,113,6,0.8775,1
ACC001715,R0351,Bank_E,Telangana,Hyderabad,SAVINGS,1210,6,0.8775,1
ACC001716,R0351,Bank_E,Telangana,Hyderabad,SAVINGS,19,6,0.8775,1
ACC001717,R0351,Bank_D,Kerala,Ahmedabad,SAVINGS,675,6,0.8775,1
ACC001718,R0352,Bank_E,Telangana,Hyderabad,SAVINGS,536,6,0.8775,1
ACC001719,R0352,Bank_D,Bihar,Patna,SAVINGS,1257,6,0.8775,1
ACC001720,R0352,Bank_D,Bihar,Patna,SAVINGS,69,7,0.9137,1
ACC001721,R0352,Bank_D,Bihar,Patna,SAVINGS,877,7,0.9137,1
ACC001722,R0352,Bank_D,Telangana,Hyderabad,CURRENT,2153,6,0.8775,1
ACC001723,R0353,Bank_A,Bihar,Patna,SAVINGS,1877,3,0.6501,1
ACC001724,R0353,Bank_C,Telangana,Hyderabad,CURRENT,91,3,0.6501,1
ACC001725,R0353,Bank_C,Telangana,Hyderabad,SAVINGS,544,3,0.6501,1
ACC001726,R0353,Bank_B,Telangana,Hyderabad,CURRENT,560,2,0.5034,1
ACC001727,R0354,Bank_C,Telangana,Hyderabad,CURRENT,34,4,0.7534,1
ACC001728,R0354,Bank_D,Telangana,Hyderabad,SAVINGS,949,4,0.7534,1
ACC001729,R0354,Bank_C,Telangana,Hyderabad,SAVINGS,1666,4,0.7534,1
ACC001730,R0355,Bank_C,Telangana,Hyderabad,SAVINGS,124,6,0.8775,1
ACC001731,R0355,Bank_B,Telangana,Hyderabad,SAVINGS,979,6,0.8775,1
ACC001732,R0355,Bank_D,Telangana,Hyderabad,SAVINGS,1059,6,0.8775,1
ACC001733,R0356,Bank_A,Telangana,Hyderabad,SAVINGS,541,4,0.7534,1
ACC001734,R0356,Bank_C,Telangana,Hyderabad,SAVINGS,1574,4,0.7534,1
ACC001735,R0356,Bank_B,Telangana,Hyderabad,SAVINGS,430,4,0.7534,1
ACC001736,R0356,Bank_C,Telangana,Hyderabad,SAVINGS,1221,2,0.5034,1
ACC001737,R0357,Bank_A,Telangana,Hyderabad,SAVINGS,1498,8,0.9392,1
ACC001738,R0357,Bank_C,Telangana,Hyderabad,CURRENT,732,5,0.8262,1
ACC001739,R0357,Bank_B,Telangana,Hyderabad,SAVINGS,1306,10,0.9698,1
ACC001740,R0357,Bank_B,Telangana,Hyderabad,CURRENT,854,8,0.9392,1
ACC001741,R0357,Bank_E,Telangana,Hyderabad,SAVINGS,849,10,0.9698,1
ACC001742,R0358,Bank_E,Telangana,Hyderabad,SAVINGS,1269,7,0.9137,1
ACC001743,R0358,Bank_D,Telangana,Hyderabad,SAVINGS,2014,7,0.9137,1
ACC001744,R0358,Bank_B,Telangana,Hyderabad,SAVINGS,2169,7,0.9137,1
ACC001745,R0359,Bank_D,Telangana,Hyderabad,SAVINGS,2146,1,0.2953,0
ACC001746,R0359,Bank_D,Telangana,Hyderabad,CURRENT,1329,3,0.6501,1
ACC001747,R0359,Bank_B,Telangana,Hyderabad,SAVINGS,335,2,0.5034,1
ACC001748,R0359,Bank_A,Telangana,Hyderabad,CURRENT,916,1,0.2953,0
ACC001749,R0359,Bank_B,Telangana,Hyderabad,SAVINGS,485,4,0.7534,1
ACC001750,R0359,Bank_B,Telangana,Hyderabad,SAVINGS,1524,2,0.5034,1
ACC001751,R0359,Bank_A,Telangana,Hyderabad,SAVINGS,532,1,0.2953,0
ACC001752,R0359,Bank_C,Telangana,Hyderabad,SAVINGS,1162,2,0.5034,1
ACC001753,R0359,Bank_E,Odisha,Patna,SAVINGS,2016,3,0.6501,1
ACC001754,R0359,Bank_E,Telangana,Hyderabad,SAVINGS,197,2,0.5034,1
ACC001755,R0359,Bank_C,Telangana,Hyderabad,SAVINGS,1796,1,0.2953,0
ACC001756,R0359,Bank_C,Telangana,Hyderabad,SAVINGS,2117,2,0.5034,1
ACC001757,R0359,Bank_C,Telangana,Hyderabad,SAVINGS,1887,2,0.5034,1
ACC001758,R0359,Bank_A,Telangana,Hyderabad,SAVINGS,2169,2,0.5034,1
ACC001759,R0359,Bank_A,Telangana,Hyderabad,SAVINGS,612,3,0.6501,1
ACC001760,R0359,Bank_C,Telangana,Hyderabad,SAVINGS,333,3,0.6501,1
ACC001761,R0359,Bank_D,Bihar,Patna,SAVINGS,329,1,0.2953,0
ACC001762,R0359,Bank_A,Telangana,Hyderabad,SAVINGS,1152,1,0.2953,0
ACC001763,R0360,Bank_C,Telangana,Hyderabad,SAVINGS,548,3,0.6501,1
ACC001764,R0360,Bank_A,Bihar,Patna,SAVINGS,1443,4,0.7534,1
ACC001765,R0360,Bank_A,Telangana,Hyderabad,SAVINGS,1225,4,0.7534,1
ACC001766,R0361,Bank_B,Telangana,Hyderabad,SAVINGS,149,3,0.6501,1
ACC001767,R0361,Bank_B,Telangana,Hyderabad,SAVINGS,1880,2,0.5034,1
ACC001768,R0361,Bank_E,Telangana,Hyderabad,SAVINGS,309,3,0.6501,1
ACC001769,R0362,Bank_B,Telangana,Hyderabad,SAVINGS,407,4,0.7534,1
ACC001770,R0362,Bank_A,Bihar,Patna,SAVINGS,1169,5,0.8262,1
ACC001771,R0362,Bank_E,Bihar,Patna,SAVINGS,410,4,0.7534,1
ACC001772,R0362,Bank_B,Telangana,Hyderabad,CURRENT,812,3,0.6501,1
ACC001773,R0362,Bank_B,Telangana,Hyderabad,SAVINGS,123,4,0.7534,1
ACC001774,R0363,Bank_A,Bihar,Patna,SAVINGS,377,8,0.9392,1
ACC001775,R0363,Bank_D,Bihar,Patna,SAVINGS,1728,8,0.9392,1
ACC001776,R0363,Bank_B,Bihar,Patna,SAVINGS,2088,8,0.9392,1
ACC001777,R0364,Bank_E,Bihar,Patna,SAVINGS,1260,1,0.2953,0
ACC001778,R0364,Bank_A,Telangana,Hyderabad,SAVINGS,329,1,0.2953,0
ACC001779,R0364,Bank_C,Bihar,Patna,SAVINGS,948,1,0.2953,0
ACC001780,R0364,Bank_A,Bihar,Patna,SAVINGS,1870,1,0.2953,0
ACC001781,R0364,Bank_C,Bihar,Patna,CURRENT,1805,1,0.2953,0
ACC001782,R0364,Bank_C,Bihar,Patna,CURRENT,876,2,0.5034,1
ACC001783,R0364,Bank_C,Bihar,Patna,SAVINGS,1838,2,0.5034,1
ACC001784,R0364,Bank_E,Bihar,Patna,CURRENT,2190,1,0.2953,0
ACC001785,R0364,Bank_C,Telangana,Hyderabad,CURRENT,2042,2,0.5034,1
ACC001786,R0364,Bank_A,Bihar,Patna,SAVINGS,1303,2,0.5034,1
ACC001787,R0364,Bank_C,Bihar,Patna,SAVINGS,1265,1,0.2953,0
ACC001788,R0364,Bank_D,Bihar,Patna,SAVINGS,318,1,0.2953,0
ACC001789,R0364,Bank_C,Bihar,Patna,CURRENT,218,1,0.2953,0
ACC001790,R0364,Bank_C,Bihar,Patna,SAVINGS,1621,2,0.5034,1
ACC001791,R0364,Bank_E,Bihar,Patna,SAVINGS,1028,1,0.2953,0
ACC001792,R0364,Bank_B,Bihar,Patna,SAVINGS,151,1,0.2953,0
ACC001793,R0364,Bank_C,Bihar,Patna,SAVINGS,682,1,0.2953,0
ACC001794,R0364,Bank_D,Bihar,Patna,CURRENT,1739,1,0.2953,0
ACC001795,R0365,Bank_C,Andhra Pradesh,Ahmedabad,SAVINGS,1337,4,0.7534,1
ACC001796,R0365,Bank_E,Telangana,Hyderabad,CURRENT,73,4,0.7534,1
ACC001797,R0365,Bank_C,Telangana,Hyderabad,SAVINGS,149,4,0.7534,1
ACC001798,R0366,Bank_B,Maharashtra,Mumbai,CURRENT,395,9,0.9571,1
ACC001799,R0366,Bank_C,Tamil Nadu,Chennai,SAVINGS,405,11,0.9787,1
ACC001800,R0366,Bank_C,Tamil Nadu,Chennai,SAVINGS,850,11,0.9787,1
ACC001801,R0367,Bank_C,Telangana,Hyderabad,CURRENT,1845,7,0.9137,1
ACC001802,R0367,Bank_B,Telangana,Hyderabad,CURRENT,712,7,0.9137,1
ACC001803,R0367,Bank_E,Telangana,Hyderabad,SAVINGS,1651,7,0.9137,1
ACC001804,R0367,Bank_C,Telangana,Hyderabad,SAVINGS,1942,8,0.9392,1
ACC001805,R0368,Bank_E,Telangana,Hyderabad,SAVINGS,557,4,0.7534,1
ACC001806,R0368,Bank_E,Telangana,Hyderabad,SAVINGS,828,4,0.7534,1
ACC001807,R0368,Bank_C,Telangana,Hyderabad,SAVINGS,1713,4,0.7534,1
ACC001808,R0369,Bank_D,Odisha,Lucknow,SAVINGS,1666,2,0.5034,1
ACC001809,R0369,Bank_A,Odisha,Chennai,SAVINGS,1408,3,0.6501,1
ACC001810,R0369,Bank_B,Odisha,Kolkata,CURRENT,1364,3,0.6501,1
ACC001811,R0370,Bank_B,Telangana,Hyderabad,SAVINGS,1770,5,0.8262,1
ACC001812,R0370,Bank_A,Telangana,Hyderabad,SAVINGS,723,5,0.8262,1
ACC001813,R0370,Bank_A,Telangana,Hyderabad,SAVINGS,577,5,0.8262,1
ACC001814,R0371,Bank_D,Maharashtra,Mumbai,SAVINGS,131,3,0.6501,1
ACC001815,R0371,Bank_C,Bihar,Patna,SAVINGS,885,4,0.7534,1
ACC001816,R0371,Bank_D,Telangana,Hyderabad,SAVINGS,992,4,0.7534,1
ACC001817,R0372,Bank_B,Telangana,Hyderabad,SAVINGS,1749,4,0.7534,1
ACC001818,R0372,Bank_D,Maharashtra,Pune,CURRENT,916,5,0.8262,1
ACC001819,R0372,Bank_C,Maharashtra,Mumbai,CURRENT,2123,5,0.8262,1
ACC001820,R0373,Bank_D,Odisha,Patna,SAVINGS,2164,2,0.5034,1
ACC001821,R0373,Bank_D,Odisha,Lucknow,SAVINGS,566,1,0.2953,0
ACC001822,R0373,Bank_B,Odisha,Kolkata,SAVINGS,1174,2,0.5034,1
ACC001823,R0373,Bank_A,Odisha,Pune,SAVINGS,1105,2,0.5034,1
ACC001824,R0374,Bank_E,Maharashtra,Mumbai,SAVINGS,1270,2,0.5034,1
ACC001825,R0374,Bank_A,Bihar,Patna,SAVINGS,2036,2,0.5034,1
ACC001826,R0374,Bank_B,Maharashtra,Pune,SAVINGS,793,2,0.5034,1
ACC001827,R0375,Bank_C,Bihar,Patna,SAVINGS,767,6,0.8775,1
ACC001828,R0375,Bank_C,Bihar,Patna,SAVINGS,1704,6,0.8775,1
ACC001829,R0375,Bank_D,Bihar,Patna,SAVINGS,1113,6,0.8775,1
ACC001830,R0376,Bank_E,Bihar,Patna,SAVINGS,1754,4,0.7534,1
ACC001831,R0376,Bank_B,Bihar,Patna,SAVINGS,452,4,0.7534,1
ACC001832,R0376,Bank_A,Bihar,Patna,SAVINGS,1561,4,0.7534,1
ACC001833,R0377,Bank_B,Telangana,Hyderabad,CURRENT,563,3,0.6501,1
ACC001834,R0377,Bank_B,Telangana,Hyderabad,SAVINGS,914,5,0.8262,1
ACC001835,R0377,Bank_D,Telangana,Hyderabad,SAVINGS,1179,4,0.7534,1
ACC001836,R0378,Bank_D,Tamil Nadu,Chennai,SAVINGS,83,2,0.5034,1
ACC001837,R0378,Bank_C,Telangana,Hyderabad,SAVINGS,1103,3,0.6501,1
ACC001838,R0378,Bank_A,Tamil Nadu,Chennai,SAVINGS,633,4,0.7534,1
ACC001839,R0378,Bank_D,Tamil Nadu,Chennai,SAVINGS,1987,5,0.8262,1
ACC001840,R0379,Bank_B,Odisha,Hyderabad,SAVINGS,1437,5,0.8262,1
ACC001841,R0379,Bank_C,Odisha,Delhi,SAVINGS,2187,5,0.8262,1
ACC001842,R0379,Bank_A,Telangana,Hyderabad,SAVINGS,1640,5,0.8262,1
ACC001843,R0380,Bank_C,Telangana,Hyderabad,SAVINGS,323,2,0.5034,1
ACC001844,R0380,Bank_A,Andhra Pradesh,Kolkata,SAVINGS,1742,2,0.5034,1
ACC001845,R0380,Bank_A,Telangana,Hyderabad,SAVINGS,1932,2,0.5034,1
ACC001846,R0381,Bank_E,Telangana,Hyderabad,CURRENT,151,6,0.8775,1
ACC001847,R0381,Bank_A,Telangana,Hyderabad,SAVINGS,791,6,0.8775,1
ACC001848,R0381,Bank_E,Telangana,Hyderabad,CURRENT,1361,6,0.8775,1
ACC001849,R0382,Bank_E,Telangana,Hyderabad,SAVINGS,1380,2,0.5034,1
ACC001850,R0382,Bank_B,Telangana,Hyderabad,SAVINGS,57,3,0.6501,1
ACC001851,R0382,Bank_B,Telangana,Hyderabad,SAVINGS,84,3,0.6501,1
ACC001852,R0382,Bank_D,Telangana,Hyderabad,SAVINGS,1546,3,0.6501,1
ACC001853,R0382,Bank_B,Telangana,Hyderabad,CURRENT,622,3,0.6501,1
ACC001854,R0382,Bank_A,Telangana,Hyderabad,SAVINGS,57,4,0.7534,1
ACC001855,R0382,Bank_A,Telangana,Hyderabad,SAVINGS,2180,1,0.2953,0
ACC001856,R0383,Bank_D,Telangana,Hyderabad,SAVINGS,1805,4,0.7534,1
ACC001857,R0383,Bank_A,Maharashtra,Mumbai,CURRENT,364,4,0.7534,1
ACC001858,R0383,Bank_E,Telangana,Hyderabad,SAVINGS,1599,3,0.6501,1
ACC001859,R0383,Bank_B,Telangana,Hyderabad,CURRENT,1973,5,0.8262,1
ACC001860,R0383,Bank_E,Telangana,Hyderabad,SAVINGS,42,4,0.7534,1
ACC001861,R0383,Bank_A,Telangana,Hyderabad,SAVINGS,737,4,0.7534,1
ACC001862,R0384,Bank_C,Telangana,Hyderabad,SAVINGS,12,2,0.5034,1
ACC001863,R0384,Bank_E,Telangana,Hyderabad,SAVINGS,1848,2,0.5034,1
ACC001864,R0384,Bank_D,Telangana,Hyderabad,SAVINGS,1621,2,0.5034,1
ACC001865,R0385,Bank_C,Odisha,Bengaluru,SAVINGS,605,4,0.7534,1
ACC001866,R0385,Bank_C,Odisha,Patna,SAVINGS,1996,5,0.8262,1
ACC001867,R0385,Bank_E,Odisha,Hyderabad,SAVINGS,557,5,0.8262,1
ACC001868,R0386,Bank_C,Uttar Pradesh,Lucknow,SAVINGS,1439,6,0.8775,1
ACC001869,R0386,Bank_A,Telangana,Hyderabad,SAVINGS,1968,6,0.8775,1
ACC001870,R0386,Bank_E,Uttar Pradesh,Lucknow,SAVINGS,1732,6,0.8775,1
ACC001871,R0387,Bank_A,Telangana,Hyderabad,CURRENT,2109,4,0.7534,1
ACC001872,R0387,Bank_A,Telangana,Hyderabad,SAVINGS,934,4,0.7534,1
ACC001873,R0387,Bank_E,Telangana,Hyderabad,SAVINGS,387,4,0.7534,1
ACC001874,R0388,Bank_E,Telangana,Hyderabad,SAVINGS,976,1,0.2953,0
ACC001875,R0388,Bank_E,Telangana,Hyderabad,CURRENT,296,1,0.2953,0
ACC001876,R0388,Bank_C,Telangana,Hyderabad,SAVINGS,1154,1,0.2953,0
ACC001877,R0388,Bank_B,Telangana,Hyderabad,SAVINGS,516,1,0.2953,0
ACC001878,R0388,Bank_B,Telangana,Hyderabad,SAVINGS,631,1,0.2953,0
ACC001879,R0388,Bank_B,Bihar,Patna,CURRENT,712,1,0.2953,0
ACC001880,R0388,Bank_C,Telangana,Hyderabad,SAVINGS,1523,1,0.2953,0
ACC001881,R0388,Bank_B,Telangana,Hyderabad,CURRENT,1508,0,0.0,0
ACC001882,R0388,Bank_B,Telangana,Hyderabad,CURRENT,1686,1,0.2953,0
ACC001883,R0389,Bank_A,Bihar,Patna,CURRENT,649,6,0.8775,1
ACC001884,R0389,Bank_A,Bihar,Patna,SAVINGS,644,5,0.8262,1
ACC001885,R0389,Bank_A,Odisha,Chennai,SAVINGS,1237,6,0.8775,1
ACC001886,R0390,Bank_C,Telangana,Hyderabad,CURRENT,1819,3,0.6501,1
ACC001887,R0390,Bank_E,Bihar,Patna,SAVINGS,1953,3,0.6501,1
ACC001888,R0390,Bank_C,Telangana,Hyderabad,SAVINGS,204,3,0.6501,1
ACC001889,R0391,Bank_E,Telangana,Hyderabad,SAVINGS,475,5,0.8262,1
ACC001890,R0391,Bank_D,Telangana,Hyderabad,SAVINGS,1279,5,0.8262,1
ACC001891,R0391,Bank_A,Telangana,Hyderabad,SAVINGS,2087,6,0.8775,1
ACC001892,R0391,Bank_D,Telangana,Hyderabad,SAVINGS,10,6,0.8775,1
ACC001893,R0391,Bank_A,Bihar,Patna,SAVINGS,1781,5,0.8262,1
ACC001894,R0392,Bank_C,Bihar,Patna,SAVINGS,460,5,0.8262,1
ACC001895,R0392,Bank_C,Bihar,Patna,SAVINGS,924,5,0.8262,1
ACC001896,R0392,Bank_B,Bihar,Patna,SAVINGS,1241,5,0.8262,1
ACC001897,R0393,Bank_B,Telangana,Hyderabad,SAVINGS,1581,4,0.7534,1
ACC001898,R0393,Bank_C,Telangana,Hyderabad,SAVINGS,1596,4,0.7534,1
ACC001899,R0393,Bank_A,Telangana,Hyderabad,SAVINGS,800,6,0.8775,1
ACC001900,R0393,Bank_D,Telangana,Hyderabad,SAVINGS,612,6,0.8775,1
ACC001901,R0393,Bank_E,Maharashtra,Pune,SAVINGS,1564,4,0.7534,1
ACC001902,R0394,Bank_C,Telangana,Hyderabad,SAVINGS,1242,2,0.5034,1
ACC001903,R0394,Bank_D,Telangana,Hyderabad,SAVINGS,1381,2,0.5034,1
ACC001904,R0394,Bank_E,Telangana,Hyderabad,SAVINGS,920,1,0.2953,0
ACC001905,R0395,Bank_C,Andhra Pradesh,Ahmedabad,CURRENT,1842,5,0.8262,1
ACC001906,R0395,Bank_D,Bihar,Patna,SAVINGS,939,5,0.8262,1
ACC001907,R0395,Bank_B,Andhra Pradesh,Delhi,SAVINGS,1581,5,0.8262,1
ACC001908,R0396,Bank_D,Telangana,Hyderabad,SAVINGS,950,3,0.6501,1
ACC001909,R0396,Bank_A,Telangana,Hyderabad,SAVINGS,1555,2,0.5034,1
ACC001910,R0396,Bank_E,Telangana,Hyderabad,CURRENT,425,3,0.6501,1
ACC001911,R0397,Bank_E,Telangana,Hyderabad,CURRENT,1900,2,0.5034,1
ACC001912,R0397,Bank_B,Telangana,Hyderabad,SAVINGS,1890,2,0.5034,1
ACC001913,R0397,Bank_C,Telangana,Hyderabad,SAVINGS,459,2,0.5034,1
ACC001914,R0398,Bank_C,Telangana,Hyderabad,SAVINGS,473,3,0.6501,1
ACC001915,R0398,Bank_D,Maharashtra,Pune,SAVINGS,1263,3,0.6501,1
ACC001916,R0398,Bank_A,Telangana,Hyderabad,SAVINGS,1124,3,0.6501,1
ACC001917,R0398,Bank_E,Tamil Nadu,Chennai,SAVINGS,500,3,0.6501,1
ACC001918,R0399,Bank_C,Telangana,Hyderabad,SAVINGS,822,3,0.6501,1
ACC001919,R0399,Bank_E,Punjab,Mumbai,SAVINGS,1047,3,0.6501,1
ACC001920,R0399,Bank_A,Telangana,Hyderabad,SAVINGS,597,4,0.7534,1
ACC001921,R0399,Bank_D,Telangana,Hyderabad,CURRENT,105,4,0.7534,1
ACC001922,R0400,Bank_B,Telangana,Hyderabad,CURRENT,992,4,0.7534,1
ACC001923,R0400,Bank_B,Telangana,Hyderabad,SAVINGS,516,6,0.8775,1
ACC001924,R0400,Bank_C,Telangana,Hyderabad,SAVINGS,285,4,0.7534,1
ACC001925,R0400,Bank_D,Telangana,Hyderabad,SAVINGS,1876,5,0.8262,1
ACC001926,R0400,Bank_A,Telangana,Hyderabad,SAVINGS,1971,5,0.8262,1
ACC001927,R0400,Bank_D,Telangana,Hyderabad,CURRENT,1411,6,0.8775,1
ACC001928,R0400,Bank_B,Telangana,Hyderabad,SAVINGS,654,5,0.8262,1
ACC001929,R0400,Bank_D,Telangana,Hyderabad,SAVINGS,1245,4,0.7534,1
