account_id,transaction_velocity_24h,unique_counterparties_7d,incoming_outgoing_ratio,avg_holding_time_minutes,ring_membership,prior_case_count,is_fraud_account
NACC000001,1.629,2,1.096,489.86,0,0,0
NACC000002,3.395,4,0.654,427.27,0,0,0
NACC000003,6.838,4,0.947,435.98,0,0,0
NACC000004,3.567,1,1.197,309.86,0,0,0
NACC000005,3.185,3,1.397,245.58,0,0,0
NACC000006,1.385,1,1.052,365.25,0,0,0
NACC000007,1.771,1,1.492,1069.5,0,0,0
NACC000008,0.874,4,1.476,526.43,0,0,0
NACC000009,1.726,2,0.691,308.76,0,0,0
NACC000010,0.788,5,1.359,207.9,0,0,0
NACC000011,6.802,2,1.092,199.5,0,0,0
NACC000012,1.577,5,1.012,907.27,0,0,0
NACC000013,4.481,2,1.198,275.92,0,0,0
NACC000014,1.975,1,1.42,290.82,0,0,0
NACC000015,0.744,2,0.638,277.5,0,0,0
NACC000016,0.416,3,0.747,302.58,0,0,0
NACC000017,0.704,2,1.493,449.22,0,0,0
NACC000018,6.449,3,1.338,487.98,0,0,0
NACC000019,4.939,1,1.498,536.68,0,0,0
NACC000020,4.859,3,1.498,186.02,0,0,0
NACC000021,1.617,2,1.193,672.0,0,0,0
NACC000022,2.137,1,0.603,210.03,0,0,0
NACC000023,3.969,4,1.108,394.55,0,0,0
NACC000024,2.789,4,0.684,637.8,0,0,0
NACC000025,4.674,4,0.827,225.23,0,0,0
NACC000026,3.821,2,1.417,698.6,0,0,0
NACC000027,0.92,4,1.223,355.64,0,0,0
NACC000028,0.185,1,0.929,622.08,0,0,0
NACC000029,4.37,3,0.834,368.06,0,0,0
NACC000030,2.785,1,1.012,339.75,0,0,0
NACC000031,1.087,4,0.97,507.87,0,0,0
NACC000032,2.307,1,0.994,466.02,0,0,0
NACC000033,2.205,3,0.653,794.42,0,0,0
NACC000034,1.97,4,0.871,468.05,0,0,0
NACC000035,1.059,4,1.383,861.03,0,0,0
NACC000036,1.973,1,0.847,432.56,0,0,0
NACC000037,1.306,3,1.393,135.07,0,0,0
NACC000038,1.952,1,0.711,609.7,0,0,0
NACC000039,1.669,3,0.739,204.63,0,0,0
NACC000040,3.324,3,1.208,302.16,0,0,0
NACC000041,1.614,5,1.396,405.75,0,0,0
NACC000042,0.477,1,1.076,570.4,0,0,0
NACC000043,0.678,2,0.992,328.87,0,0,0
NACC000044,0.94,1,0.887,594.06,0,0,0
NACC000045,5.786,3,1.015,544.76,0,0,0
NACC000046,0.22,5,0.903,217.22,0,0,0
NACC000047,1.708,5,1.427,388.29,0,0,0
NACC000048,1.573,5,1.35,72.85,0,0,0
NACC000049,0.523,1,1.479,484.36,0,0,0
NACC000050,6.903,3,0.983,539.12,0,0,0
NACC000051,4.896,3,1.065,421.14,0,0,0
NACC000052,0.931,3,1.232,516.6,0,0,0
NACC000053,2.152,3,0.827,536.57,0,0,0
NACC000054,0.477,1,0.914,405.45,0,0,0
NACC000055,3.301,3,1.022,374.01,0,0,0
NACC000056,1.464,1,1.48,645.53,0,0,0
NACC000057,2.86,5,1.42,654.45,0,0,0
NACC000058,7.632,1,1.265,265.2,0,0,0
NACC000059,7.571,4,1.085,543.21,0,0,0
NACC000060,4.989,5,1.291,206.79,0,0,0
NACC000061,1.381,4,1.053,456.61,0,0,0
NACC000062,2.22,2,0.724,416.81,0,0,0
NACC000063,3.192,3,1.368,107.32,0,0,0
NACC000064,2.011,1,0.915,321.63,0,0,0
NACC000065,2.028,2,1.053,229.88,0,0,0
NACC000066,1.1,3,1.364,218.3,0,0,0
NACC000067,2.019,2,0.858,331.22,0,0,0
NACC000068,0.978,3,0.836,266.38,0,0,0
NACC000069,9.552,1,1.063,269.02,0,0,0
NACC000070,2.138,4,1.084,390.99,0,0,0
NACC000071,1.785,3,0.613,695.81,0,0,0
NACC000072,0.897,2,1.462,622.82,0,0,0
NACC000073,4.256,4,1.339,753.32,0,0,0
NACC000074,2.037,1,0.864,450.8,0,0,0
NACC000075,0.245,2,1.099,416.28,0,0,0
NACC000076,5.224,1,1.362,544.54,0,0,0
NACC000077,1.345,3,1.338,220.38,0,0,0
NACC000078,2.081,4,1.113,463.31,0,0,0
NACC000079,5.09,1,0.954,546.18,0,0,0
NACC000080,4.683,2,1.28,621.65,0,0,0
NACC000081,2.571,2,0.607,47.01,0,0,0
NACC000082,1.0,3,1.088,305.2,0,0,0
NACC000083,6.425,4,0.971,424.79,0,0,0
NACC000084,0.626,5,1.434,355.8,0,0,0
NACC000085,0.213,2,1.136,317.61,0,0,0
NACC000086,1.004,5,1.364,716.68,0,0,0
NACC000087,2.348,5,1.403,583.73,0,0,0
NACC000088,2.332,5,1.185,1628.31,0,0,0
NACC000089,3.68,2,0.616,601.41,0,0,0
NACC000090,0.895,3,1.379,289.8,0,0,0
NACC000091,0.418,1,1.492,499.92,0,0,0
NACC000092,2.0,4,1.041,359.45,0,0,0
NACC000093,3.372,3,1.403,578.25,0,0,0
NACC000094,1.49,4,0.99,111.9,0,0,0
NACC000095,3.057,3,0.689,802.56,0,0,0
NACC000096,0.694,3,1.057,283.76,0,0,0
NACC000097,2.44,5,0.625,998.82,0,0,0
NACC000098,2.65,4,0.799,1152.99,0,0,0
NACC000099,1.816,4,0.905,377.14,0,0,0
NACC000100,2.549,5,0.71,685.89,0,0,0
NACC000101,1.989,3,0.921,1038.48,0,0,0
NACC000102,4.564,2,1.326,402.24,0,0,0
NACC000103,1.982,3,1.444,495.91,0,0,0
NACC000104,2.036,5,0.965,248.97,0,0,0
NACC000105,0.634,2,1.364,444.85,0,0,0
NACC000106,0.411,3,0.917,548.55,0,0,0
NACC000107,1.122,3,1.293,256.69,0,0,0
NACC000108,2.29,3,0.832,898.82,0,0,0
NACC000109,0.506,2,0.955,243.61,0,0,0
NACC000110,0.941,5,1.141,348.16,0,0,0
NACC000111,2.061,5,0.719,491.74,0,0,0
NACC000112,2.837,4,0.744,544.43,0,0,0
NACC000113,1.083,4,0.845,297.69,0,0,0
NACC000114,0.854,2,0.605,404.45,0,0,0
NACC000115,4.169,2,1.161,868.9,0,0,0
NACC000116,2.362,2,1.275,369.59,0,0,0
NACC000117,2.945,5,0.75,315.6,0,0,0
NACC000118,0.183,4,0.683,217.61,0,0,0
NACC000119,2.827,2,1.298,240.55,0,0,0
NACC000120,0.053,4,1.016,1489.42,0,0,0
NACC000121,7.346,2,1.109,436.25,0,0,0
NACC000122,3.306,5,1.38,725.18,0,0,0
NACC000123,5.786,3,0.631,137.44,0,0,0
NACC000124,2.043,2,0.691,432.03,0,0,0
NACC000125,2.883,2,1.06,313.32,0,0,0
NACC000126,0.46,1,1.231,507.45,0,0,0
NACC000127,2.327,4,0.704,674.49,0,0,0
NACC000128,0.71,1,1.039,507.13,0,0,0
NACC000129,2.58,2,1.298,1058.37,0,0,0
NACC000130,4.061,2,1.326,194.38,0,0,0
NACC000131,1.281,3,1.241,250.97,0,0,0
NACC000132,1.089,2,1.2,275.92,0,0,0
NACC000133,3.018,1,0.662,521.24,0,0,0
NACC000134,5.846,5,1.145,127.29,0,0,0
NACC000135,5.437,4,1.444,464.23,0,0,0
NACC000136,1.148,5,1.384,559.53,0,0,0
NACC000137,2.01,3,0.907,220.48,0,0,0
NACC000138,1.229,3,1.494,273.7,0,0,0
NACC000139,1.584,4,1.243,901.48,0,0,0
NACC000140,0.716,3,0.883,620.06,0,0,0
NACC000141,0.551,2,1.427,747.48,0,0,0
NACC000142,1.171,5,1.071,334.35,0,0,0
NACC000143,1.193,2,1.036,531.8,0,0,0
NACC000144,3.996,3,1.266,417.82,0,0,0
NACC000145,0.743,3,0.791,658.66,0,0,0
NACC000146,0.411,4,0.876,731.41,0,0,0
NACC000147,1.791,5,0.69,248.13,0,0,0
NACC000148,1.474,3,0.68,914.37,0,0,0
NACC000149,2.623,3,1.302,245.63,0,0,0
NACC000150,5.647,1,0.612,870.48,0,0,0
NACC000151,0.422,4,1.442,584.45,0,0,0
NACC000152,6.975,1,0.77,1480.33,0,0,0
NACC000153,2.532,4,0.974,106.77,0,0,0
NACC000154,1.472,3,0.994,343.85,0,0,0
NACC000155,5.129,5,0.936,400.36,0,0,0
NACC000156,2.698,5,1.078,327.01,0,0,0
NACC000157,0.959,5,1.323,382.06,0,0,0
NACC000158,3.724,3,1.014,740.39,0,0,0
NACC000159,2.269,2,0.637,619.59,0,0,0
NACC000160,1.858,2,1.139,720.04,0,0,0
NACC000161,1.053,5,1.259,618.28,0,0,0
NACC000162,1.115,4,0.945,406.99,0,0,0
NACC000163,0.549,4,0.788,423.8,0,0,0
NACC000164,0.584,1,1.397,336.16,0,0,0
NACC000165,2.27,3,1.461,143.97,0,0,0
NACC000166,1.386,4,1.336,606.83,0,0,0
NACC000167,1.109,4,0.602,283.59,0,0,0
NACC000168,3.031,1,0.661,448.79,0,0,0
NACC000169,6.015,3,1.326,942.73,0,0,0
NACC000170,2.44,5,0.989,486.52,0,0,0
NACC000171,1.013,2,1.09,411.21,0,0,0
NACC000172,1.033,5,1.179,303.29,0,0,0
NACC000173,2.04,4,1.353,433.34,0,0,0
NACC000174,0.329,1,1.429,977.68,0,0,0
NACC000175,2.007,5,0.79,243.66,0,0,0
NACC000176,2.107,4,1.497,313.41,0,0,0
NACC000177,4.849,2,1.442,173.21,0,0,0
NACC000178,5.532,5,1.379,624.58,0,0,0
NACC000179,2.006,2,1.234,327.05,0,0,0
NACC000180,1.442,3,0.627,395.15,0,0,0
NACC000181,2.089,1,1.394,871.42,0,0,0
NACC000182,0.696,4,1.378,280.05,0,0,0
NACC000183,2.637,3,1.337,412.43,0,0,0
NACC000184,1.321,1,1.487,365.6,0,0,0
NACC000185,3.887,3,0.82,398.58,0,0,0
NACC000186,1.449,5,1.447,349.22,0,0,0
NACC000187,2.997,2,1.166,1058.24,0,0,0
NACC000188,3.205,5,1.029,718.89,0,0,0
NACC000189,2.229,5,0.752,456.14,0,0,0
NACC000190,3.014,3,0.621,462.7,0,0,0
NACC000191,2.805,3,1.156,554.24,0,0,0
NACC000192,2.621,4,1.022,251.46,0,0,0
NACC000193,0.579,1,0.782,643.79,0,0,0
NACC000194,2.304,2,1.283,219.66,0,0,0
NACC000195,1.03,2,1.321,560.51,0,0,0
NACC000196,0.657,3,0.997,887.11,0,0,0
NACC000197,5.006,4,1.366,545.62,0,0,0
NACC000198,1.763,2,0.827,550.24,0,0,0
NACC000199,2.621,4,0.731,923.2,0,0,0
NACC000200,4.801,2,1.044,907.65,0,0,0
NACC000201,1.498,2,0.689,775.83,0,0,0
NACC000202,0.756,1,0.681,703.32,0,0,0
NACC000203,3.783,3,1.204,136.75,0,0,0
NACC000204,0.815,5,1.016,525.95,0,0,0
NACC000205,2.926,5,0.82,433.39,0,0,0
NACC000206,0.809,3,1.228,446.35,0,0,0
NACC000207,4.161,4,1.033,785.34,0,0,0
NACC000208,3.321,5,1.182,501.06,0,0,0
NACC000209,1.13,3,1.211,309.03,0,0,0
NACC000210,2.846,5,1.048,216.48,0,0,0
NACC000211,9.469,2,0.813,381.16,0,0,0
NACC000212,3.502,5,1.033,262.1,0,0,0
NACC000213,0.364,5,0.916,753.41,0,0,0
NACC000214,2.419,5,1.409,404.84,0,0,0
NACC000215,0.906,4,0.9,446.16,0,0,0
NACC000216,1.023,2,1.083,366.8,0,0,0
NACC000217,7.935,5,1.068,406.89,0,0,0
NACC000218,6.91,1,0.991,559.42,0,0,0
NACC000219,1.003,3,1.358,236.2,0,0,0
NACC000220,3.716,5,1.434,773.65,0,0,0
NACC000221,5.761,1,0.86,49.89,0,0,0
NACC000222,1.582,5,1.381,419.55,0,0,0
NACC000223,2.529,5,1.138,401.8,0,0,0
NACC000224,1.223,5,1.254,663.35,0,0,0
NACC000225,1.611,5,0.951,510.09,0,0,0
NACC000226,3.43,3,0.626,293.48,0,0,0
NACC000227,2.969,4,1.117,310.61,0,0,0
NACC000228,1.316,3,1.366,482.73,0,0,0
NACC000229,1.52,3,1.462,646.55,0,0,0
NACC000230,1.584,5,1.453,667.76,0,0,0
NACC000231,6.227,2,1.437,928.17,0,0,0
NACC000232,0.6,2,0.686,370.28,0,0,0
NACC000233,1.835,4,0.826,623.75,0,0,0
NACC000234,0.368,2,0.726,231.5,0,0,0
NACC000235,1.897,1,1.216,423.16,0,0,0
NACC000236,0.734,2,1.009,349.98,0,0,0
NACC000237,1.338,1,0.891,743.08,0,0,0
NACC000238,2.747,1,1.425,498.85,0,0,0
NACC000239,0.568,1,1.126,271.17,0,0,0
NACC000240,1.872,1,0.7,597.66,0,0,0
NACC000241,1.643,1,0.79,964.31,0,0,0
NACC000242,2.995,4,0.616,462.48,0,0,0
NACC000243,2.374,5,1.112,593.85,0,0,0
NACC000244,2.784,4,0.922,415.13,0,0,0
NACC000245,3.091,4,0.779,493.35,0,0,0
NACC000246,2.484,2,1.1,502.19,0,0,0
NACC000247,0.89,4,1.118,1022.16,0,0,0
NACC000248,4.028,3,1.467,405.71,0,0,0
NACC000249,1.954,2,0.668,502.78,0,0,0
NACC000250,0.696,2,0.969,419.84,0,0,0
NACC000251,0.239,4,0.865,166.67,0,0,0
NACC000252,1.783,2,1.43,525.33,0,0,0
NACC000253,5.461,3,0.858,798.47,0,0,0
NACC000254,3.179,4,0.807,324.99,0,0,0
NACC000255,0.398,3,0.982,361.4,0,0,0
NACC000256,0.743,2,1.376,437.18,0,0,0
NACC000257,2.283,4,0.676,238.85,0,0,0
NACC000258,2.865,1,0.882,305.94,0,0,0
NACC000259,0.815,2,1.136,566.07,0,0,0
NACC000260,1.783,5,1.194,516.38,0,0,0
NACC000261,0.414,1,0.683,569.57,0,0,0
NACC000262,2.161,5,1.431,632.06,0,0,0
NACC000263,3.274,5,1.228,263.92,0,0,0
NACC000264,2.823,2,1.047,423.02,0,0,0
NACC000265,2.397,3,0.805,606.96,0,0,0
NACC000266,1.559,3,1.192,330.65,0,0,0
NACC000267,3.605,1,1.253,550.48,0,0,0
NACC000268,2.379,1,0.984,327.68,0,0,0
NACC000269,4.502,2,1.388,326.34,0,0,0
NACC000270,3.093,3,1.465,523.11,0,0,0
NACC000271,0.789,4,1.39,745.23,0,0,0
NACC000272,1.086,5,1.401,280.8,0,0,0
NACC000273,2.431,1,1.23,1010.47,0,0,0
NACC000274,1.042,3,0.904,474.9,0,0,0
NACC000275,5.957,3,0.927,572.25,0,0,0
NACC000276,1.032,2,1.318,312.22,0,0,0
NACC000277,1.066,5,1.072,433.73,0,0,0
NACC000278,0.986,3,1.206,550.78,0,0,0
NACC000279,3.352,1,0.714,195.27,0,0,0
NACC000280,0.674,3,1.471,832.67,0,0,0
NACC000281,1.579,1,0.861,385.36,0,0,0
NACC000282,2.581,5,1.101,683.12,0,0,0
NACC000283,0.981,3,1.322,337.19,0,0,0
NACC000284,1.094,2,1.323,345.51,0,0,0
NACC000285,5.66,5,1.237,641.33,0,0,0
NACC000286,3.052,5,0.984,779.81,0,0,0
NACC000287,0.231,1,0.631,644.39,0,0,0
NACC000288,1.998,3,1.488,320.89,0,0,0
NACC000289,1.961,1,1.261,258.24,0,0,0
NACC000290,3.004,3,0.839,292.49,0,0,0
NACC000291,1.337,3,1.056,804.92,0,0,0
NACC000292,2.896,1,0.935,450.03,0,0,0
NACC000293,1.364,3,0.881,529.97,0,0,0
NACC000294,1.528,5,1.08,253.6,0,0,0
NACC000295,4.947,5,1.219,829.62,0,0,0
NACC000296,3.744,1,1.407,662.47,0,0,0
NACC000297,1.846,2,0.973,630.72,0,0,0
NACC000298,3.307,2,1.452,582.39,0,0,0
NACC000299,1.9,5,1.278,743.57,0,0,0
NACC000300,4.116,1,0.969,679.27,0,0,0
NACC000301,1.916,1,0.764,738.81,0,0,0
NACC000302,2.616,2,0.812,416.8,0,0,0
NACC000303,2.297,3,1.268,449.96,0,0,0
NACC000304,1.552,5,1.354,516.38,0,0,0
NACC000305,3.54,5,1.452,176.88,0,0,0
NACC000306,2.02,1,1.268,411.41,0,0,0
NACC000307,1.765,5,1.433,375.59,0,0,0
NACC000308,4.994,5,0.694,944.54,0,0,0
NACC000309,0.55,2,0.925,688.68,0,0,0
NACC000310,1.396,5,0.648,291.87,0,0,0
NACC000311,1.97,2,0.943,302.83,0,0,0
NACC000312,0.339,4,0.908,836.52,0,0,0
NACC000313,2.065,4,0.818,342.62,0,0,0
NACC000314,0.653,3,1.364,258.35,0,0,0
NACC000315,2.337,5,0.825,318.59,0,0,0
NACC000316,3.653,1,0.808,615.22,0,0,0
NACC000317,3.551,5,1.263,409.09,0,0,0
NACC000318,3.809,2,1.009,391.03,0,0,0
NACC000319,1.803,5,0.748,313.83,0,0,0
NACC000320,3.44,2,1.024,583.43,0,0,0
NACC000321,3.442,1,1.132,493.26,0,0,0
NACC000322,5.706,3,1.124,507.91,0,0,0
NACC000323,1.826,4,0.996,690.01,0,0,0
NACC000324,7.533,4,0.944,674.34,0,0,0
NACC000325,1.076,4,1.469,39.24,0,0,0
NACC000326,3.174,4,0.852,569.47,0,0,0
NACC000327,1.529,2,0.812,425.68,0,0,0
NACC000328,0.577,1,1.452,288.26,0,0,0
NACC000329,2.58,1,1.202,124.48,0,0,0
NACC000330,4.919,1,0.994,933.55,0,0,0
NACC000331,3.452,4,1.229,551.6,0,0,0
NACC000332,1.945,5,1.323,511.97,0,0,0
NACC000333,0.808,2,0.988,334.16,0,0,0
NACC000334,1.342,3,1.499,582.76,0,0,0
NACC000335,0.747,1,1.027,314.88,0,0,0
NACC000336,1.582,4,1.22,447.3,0,0,0
NACC000337,3.407,5,0.982,300.28,0,0,0
NACC000338,2.259,2,1.455,1022.12,0,0,0
NACC000339,2.32,2,0.985,613.99,0,0,0
NACC000340,3.674,2,1.426,908.08,0,0,0
NACC000341,0.28,2,1.175,651.02,0,0,0
NACC000342,5.946,3,0.94,166.35,0,0,0
NACC000343,0.701,2,1.063,896.72,0,0,0
NACC000344,0.912,2,1.438,123.19,0,0,0
NACC000345,0.631,5,1.491,458.79,0,0,0
NACC000346,8.053,2,1.257,468.61,0,0,0
NACC000347,3.947,2,1.404,553.83,0,0,0
NACC000348,2.782,2,0.76,680.12,0,0,0
NACC000349,4.165,2,0.636,682.68,0,0,0
NACC000350,3.321,3,1.404,400.12,0,0,0
NACC000351,3.117,4,0.927,1060.88,0,0,0
NACC000352,6.576,5,1.497,214.85,0,0,0
NACC000353,0.765,5,1.313,422.0,0,0,0
NACC000354,0.712,5,0.861,786.72,0,0,0
NACC000355,2.369,3,0.917,462.05,0,0,0
NACC000356,1.309,1,1.238,117.4,0,0,0
NACC000357,3.551,1,1.384,410.62,0,0,0
NACC000358,0.863,3,0.811,204.27,0,0,0
NACC000359,4.913,3,1.414,653.84,0,0,0
NACC000360,6.856,5,1.268,320.29,0,0,0
NACC000361,1.775,3,0.659,170.66,0,0,0
NACC000362,1.48,3,1.232,169.2,0,0,0
NACC000363,0.576,5,1.323,199.08,0,0,0
NACC000364,1.125,5,1.335,372.47,0,0,0
NACC000365,3.154,4,1.148,377.14,0,0,0
NACC000366,3.487,1,1.363,1139.93,0,0,0
NACC000367,1.902,4,1.376,247.46,0,0,0
NACC000368,3.23,3,0.789,518.95,0,0,0
NACC000369,6.246,5,0.707,819.03,0,0,0
NACC000370,3.171,4,0.645,498.24,0,0,0
NACC000371,0.9,1,1.079,485.24,0,0,0
NACC000372,1.804,2,0.824,349.54,0,0,0
NACC000373,1.226,3,1.485,286.7,0,0,0
NACC000374,1.337,3,0.725,517.49,0,0,0
NACC000375,5.403,3,0.62,305.65,0,0,0
NACC000376,2.787,4,1.449,346.44,0,0,0
NACC000377,0.419,3,1.288,421.74,0,0,0
NACC000378,1.706,2,0.772,321.54,0,0,0
NACC000379,1.623,2,0.886,363.31,0,0,0
NACC000380,0.812,3,1.428,424.98,0,0,0
NACC000381,0.903,3,1.372,168.76,0,0,0
NACC000382,1.924,2,1.469,391.02,0,0,0
NACC000383,4.59,3,0.967,578.26,0,0,0
NACC000384,1.147,4,0.717,113.11,0,0,0
NACC000385,4.522,5,0.994,168.67,0,0,0
NACC000386,1.989,4,0.731,374.15,0,0,0
NACC000387,2.162,2,0.627,571.21,0,0,0
NACC000388,0.467,5,1.49,362.61,0,0,0
NACC000389,0.583,1,0.776,524.94,0,0,0
NACC000390,2.833,3,1.249,510.14,0,0,0
NACC000391,1.962,4,1.355,421.26,0,0,0
NACC000392,4.066,2,1.153,359.17,0,0,0
NACC000393,2.762,5,0.984,282.33,0,0,0
NACC000394,4.039,3,0.799,308.25,0,0,0
NACC000395,1.019,2,1.121,253.84,0,0,0
NACC000396,4.546,3,0.98,430.01,0,0,0
NACC000397,0.922,5,0.65,387.9,0,0,0
NACC000398,3.429,3,1.161,752.29,0,0,0
NACC000399,0.944,1,0.816,758.89,0,0,0
NACC000400,1.355,1,1.081,1115.27,0,0,0
NACC000401,1.996,1,1.233,351.54,0,0,0
NACC000402,2.877,3,0.689,572.29,0,0,0
NACC000403,5.681,5,0.664,865.48,0,0,0
NACC000404,1.795,3,1.426,698.09,0,0,0
NACC000405,1.024,1,0.866,438.83,0,0,0
NACC000406,2.629,4,1.154,1195.66,0,0,0
NACC000407,0.614,2,0.841,171.72,0,0,0
NACC000408,0.212,2,1.447,527.72,0,0,0
NACC000409,1.374,4,0.621,172.74,0,0,0
NACC000410,1.206,5,0.967,287.15,0,0,0
NACC000411,2.053,4,0.689,524.48,0,0,0
NACC000412,1.524,3,0.666,1184.13,0,0,0
NACC000413,1.804,2,0.718,597.74,0,0,0
NACC000414,0.839,5,1.438,423.49,0,0,0
NACC000415,6.514,2,0.607,302.75,0,0,0
NACC000416,3.306,3,1.413,482.83,0,0,0
NACC000417,2.794,2,0.817,243.92,0,0,0
NACC000418,3.83,5,1.307,1219.63,0,0,0
NACC000419,3.512,1,0.741,205.0,0,0,0
NACC000420,0.958,2,1.066,205.59,0,0,0
NACC000421,0.122,5,1.354,197.5,0,0,0
NACC000422,1.183,2,0.958,208.34,0,0,0
NACC000423,1.493,2,0.836,140.13,0,0,0
NACC000424,1.646,4,0.602,187.26,0,0,0
NACC000425,0.772,1,0.987,712.78,0,0,0
NACC000426,2.811,1,1.211,504.55,0,0,0
NACC000427,1.016,3,0.707,1042.16,0,0,0
NACC000428,0.216,5,0.936,825.33,0,0,0
NACC000429,4.684,1,0.923,522.39,0,0,0
NACC000430,2.202,5,1.268,627.97,0,0,0
NACC000431,3.519,1,1.13,492.68,0,0,0
NACC000432,5.325,4,0.668,942.09,0,0,0
NACC000433,0.151,1,1.16,488.27,0,0,0
NACC000434,2.715,1,1.328,747.74,0,0,0
NACC000435,3.751,4,1.104,825.52,0,0,0
NACC000436,3.975,4,1.049,294.67,0,0,0
NACC000437,0.222,5,0.675,271.47,0,0,0
NACC000438,1.07,2,1.032,487.17,0,0,0
NACC000439,1.579,3,0.737,616.43,0,0,0
NACC000440,4.441,4,0.719,830.24,0,0,0
NACC000441,2.978,1,1.342,859.99,0,0,0
NACC000442,1.353,3,0.737,570.17,0,0,0
NACC000443,1.446,1,1.151,594.2,0,0,0
NACC000444,4.308,1,1.404,619.11,0,0,0
NACC000445,2.276,2,0.777,614.47,0,0,0
NACC000446,1.626,3,0.813,537.88,0,0,0
NACC000447,2.08,5,1.304,180.59,0,0,0
NACC000448,0.599,1,0.773,331.26,0,0,0
NACC000449,0.295,2,0.78,567.97,0,0,0
NACC000450,3.027,1,1.35,288.08,0,0,0
NACC000451,3.668,1,1.488,545.63,0,0,0
NACC000452,1.614,4,1.078,555.77,0,0,0
NACC000453,1.058,2,0.645,588.88,0,0,0
NACC000454,2.448,1,1.369,671.84,0,0,0
NACC000455,3.321,1,1.455,432.35,0,0,0
NACC000456,3.842,2,1.405,709.26,0,0,0
NACC000457,1.508,4,0.828,518.91,0,0,0
NACC000458,1.134,1,0.838,331.07,0,0,0
NACC000459,4.313,1,1.222,309.19,0,0,0
NACC000460,7.966,2,0.768,465.3,0,0,0
NACC000461,2.824,1,1.101,408.23,0,0,0
NACC000462,0.374,1,1.316,497.92,0,0,0
NACC000463,4.32,1,0.619,372.28,0,0,0
NACC000464,0.117,5,1.425,762.3,0,0,0
NACC000465,6.193,4,0.86,494.72,0,0,0
NACC000466,3.928,1,1.094,312.79,0,0,0
NACC000467,0.901,1,1.086,271.13,0,0,0
NACC000468,1.279,3,0.831,935.4,0,0,0
NACC000469,1.789,5,1.202,533.27,0,0,0
NACC000470,1.381,3,1.486,681.56,0,0,0
NACC000471,2.281,4,0.793,327.44,0,0,0
NACC000472,1.096,5,0.976,284.3,0,0,0
NACC000473,0.179,5,0.767,320.05,0,0,0
NACC000474,0.521,1,0.972,153.8,0,0,0
NACC000475,2.664,4,1.319,194.1,0,0,0
NACC000476,1.027,4,1.257,123.77,0,0,0
NACC000477,4.068,3,1.072,1033.99,0,0,0
NACC000478,2.627,5,0.945,294.84,0,0,0
NACC000479,0.262,4,1.255,470.75,0,0,0
NACC000480,1.798,3,1.242,922.25,0,0,0
NACC000481,0.319,3,1.326,265.92,0,0,0
NACC000482,2.05,2,1.218,611.44,0,0,0
NACC000483,0.501,3,0.82,136.87,0,0,0
NACC000484,2.015,4,0.895,312.93,0,0,0
NACC000485,2.652,1,1.31,416.11,0,0,0
NACC000486,1.511,3,1.237,191.07,0,0,0
NACC000487,2.085,3,0.695,1080.41,0,0,0
NACC000488,1.906,5,0.855,281.06,0,0,0
NACC000489,1.283,3,1.057,358.04,0,0,0
NACC000490,1.48,3,1.483,537.11,0,0,0
NACC000491,0.607,4,1.443,223.29,0,0,0
NACC000492,5.759,5,1.25,629.46,0,0,0
NACC000493,6.888,3,1.107,572.46,0,0,0
NACC000494,1.377,1,0.903,320.1,0,0,0
NACC000495,3.156,3,1.477,166.71,0,0,0
NACC000496,2.757,2,0.993,772.3,0,0,0
NACC000497,1.627,3,1.074,367.12,0,0,0
NACC000498,1.65,4,1.343,345.7,0,0,0
NACC000499,0.523,3,1.045,281.67,0,0,0
NACC000500,1.648,4,0.863,234.44,0,0,0
NACC000501,3.782,3,0.887,280.73,0,0,0
NACC000502,1.947,1,1.449,494.65,0,0,0
NACC000503,2.993,5,1.238,564.29,0,0,0
NACC000504,4.375,5,0.922,288.94,0,0,0
NACC000505,0.896,3,1.393,259.87,0,0,0
NACC000506,2.406,1,0.612,403.69,0,0,0
NACC000507,1.904,3,0.848,500.07,0,0,0
NACC000508,0.224,2,1.474,332.61,0,0,0
NACC000509,0.961,3,0.977,372.17,0,0,0
NACC000510,3.257,5,1.333,718.15,0,0,0
NACC000511,2.609,3,1.477,352.55,0,0,0
NACC000512,0.958,1,1.102,588.64,0,0,0
NACC000513,0.919,5,1.199,117.73,0,0,0
NACC000514,0.871,1,0.64,599.88,0,0,0
NACC000515,4.371,4,1.073,344.53,0,0,0
NACC000516,1.811,4,1.389,883.57,0,0,0
NACC000517,0.699,3,1.113,507.76,0,0,0
NACC000518,3.023,1,1.013,90.87,0,0,0
NACC000519,0.932,4,0.76,488.47,0,0,0
NACC000520,2.52,2,1.233,632.53,0,0,0
NACC000521,0.477,2,0.898,403.56,0,0,0
NACC000522,7.428,1,0.944,612.16,0,0,0
NACC000523,2.588,1,0.783,293.75,0,0,0
NACC000524,0.775,1,0.916,539.17,0,0,0
NACC000525,1.456,1,1.075,208.64,0,0,0
NACC000526,0.499,2,1.071,912.47,0,0,0
NACC000527,0.383,2,0.836,90.28,0,0,0
NACC000528,4.087,1,0.99,951.0,0,0,0
NACC000529,0.561,5,0.843,634.36,0,0,0
NACC000530,0.862,5,0.616,427.94,0,0,0
NACC000531,2.393,4,1.148,1267.56,0,0,0
NACC000532,1.124,4,0.685,191.89,0,0,0
NACC000533,0.853,3,0.682,307.55,0,0,0
NACC000534,1.012,2,1.133,1078.53,0,0,0
NACC000535,1.633,2,0.642,781.41,0,0,0
NACC000536,1.427,3,1.133,332.12,0,0,0
NACC000537,4.173,5,0.664,641.39,0,0,0
NACC000538,1.27,2,1.344,584.82,0,0,0
NACC000539,1.295,1,1.383,653.38,0,0,0
NACC000540,3.117,1,0.761,459.51,0,0,0
NACC000541,2.627,4,1.391,533.14,0,0,0
NACC000542,4.29,5,1.136,723.55,0,0,0
NACC000543,1.96,2,0.883,531.95,0,0,0
NACC000544,1.305,2,1.238,393.39,0,0,0
NACC000545,1.459,3,1.021,379.18,0,0,0
NACC000546,0.92,3,1.248,274.89,0,0,0
NACC000547,5.639,5,1.233,448.92,0,0,0
NACC000548,3.348,2,1.338,882.31,0,0,0
NACC000549,2.431,5,0.669,316.32,0,0,0
NACC000550,0.627,5,1.194,154.96,0,0,0
NACC000551,2.483,5,1.165,147.32,0,0,0
NACC000552,1.458,3,0.953,418.97,0,0,0
NACC000553,1.622,4,1.101,309.49,0,0,0
NACC000554,0.969,4,1.447,465.82,0,0,0
NACC000555,7.366,5,1.305,818.43,0,0,0
NACC000556,3.421,5,0.95,506.12,0,0,0
NACC000557,2.868,4,1.464,791.8,0,0,0
NACC000558,2.913,2,1.293,315.5,0,0,0
NACC000559,5.283,5,1.406,379.75,0,0,0
NACC000560,1.745,1,0.706,482.58,0,0,0
NACC000561,2.388,2,1.497,191.61,0,0,0
NACC000562,4.507,5,0.799,367.5,0,0,0
NACC000563,1.376,3,1.474,950.08,0,0,0
NACC000564,4.897,3,1.467,418.36,0,0,0
NACC000565,2.278,3,0.795,530.76,0,0,0
NACC000566,9.435,3,0.644,434.54,0,0,0
NACC000567,1.678,4,0.777,597.62,0,0,0
NACC000568,0.447,2,1.427,612.68,0,0,0
NACC000569,1.53,5,1.465,841.99,0,0,0
NACC000570,2.898,4,1.164,316.62,0,0,0
NACC000571,4.075,5,0.628,680.03,0,0,0
NACC000572,1.986,5,1.238,267.46,0,0,0
NACC000573,0.942,5,0.786,453.16,0,0,0
NACC000574,1.64,3,0.876,999.31,0,0,0
NACC000575,2.091,5,0.832,246.3,0,0,0
NACC000576,1.1,4,0.687,325.99,0,0,0
NACC000577,1.211,2,0.626,455.02,0,0,0
NACC000578,5.454,4,1.069,836.15,0,0,0
NACC000579,6.385,3,1.477,573.6,0,0,0
NACC000580,2.672,2,1.365,337.58,0,0,0
NACC000581,1.562,2,0.9,416.88,0,0,0
NACC000582,2.724,1,0.934,287.22,0,0,0
NACC000583,4.803,4,0.77,407.53,0,0,0
NACC000584,3.242,4,1.048,205.01,0,0,0
NACC000585,6.021,5,0.962,47.51,0,0,0
NACC000586,2.114,1,1.163,219.91,0,0,0
NACC000587,2.347,1,1.153,475.86,0,0,0
NACC000588,3.297,2,1.413,448.72,0,0,0
NACC000589,5.224,4,1.306,768.55,0,0,0
NACC000590,3.286,1,0.752,416.11,0,0,0
NACC000591,2.98,5,1.125,50.56,0,0,0
NACC000592,0.731,2,0.775,151.8,0,0,0
NACC000593,6.207,3,1.148,366.27,0,0,0
NACC000594,1.875,5,0.753,429.77,0,0,0
NACC000595,0.231,1,1.082,470.2,0,0,0
NACC000596,2.596,1,0.739,582.43,0,0,0
NACC000597,3.155,1,0.766,735.46,0,0,0
NACC000598,2.306,2,1.419,697.12,0,0,0
NACC000599,2.801,3,1.234,252.2,0,0,0
NACC000600,3.128,1,1.184,147.35,0,0,0
NACC000601,1.428,2,0.619,496.32,0,0,0
NACC000602,2.027,2,1.127,507.67,0,0,0
NACC000603,2.676,4,0.885,562.29,0,0,0
NACC000604,2.178,3,0.753,540.46,0,0,0
NACC000605,0.511,4,0.97,470.89,0,0,0
NACC000606,0.454,3,1.075,352.11,0,0,0
NACC000607,1.106,2,1.221,305.18,0,0,0
NACC000608,3.066,5,0.862,415.8,0,0,0
NACC000609,4.784,5,1.4,345.66,0,0,0
NACC000610,4.436,2,1.342,417.76,0,0,0
NACC000611,0.597,5,1.265,403.99,0,0,0
NACC000612,2.389,4,1.421,453.95,0,0,0
NACC000613,2.491,2,0.666,338.51,0,0,0
NACC000614,4.058,3,1.185,331.55,0,0,0
NACC000615,0.933,3,0.685,406.55,0,0,0
NACC000616,1.286,5,0.962,659.43,0,0,0
NACC000617,3.053,4,0.704,407.25,0,0,0
NACC000618,2.746,3,1.176,250.9,0,0,0
NACC000619,2.18,2,0.993,284.74,0,0,0
NACC000620,0.369,5,0.617,287.17,0,0,0
NACC000621,3.397,2,0.769,229.34,0,0,0
NACC000622,0.567,3,1.166,493.95,0,0,0
NACC000623,1.95,1,0.781,377.49,0,0,0
NACC000624,0.963,2,1.059,1023.21,0,0,0
NACC000625,3.245,5,0.747,511.08,0,0,0
NACC000626,4.681,5,1.334,365.96,0,0,0
NACC000627,4.614,5,0.985,235.36,0,0,0
NACC000628,1.672,4,1.155,253.45,0,0,0
NACC000629,1.706,4,1.41,835.66,0,0,0
NACC000630,0.252,3,1.31,553.22,0,0,0
NACC000631,1.982,2,1.422,321.29,0,0,0
NACC000632,3.375,4,0.643,361.21,0,0,0
NACC000633,1.294,4,0.81,359.6,0,0,0
NACC000634,2.083,2,1.224,725.56,0,0,0
NACC000635,2.705,4,0.817,456.88,0,0,0
NACC000636,2.959,4,0.775,671.67,0,0,0
NACC000637,0.644,1,1.197,414.17,0,0,0
NACC000638,2.477,5,0.951,1122.47,0,0,0
NACC000639,6.713,1,0.717,1426.78,0,0,0
NACC000640,2.97,2,1.498,554.23,0,0,0
NACC000641,0.104,3,1.187,402.53,0,0,0
NACC000642,2.471,4,1.162,958.29,0,0,0
NACC000643,0.902,4,0.989,628.83,0,0,0
NACC000644,0.699,4,1.19,671.96,0,0,0
NACC000645,8.94,5,1.416,509.38,0,0,0
NACC000646,4.981,2,1.213,532.94,0,0,0
NACC000647,1.438,5,1.241,449.46,0,0,0
NACC000648,5.95,3,0.86,463.38,0,0,0
NACC000649,1.174,1,0.912,697.25,0,0,0
NACC000650,2.207,2,1.088,521.0,0,0,0
NACC000651,1.342,1,1.443,898.65,0,0,0
NACC000652,2.6,5,0.789,473.99,0,0,0
NACC000653,2.231,2,0.664,394.05,0,0,0
NACC000654,4.343,5,0.661,139.43,0,0,0
NACC000655,4.164,3,0.728,695.98,0,0,0
NACC000656,3.995,3,1.492,197.93,0,0,0
NACC000657,4.029,4,1.185,499.66,0,0,0
NACC000658,0.775,5,1.294,440.55,0,0,0
NACC000659,5.254,2,1.005,320.22,0,0,0
NACC000660,2.456,4,1.244,322.46,0,0,0
NACC000661,2.721,4,1.11,514.43,0,0,0
NACC000662,1.382,3,1.044,315.0,0,0,0
NACC000663,0.544,5,1.37,392.73,0,0,0
NACC000664,1.424,1,1.106,495.34,0,0,0
NACC000665,5.897,3,1.424,145.95,0,0,0
NACC000666,1.361,3,0.732,493.97,0,0,0
NACC000667,3.259,4,0.844,456.2,0,0,0
NACC000668,3.122,1,1.168,97.09,0,0,0
NACC000669,0.715,3,1.049,319.16,0,0,0
NACC000670,3.502,4,0.874,699.9,0,0,0
NACC000671,1.538,4,1.25,780.31,0,0,0
NACC000672,3.123,5,1.33,508.74,0,0,0
NACC000673,1.129,4,1.447,361.47,0,0,0
NACC000674,0.39,1,1.358,671.1,0,0,0
NACC000675,1.289,1,1.5,668.14,0,0,0
NACC000676,1.594,3,0.756,670.84,0,0,0
NACC000677,5.072,3,1.417,664.37,0,0,0
NACC000678,0.738,4,1.245,605.19,0,0,0
NACC000679,6.632,1,1.168,552.35,0,0,0
NACC000680,3.807,1,0.651,318.07,0,0,0
NACC000681,2.966,5,0.817,214.71,0,0,0
NACC000682,1.016,5,1.339,286.19,0,0,0
NACC000683,2.678,4,1.245,445.38,0,0,0
NACC000684,6.324,1,1.028,807.04,0,0,0
NACC000685,1.967,3,1.37,304.36,0,0,0
NACC000686,4.468,5,0.765,429.12,0,0,0
NACC000687,1.232,5,1.127,493.64,0,0,0
NACC000688,1.243,2,1.045,262.94,0,0,0
NACC000689,0.197,4,0.974,270.75,0,0,0
NACC000690,1.027,2,0.942,1079.03,0,0,0
NACC000691,1.147,2,1.088,309.82,0,0,0
NACC000692,4.063,2,0.637,337.91,0,0,0
NACC000693,0.451,1,1.107,134.42,0,0,0
NACC000694,6.118,3,0.744,218.37,0,0,0
NACC000695,0.848,5,0.719,276.26,0,0,0
NACC000696,1.476,4,0.763,697.29,0,0,0
NACC000697,3.074,4,0.964,151.36,0,0,0
NACC000698,0.18,2,0.904,113.01,0,0,0
NACC000699,9.298,4,0.672,163.33,0,0,0
NACC000700,1.025,1,0.658,795.44,0,0,0
NACC000701,2.58,2,0.741,247.98,0,0,0
NACC000702,3.704,1,1.481,893.71,0,0,0
NACC000703,0.937,2,0.651,61.39,0,0,0
NACC000704,0.983,5,0.797,823.96,0,0,0
NACC000705,2.533,3,1.176,737.43,0,0,0
NACC000706,2.617,1,1.025,274.28,0,0,0
NACC000707,1.557,2,1.1,513.0,0,0,0
NACC000708,1.978,4,1.229,481.67,0,0,0
NACC000709,7.736,4,1.364,1616.0,0,0,0
NACC000710,3.729,3,1.271,524.62,0,0,0
NACC000711,1.542,5,0.726,428.94,0,0,0
NACC000712,1.507,1,0.767,408.0,0,0,0
NACC000713,1.752,3,0.806,370.6,0,0,0
NACC000714,2.46,2,1.262,264.07,0,0,0
NACC000715,6.168,2,0.907,105.41,0,0,0
NACC000716,3.823,2,1.43,287.33,0,0,0
NACC000717,0.364,1,0.754,882.97,0,0,0
NACC000718,2.316,1,1.064,548.03,0,0,0
NACC000719,0.745,5,1.398,372.67,0,0,0
NACC000720,1.729,1,1.105,572.87,0,0,0
NACC000721,3.204,3,1.028,260.55,0,0,0
NACC000722,1.098,3,1.109,595.47,0,0,0
NACC000723,2.416,4,1.435,87.46,0,0,0
NACC000724,6.496,2,0.714,572.26,0,0,0
NACC000725,0.296,5,1.092,472.86,0,0,0
NACC000726,2.686,4,1.478,937.0,0,0,0
NACC000727,4.162,1,0.686,364.58,0,0,0
NACC000728,1.5,2,0.788,697.25,0,0,0
NACC000729,2.569,3,1.09,408.46,0,0,0
NACC000730,1.177,3,0.954,493.32,0,0,0
NACC000731,1.737,2,1.002,820.98,0,0,0
NACC000732,6.198,4,1.194,1020.62,0,0,0
NACC000733,1.112,2,1.373,420.47,0,0,0
NACC000734,2.323,2,0.851,443.47,0,0,0
NACC000735,4.128,1,0.67,297.98,0,0,0
NACC000736,3.859,4,0.934,478.22,0,0,0
NACC000737,5.908,1,1.154,582.35,0,0,0
NACC000738,4.816,2,1.265,543.91,0,0,0
NACC000739,5.179,1,1.354,503.54,0,0,0
NACC000740,3.5,3,1.346,692.85,0,0,0
NACC000741,8.931,3,1.215,370.63,0,0,0
NACC000742,2.343,2,1.172,515.36,0,0,0
NACC000743,3.034,1,1.228,285.02,0,0,0
NACC000744,1.969,1,0.704,622.88,0,0,0
NACC000745,0.191,4,0.879,645.48,0,0,0
NACC000746,2.166,2,1.245,300.3,0,0,0
NACC000747,0.153,1,1.007,258.05,0,0,0
NACC000748,1.223,2,1.131,457.06,0,0,0
NACC000749,2.118,4,1.051,272.72,0,0,0
NACC000750,1.178,2,0.747,151.79,0,0,0
NACC000751,1.826,1,0.899,523.87,0,0,0
NACC000752,2.707,2,0.762,664.38,0,0,0
NACC000753,5.547,5,0.871,348.39,0,0,0
NACC000754,0.64,3,1.491,590.39,0,0,0
NACC000755,1.547,2,1.334,198.24,0,0,0
NACC000756,4.55,1,0.628,845.86,0,0,0
NACC000757,1.766,3,1.077,366.99,0,0,0
NACC000758,0.816,4,1.099,379.04,0,0,0
NACC000759,1.103,1,0.933,692.51,0,0,0
NACC000760,2.318,2,1.345,463.39,0,0,0
NACC000761,3.406,2,0.628,640.72,0,0,0
NACC000762,1.003,1,0.93,472.44,0,0,0
NACC000763,4.207,5,0.62,534.96,0,0,0
NACC000764,3.845,4,1.294,640.98,0,0,0
NACC000765,1.703,1,1.302,579.2,0,0,0
NACC000766,4.326,4,0.907,312.73,0,0,0
NACC000767,3.692,2,1.341,572.79,0,0,0
NACC000768,4.47,1,1.486,304.2,0,0,0
NACC000769,0.755,3,1.136,388.6,0,0,0
NACC000770,0.86,5,0.985,241.71,0,0,0
NACC000771,3.25,5,1.128,876.56,0,0,0
NACC000772,5.211,2,0.767,259.92,0,0,0
NACC000773,0.521,4,0.733,475.99,0,0,0
NACC000774,0.905,2,1.022,330.12,0,0,0
NACC000775,1.744,1,1.042,423.11,0,0,0
NACC000776,0.444,2,0.993,486.56,0,0,0
NACC000777,1.702,2,1.311,370.07,0,0,0
NACC000778,2.922,3,1.2,342.89,0,0,0
NACC000779,3.414,4,1.031,134.02,0,0,0
NACC000780,4.821,2,1.068,598.08,0,0,0
NACC000781,3.267,4,0.666,464.85,0,0,0
NACC000782,1.633,1,1.135,243.32,0,0,0
NACC000783,4.853,5,0.917,688.06,0,0,0
NACC000784,7.483,3,0.735,548.83,0,0,0
NACC000785,2.985,1,1.037,255.42,0,0,0
NACC000786,0.793,2,0.657,416.96,0,0,0
NACC000787,0.905,1,1.481,183.0,0,0,0
NACC000788,5.528,1,0.821,591.36,0,0,0
NACC000789,0.646,2,0.963,418.08,0,0,0
NACC000790,2.63,2,1.014,342.17,0,0,0
NACC000791,1.795,1,0.71,289.78,0,0,0
NACC000792,0.87,3,1.048,269.05,0,0,0
NACC000793,2.406,3,0.754,157.24,0,0,0
NACC000794,4.497,5,1.169,332.33,0,0,0
NACC000795,2.083,1,1.197,335.15,0,0,0
NACC000796,3.198,4,1.212,484.83,0,0,0
NACC000797,2.124,5,0.656,394.15,0,0,0
NACC000798,2.707,5,1.48,204.88,0,0,0
NACC000799,5.369,1,1.289,230.37,0,0,0
NACC000800,0.355,5,1.052,376.32,0,0,0
NACC000801,3.806,5,0.606,368.95,0,0,0
NACC000802,1.629,5,1.048,505.34,0,0,0
NACC000803,2.786,3,1.105,454.29,0,0,0
NACC000804,2.636,4,0.602,350.1,0,0,0
NACC000805,0.6,4,1.302,411.7,0,0,0
NACC000806,3.254,1,0.995,708.18,0,0,0
NACC000807,6.817,3,0.862,658.01,0,0,0
NACC000808,1.301,3,1.407,923.28,0,0,0
NACC000809,3.767,5,0.968,634.11,0,0,0
NACC000810,0.763,3,0.859,625.95,0,0,0
NACC000811,1.52,2,0.709,715.36,0,0,0
NACC000812,0.736,4,1.449,823.61,0,0,0
NACC000813,1.687,2,0.635,250.96,0,0,0
NACC000814,3.157,2,0.996,494.83,0,0,0
NACC000815,4.651,4,1.052,515.95,0,0,0
NACC000816,0.671,4,0.808,329.88,0,0,0
NACC000817,0.287,5,0.667,573.81,0,0,0
NACC000818,1.533,2,0.737,372.75,0,0,0
NACC000819,1.337,4,0.845,235.49,0,0,0
NACC000820,1.909,2,0.938,545.6,0,0,0
NACC000821,4.377,4,0.804,624.88,0,0,0
NACC000822,1.902,3,1.02,217.84,0,0,0
NACC000823,0.261,5,0.948,311.62,0,0,0
NACC000824,3.392,2,0.943,578.04,0,0,0
NACC000825,2.947,5,1.012,159.14,0,0,0
NACC000826,3.239,1,0.924,318.49,0,0,0
NACC000827,3.098,2,1.088,726.77,0,0,0
NACC000828,0.865,5,1.128,280.65,0,0,0
NACC000829,0.566,5,0.847,1330.38,0,0,0
NACC000830,1.921,2,0.777,569.94,0,0,0
NACC000831,0.804,3,0.643,1257.23,0,0,0
NACC000832,2.789,4,0.865,904.15,0,0,0
NACC000833,2.347,1,1.141,560.01,0,0,0
NACC000834,2.931,2,0.824,304.48,0,0,0
NACC000835,4.015,2,1.477,203.11,0,0,0
NACC000836,1.809,2,1.492,220.16,0,0,0
NACC000837,1.98,1,1.339,440.61,0,0,0
NACC000838,1.452,1,0.99,533.91,0,0,0
NACC000839,1.346,2,1.224,912.24,0,0,0
NACC000840,2.97,5,1.442,473.23,0,0,0
NACC000841,2.223,1,0.791,441.53,0,0,0
NACC000842,4.066,3,1.228,225.44,0,0,0
NACC000843,5.022,1,1.404,493.21,0,0,0
NACC000844,0.287,5,0.981,460.04,0,0,0
NACC000845,4.263,4,1.17,406.69,0,0,0
NACC000846,1.955,1,1.111,484.15,0,0,0
NACC000847,2.81,2,1.136,713.49,0,0,0
NACC000848,1.456,1,1.018,335.08,0,0,0
NACC000849,2.874,1,1.335,343.81,0,0,0
NACC000850,4.054,2,0.811,151.91,0,0,0
NACC000851,2.727,2,1.177,368.04,0,0,0
NACC000852,2.869,3,1.078,274.59,0,0,0
NACC000853,0.685,1,0.817,472.54,0,0,0
NACC000854,4.756,2,1.439,918.44,0,0,0
NACC000855,0.683,2,1.083,522.2,0,0,0
NACC000856,1.9,3,0.871,214.91,0,0,0
NACC000857,0.328,5,1.348,304.2,0,0,0
NACC000858,3.683,3,0.698,626.87,0,0,0
NACC000859,2.874,2,1.251,313.11,0,0,0
NACC000860,1.088,3,1.332,454.53,0,0,0
NACC000861,3.224,1,1.367,943.68,0,0,0
NACC000862,2.955,3,1.204,370.76,0,0,0
NACC000863,2.226,4,0.668,384.42,0,0,0
NACC000864,3.393,1,1.246,405.01,0,0,0
NACC000865,2.354,5,1.079,508.03,0,0,0
NACC000866,0.359,1,0.726,1443.3,0,0,0
NACC000867,1.484,5,1.119,183.77,0,0,0
NACC000868,1.569,3,0.875,534.06,0,0,0
NACC000869,1.095,3,0.867,747.35,0,0,0
NACC000870,0.337,4,0.649,631.73,0,0,0
NACC000871,0.507,1,0.975,134.46,0,0,0
NACC000872,5.312,4,0.69,555.57,0,0,0
NACC000873,2.048,2,0.703,128.09,0,0,0
NACC000874,4.114,5,0.888,417.44,0,0,0
NACC000875,1.795,2,1.47,390.57,0,0,0
NACC000876,0.544,1,0.972,604.18,0,0,0
NACC000877,1.143,3,1.179,366.36,0,0,0
NACC000878,0.764,4,1.374,1136.65,0,0,0
NACC000879,0.81,2,0.602,635.47,0,0,0
NACC000880,1.162,2,0.69,386.97,0,0,0
NACC000881,1.741,2,1.164,344.39,0,0,0
NACC000882,1.484,2,0.889,361.9,0,0,0
NACC000883,0.387,4,1.216,244.61,0,0,0
NACC000884,2.694,2,1.0,684.27,0,0,0
NACC000885,3.564,5,1.396,648.0,0,0,0
NACC000886,2.533,1,1.07,245.73,0,0,0
NACC000887,1.805,5,1.064,353.72,0,0,0
NACC000888,0.538,2,0.775,537.37,0,0,0
NACC000889,5.776,1,1.387,331.76,0,0,0
NACC000890,1.312,1,0.949,152.71,0,0,0
NACC000891,1.977,4,1.354,369.94,0,0,0
NACC000892,1.727,4,0.605,410.75,0,0,0
NACC000893,1.467,1,1.072,164.34,0,0,0
NACC000894,0.575,1,1.088,389.34,0,0,0
NACC000895,0.548,2,0.802,317.16,0,0,0
NACC000896,1.393,4,1.428,395.48,0,0,0
NACC000897,8.306,2,1.098,293.95,0,0,0
NACC000898,3.604,1,1.249,245.75,0,0,0
NACC000899,2.705,4,0.763,120.6,0,0,0
NACC000900,1.82,2,1.086,650.07,0,0,0
NACC000901,0.469,5,1.102,750.64,0,0,0
NACC000902,0.316,3,1.111,226.98,0,0,0
NACC000903,1.01,3,1.408,361.49,0,0,0
NACC000904,2.427,2,0.655,480.62,0,0,0
NACC000905,0.6,3,0.624,818.87,0,0,0
NACC000906,0.717,1,1.133,268.09,0,0,0
NACC000907,0.876,5,1.159,707.44,0,0,0
NACC000908,7.414,4,1.356,615.5,0,0,0
NACC000909,3.959,5,0.686,310.63,0,0,0
NACC000910,1.49,1,0.91,131.7,0,0,0
NACC000911,0.447,5,0.623,704.52,0,0,0
NACC000912,0.577,1,1.047,184.67,0,0,0
NACC000913,1.233,5,1.007,759.12,0,0,0
NACC000914,1.44,1,0.707,101.27,0,0,0
NACC000915,3.189,3,1.143,954.47,0,0,0
NACC000916,2.247,2,0.817,291.68,0,0,0
NACC000917,0.934,1,1.24,467.09,0,0,0
NACC000918,6.852,4,1.312,678.32,0,0,0
NACC000919,1.949,5,1.385,496.47,0,0,0
NACC000920,3.231,4,0.962,1174.78,0,0,0
NACC000921,5.998,5,1.41,343.54,0,0,0
NACC000922,2.259,2,0.829,759.55,0,0,0
NACC000923,1.162,2,1.25,710.89,0,0,0
NACC000924,1.731,1,1.126,918.39,0,0,0
NACC000925,1.345,3,0.872,656.44,0,0,0
NACC000926,4.575,3,1.131,556.1,0,0,0
NACC000927,1.017,1,1.119,714.11,0,0,0
NACC000928,0.777,5,0.828,342.57,0,0,0
NACC000929,1.092,2,1.362,464.71,0,0,0
NACC000930,1.744,3,0.712,740.4,0,0,0
NACC000931,3.144,5,0.738,291.25,0,0,0
NACC000932,0.857,5,0.725,355.15,0,0,0
NACC000933,0.358,2,0.944,762.52,0,0,0
NACC000934,5.435,4,0.72,207.21,0,0,0
NACC000935,3.489,2,1.417,636.18,0,0,0
NACC000936,1.047,1,1.235,935.37,0,0,0
NACC000937,3.715,3,0.765,364.4,0,0,0
NACC000938,3.668,4,1.35,215.59,0,0,0
NACC000939,2.239,3,1.317,696.85,0,0,0
NACC000940,2.03,5,0.817,732.75,0,0,0
NACC000941,4.209,2,1.2,286.94,0,0,0
NACC000942,0.931,5,1.263,525.35,0,0,0
NACC000943,0.622,1,1.099,164.46,0,0,0
NACC000944,2.356,5,0.922,494.17,0,0,0
NACC000945,3.77,4,1.305,723.7,0,0,0
NACC000946,2.948,4,0.993,459.08,0,0,0
NACC000947,4.146,5,1.225,334.07,0,0,0
NACC000948,1.249,3,0.671,296.31,0,0,0
NACC000949,2.128,3,0.8,811.86,0,0,0
NACC000950,0.746,5,1.469,341.89,0,0,0
NACC000951,3.509,1,1.212,545.96,0,0,0
NACC000952,0.883,2,0.81,552.49,0,0,0
NACC000953,6.059,1,0.993,653.74,0,0,0
NACC000954,1.879,1,1.235,619.16,0,0,0
NACC000955,5.023,1,1.297,537.25,0,0,0
NACC000956,1.236,4,1.139,346.02,0,0,0
NACC000957,0.309,2,1.459,200.41,0,0,0
NACC000958,2.291,1,0.85,317.06,0,0,0
NACC000959,3.79,2,1.12,344.79,0,0,0
NACC000960,0.346,2,0.743,194.33,0,0,0
NACC000961,2.033,3,0.917,290.63,0,0,0
NACC000962,2.938,4,0.795,497.84,0,0,0
NACC000963,3.269,1,0.789,564.2,0,0,0
NACC000964,3.197,5,0.645,505.17,0,0,0
NACC000965,2.667,2,1.466,350.15,0,0,0
NACC000966,1.96,3,0.705,559.27,0,0,0
NACC000967,1.916,2,0.753,270.07,0,0,0
NACC000968,1.048,1,1.162,576.28,0,0,0
NACC000969,1.375,2,0.674,497.61,0,0,0
NACC000970,2.209,3,1.234,387.85,0,0,0
NACC000971,6.09,4,0.84,639.83,0,0,0
NACC000972,2.539,4,0.782,501.92,0,0,0
NACC000973,2.059,1,0.974,645.58,0,0,0
NACC000974,0.66,5,1.48,379.27,0,0,0
NACC000975,0.434,1,1.332,696.01,0,0,0
NACC000976,4.084,5,1.263,447.32,0,0,0
NACC000977,1.216,2,1.276,288.34,0,0,0
NACC000978,3.024,4,0.937,457.33,0,0,0
NACC000979,0.688,2,0.953,326.16,0,0,0
NACC000980,1.276,1,1.006,755.09,0,0,0
NACC000981,2.511,3,0.835,238.33,0,0,0
NACC000982,0.872,4,1.189,379.32,0,0,0
NACC000983,2.559,4,1.155,781.32,0,0,0
NACC000984,3.023,5,0.901,519.75,0,0,0
NACC000985,1.59,4,0.983,546.97,0,0,0
NACC000986,3.355,4,1.067,314.96,0,0,0
NACC000987,4.07,5,1.157,327.34,0,0,0
NACC000988,0.734,4,1.331,239.67,0,0,0
NACC000989,3.645,4,1.036,453.01,0,0,0
NACC000990,2.032,1,1.253,126.82,0,0,0
NACC000991,5.533,1,0.907,612.54,0,0,0
NACC000992,1.393,3,0.984,917.7,0,0,0
NACC000993,0.454,1,1.137,364.35,0,0,0
NACC000994,1.609,3,0.972,658.82,0,0,0
NACC000995,2.052,5,1.231,343.96,0,0,0
NACC000996,3.851,5,1.098,425.62,0,0,0
NACC000997,0.952,2,1.463,279.26,0,0,0
NACC000998,1.777,4,0.879,495.47,0,0,0
NACC000999,1.165,5,0.71,867.72,0,0,0
NACC001000,2.497,1,1.056,252.13,0,0,0
NACC001001,1.101,2,1.466,313.24,0,0,0
NACC001002,3.655,4,1.11,732.68,0,0,0
NACC001003,1.488,2,1.234,113.94,0,0,0
NACC001004,2.857,1,1.449,482.08,0,0,0
NACC001005,1.231,4,1.2,508.9,0,0,0
NACC001006,2.71,5,1.27,347.01,0,0,0
NACC001007,0.734,1,1.233,442.22,0,0,0
NACC001008,0.876,3,0.715,628.75,0,0,0
NACC001009,3.821,4,0.614,707.94,0,0,0
NACC001010,6.385,3,0.839,328.5,0,0,0
NACC001011,1.043,1,1.303,439.0,0,0,0
NACC001012,2.994,4,0.977,149.72,0,0,0
NACC001013,1.815,1,0.604,540.97,0,0,0
NACC001014,0.649,3,1.048,890.45,0,0,0
NACC001015,1.084,5,0.989,513.34,0,0,0
NACC001016,0.635,2,1.009,378.16,0,0,0
NACC001017,2.316,3,0.805,589.44,0,0,0
NACC001018,2.221,5,0.762,299.61,0,0,0
NACC001019,1.158,4,0.798,833.99,0,0,0
NACC001020,3.316,1,1.194,377.53,0,0,0
NACC001021,0.431,4,0.842,868.74,0,0,0
NACC001022,2.795,3,0.771,373.26,0,0,0
NACC001023,1.944,4,1.04,400.99,0,0,0
NACC001024,2.438,2,1.168,446.76,0,0,0
NACC001025,1.795,3,1.043,590.5,0,0,0
NACC001026,2.45,4,0.782,232.06,0,0,0
NACC001027,2.498,5,0.853,532.72,0,0,0
NACC001028,2.542,4,1.477,599.31,0,0,0
NACC001029,3.549,2,0.982,1068.23,0,0,0
NACC001030,1.65,1,0.789,442.2,0,0,0
NACC001031,2.833,4,1.25,256.22,0,0,0
NACC001032,1.389,2,0.645,374.7,0,0,0
NACC001033,4.1,2,1.204,383.77,0,0,0
NACC001034,3.466,1,0.864,541.28,0,0,0
NACC001035,1.119,5,1.34,835.38,0,0,0
NACC001036,0.908,5,1.023,259.5,0,0,0
NACC001037,4.323,3,0.63,298.15,0,0,0
NACC001038,3.179,5,1.02,180.49,0,0,0
NACC001039,1.16,4,1.34,691.93,0,0,0
NACC001040,0.193,4,0.634,373.18,0,0,0
NACC001041,1.476,2,0.835,244.22,0,0,0
NACC001042,4.68,4,1.201,215.19,0,0,0
NACC001043,4.844,2,0.959,482.41,0,0,0
NACC001044,6.908,5,0.985,1286.9,0,0,0
NACC001045,2.797,4,0.781,995.43,0,0,0
NACC001046,2.355,3,0.722,719.48,0,0,0
NACC001047,1.613,3,0.845,834.17,0,0,0
NACC001048,8.638,4,0.994,446.66,0,0,0
NACC001049,0.954,1,0.625,690.03,0,0,0
NACC001050,1.509,1,0.655,468.59,0,0,0
NACC001051,1.533,1,1.059,546.57,0,0,0
NACC001052,0.462,1,0.961,344.76,0,0,0
NACC001053,0.278,1,1.401,450.82,0,0,0
NACC001054,0.347,5,1.264,228.8,0,0,0
NACC001055,6.206,1,0.825,276.13,0,0,0
NACC001056,3.457,3,1.051,582.89,0,0,0
NACC001057,10.349,2,1.239,391.62,0,0,0
NACC001058,0.153,1,0.634,583.98,0,0,0
NACC001059,0.441,1,1.173,784.26,0,0,0
NACC001060,2.533,1,1.419,403.02,0,0,0
NACC001061,4.736,4,0.731,288.45,0,0,0
NACC001062,1.499,5,1.016,429.78,0,0,0
NACC001063,3.19,5,1.191,207.67,0,0,0
NACC001064,1.321,1,0.74,530.9,0,0,0
NACC001065,1.132,2,1.075,860.19,0,0,0
NACC001066,0.929,4,1.337,516.7,0,0,0
NACC001067,6.188,5,1.02,263.19,0,0,0
NACC001068,0.206,3,1.06,965.22,0,0,0
NACC001069,0.441,5,1.134,384.27,0,0,0
NACC001070,2.196,3,1.233,633.61,0,0,0
NACC001071,4.154,5,1.327,591.37,0,0,0
NACC001072,2.541,3,0.682,250.26,0,0,0
NACC001073,1.419,5,0.984,497.76,0,0,0
NACC001074,0.75,5,1.181,458.67,0,0,0
NACC001075,3.599,3,1.06,467.78,0,0,0
NACC001076,1.189,1,0.624,160.68,0,0,0
NACC001077,2.817,4,0.608,726.44,0,0,0
NACC001078,2.747,1,1.481,683.75,0,0,0
NACC001079,4.592,4,1.231,351.26,0,0,0
NACC001080,3.98,4,0.911,485.44,0,0,0
NACC001081,9.242,3,1.271,253.68,0,0,0
NACC001082,0.969,1,0.792,737.23,0,0,0
NACC001083,1.304,2,1.234,222.96,0,0,0
NACC001084,5.936,1,1.34,418.35,0,0,0
NACC001085,0.51,2,1.38,216.18,0,0,0
NACC001086,3.327,3,1.397,173.97,0,0,0
NACC001087,2.533,5,1.185,571.05,0,0,0
NACC001088,0.508,3,0.862,454.22,0,0,0
NACC001089,2.54,3,1.044,133.47,0,0,0
NACC001090,1.324,1,0.845,792.63,0,0,0
NACC001091,1.012,5,0.748,514.04,0,0,0
NACC001092,3.319,1,1.286,375.7,0,0,0
NACC001093,3.676,2,1.263,547.92,0,0,0
NACC001094,3.13,1,0.98,366.25,0,0,0
NACC001095,1.03,1,1.338,697.21,0,0,0
NACC001096,0.431,4,1.027,672.87,0,0,0
NACC001097,0.317,3,1.347,403.57,0,0,0
NACC001098,2.37,2,1.239,559.61,0,0,0
NACC001099,0.551,2,0.838,517.0,0,0,0
NACC001100,2.864,1,1.435,249.42,0,0,0
NACC001101,0.315,1,0.611,850.02,0,0,0
NACC001102,0.888,1,0.72,438.92,0,0,0
NACC001103,1.021,3,0.714,849.92,0,0,0
NACC001104,3.54,2,1.143,125.06,0,0,0
NACC001105,2.548,2,1.257,664.63,0,0,0
NACC001106,0.775,2,1.263,944.17,0,0,0
NACC001107,1.272,2,0.605,355.61,0,0,0
NACC001108,1.07,4,0.84,314.9,0,0,0
NACC001109,1.049,3,0.977,201.29,0,0,0
NACC001110,0.807,2,1.047,328.56,0,0,0
NACC001111,4.959,2,0.723,704.56,0,0,0
NACC001112,1.753,1,1.256,227.3,0,0,0
NACC001113,2.597,3,0.601,603.68,0,0,0
NACC001114,3.295,3,0.695,348.0,0,0,0
NACC001115,0.815,5,0.757,122.59,0,0,0
NACC001116,1.614,3,0.965,566.46,0,0,0
NACC001117,1.805,1,1.298,620.54,0,0,0
NACC001118,1.573,1,1.343,498.4,0,0,0
NACC001119,2.436,5,1.141,371.92,0,0,0
NACC001120,1.867,1,1.112,665.57,0,0,0
NACC001121,1.383,1,0.987,357.07,0,0,0
NACC001122,0.802,2,1.135,313.88,0,0,0
NACC001123,2.89,5,0.947,580.26,0,0,0
NACC001124,3.694,2,1.166,483.01,0,0,0
NACC001125,1.322,3,1.208,263.47,0,0,0
NACC001126,2.612,4,1.36,412.68,0,0,0
NACC001127,2.14,4,1.336,308.46,0,0,0
NACC001128,1.117,3,1.442,473.16,0,0,0
NACC001129,1.353,1,1.443,500.25,0,0,0
NACC001130,1.691,1,0.737,239.77,0,0,0
NACC001131,0.999,4,0.972,433.14,0,0,0
NACC001132,1.053,4,0.759,239.46,0,0,0
NACC001133,5.68,1,1.021,647.27,0,0,0
NACC001134,5.117,4,1.349,845.78,0,0,0
NACC001135,3.594,2,1.285,507.53,0,0,0
NACC001136,1.259,4,0.891,622.68,0,0,0
NACC001137,5.181,1,0.814,18.49,0,0,0
NACC001138,1.729,3,1.369,470.32,0,0,0
NACC001139,1.934,3,0.738,459.54,0,0,0
NACC001140,1.589,3,0.618,493.7,0,0,0
NACC001141,2.475,1,0.75,175.37,0,0,0
NACC001142,1.379,3,1.316,416.78,0,0,0
NACC001143,1.404,2,0.844,378.13,0,0,0
NACC001144,1.439,1,1.378,262.1,0,0,0
NACC001145,5.176,1,1.05,506.9,0,0,0
NACC001146,0.457,2,0.685,1057.02,0,0,0
NACC001147,1.872,1,0.87,267.6,0,0,0
NACC001148,2.507,5,1.166,715.25,0,0,0
NACC001149,3.225,4,1.388,695.89,0,0,0
NACC001150,5.244,1,1.306,332.84,0,0,0
NACC001151,2.665,5,1.386,428.13,0,0,0
NACC001152,3.446,4,0.728,604.61,0,0,0
NACC001153,3.014,4,1.019,317.51,0,0,0
NACC001154,0.886,3,1.491,624.16,0,0,0
NACC001155,0.527,3,1.358,226.29,0,0,0
NACC001156,3.308,5,1.022,752.25,0,0,0
NACC001157,0.165,2,1.12,207.35,0,0,0
NACC001158,1.341,4,1.144,370.36,0,0,0
NACC001159,4.01,3,0.8,275.96,0,0,0
NACC001160,3.37,1,1.002,455.83,0,0,0
NACC001161,2.792,3,1.039,847.92,0,0,0
NACC001162,2.408,5,0.668,428.39,0,0,0
NACC001163,1.809,3,1.006,110.58,0,0,0
NACC001164,2.638,5,1.047,382.34,0,0,0
NACC001165,0.923,2,1.091,1126.98,0,0,0
NACC001166,3.743,5,0.644,846.83,0,0,0
NACC001167,1.844,3,1.145,1771.39,0,0,0
NACC001168,2.15,3,1.302,52.94,0,0,0
NACC001169,3.293,2,0.641,422.87,0,0,0
NACC001170,3.115,4,1.091,292.09,0,0,0
NACC001171,0.962,4,1.443,269.05,0,0,0
NACC001172,2.27,4,1.009,528.63,0,0,0
NACC001173,1.56,2,0.604,1165.09,0,0,0
NACC001174,2.255,4,1.443,332.4,0,0,0
NACC001175,2.824,1,1.066,1066.64,0,0,0
NACC001176,0.518,4,1.461,440.6,0,0,0
NACC001177,1.284,3,0.678,579.44,0,0,0
NACC001178,1.612,5,1.431,512.96,0,0,0
NACC001179,1.463,2,1.125,423.53,0,0,0
NACC001180,5.158,5,1.223,652.87,0,0,0
NACC001181,1.577,2,0.982,176.15,0,0,0
NACC001182,0.493,1,1.043,1024.7,0,0,0
NACC001183,0.586,5,1.447,433.0,0,0,0
NACC001184,1.26,1,1.253,764.23,0,0,0
NACC001185,3.084,2,1.177,333.97,0,0,0
NACC001186,2.044,4,1.497,423.56,0,0,0
NACC001187,1.918,3,1.408,956.82,0,0,0
NACC001188,2.316,3,0.684,410.45,0,0,0
NACC001189,1.153,5,1.479,218.7,0,0,0
NACC001190,2.271,3,1.036,340.77,0,0,0
NACC001191,4.076,3,1.32,132.87,0,0,0
NACC001192,4.602,2,0.972,637.03,0,0,0
NACC001193,3.418,3,1.385,523.08,0,0,0
NACC001194,2.408,2,0.881,324.41,0,0,0
NACC001195,3.213,5,1.244,176.35,0,0,0
NACC001196,4.804,5,1.269,141.8,0,0,0
NACC001197,1.95,3,1.344,399.45,0,0,0
NACC001198,1.552,2,0.836,900.8,0,0,0
NACC001199,2.82,1,1.489,245.91,0,0,0
NACC001200,3.797,2,1.45,472.53,0,0,0
NACC001201,3.242,1,1.418,399.49,0,0,0
NACC001202,1.821,5,0.994,430.54,0,0,0
NACC001203,3.583,1,0.63,816.26,0,0,0
NACC001204,0.693,1,0.674,193.26,0,0,0
NACC001205,0.352,1,1.433,212.64,0,0,0
NACC001206,3.164,5,1.391,645.3,0,0,0
NACC001207,3.783,5,1.384,414.56,0,0,0
NACC001208,1.799,5,0.943,632.28,0,0,0
NACC001209,4.929,5,1.1,943.53,0,0,0
NACC001210,1.092,5,0.605,297.94,0,0,0
NACC001211,1.479,5,1.046,952.59,0,0,0
NACC001212,1.903,1,0.817,153.2,0,0,0
NACC001213,0.456,1,1.126,455.69,0,0,0
NACC001214,0.266,3,0.686,216.66,0,0,0
NACC001215,3.062,3,1.124,347.11,0,0,0
NACC001216,0.536,1,0.626,346.89,0,0,0
NACC001217,2.103,5,1.215,336.15,0,0,0
NACC001218,1.138,4,1.459,271.63,0,0,0
NACC001219,0.914,2,0.893,412.69,0,0,0
NACC001220,9.004,3,0.978,609.68,0,0,0
NACC001221,2.56,5,0.949,93.37,0,0,0
NACC001222,4.73,4,1.026,477.49,0,0,0
NACC001223,5.01,3,1.298,414.45,0,0,0
NACC001224,0.056,1,1.498,360.52,0,0,0
NACC001225,6.479,5,0.723,650.09,0,0,0
NACC001226,2.535,1,1.371,438.74,0,0,0
NACC001227,0.363,1,0.996,655.51,0,0,0
NACC001228,1.56,5,1.452,835.34,0,0,0
NACC001229,3.937,2,1.095,274.7,0,0,0
NACC001230,1.484,1,1.259,273.77,0,0,0
NACC001231,3.221,3,1.384,339.88,0,0,0
NACC001232,1.704,2,1.14,844.61,0,0,0
NACC001233,1.313,2,1.116,601.08,0,0,0
NACC001234,1.686,3,1.168,169.98,0,0,0
NACC001235,0.962,5,0.947,338.92,0,0,0
NACC001236,1.997,5,1.106,411.66,0,0,0
NACC001237,2.872,4,1.348,212.15,0,0,0
NACC001238,3.281,4,1.169,353.07,0,0,0
NACC001239,0.989,2,1.433,973.74,0,0,0
NACC001240,2.539,3,1.186,227.54,0,0,0
NACC001241,1.724,3,1.139,522.01,0,0,0
NACC001242,2.401,4,1.071,1413.3,0,0,0
NACC001243,1.385,3,0.779,303.15,0,0,0
NACC001244,3.926,3,0.789,468.81,0,0,0
NACC001245,7.607,1,0.641,451.42,0,0,0
NACC001246,0.663,4,1.377,193.11,0,0,0
NACC001247,0.524,5,0.923,675.52,0,0,0
NACC001248,1.399,3,1.126,198.02,0,0,0
NACC001249,4.527,1,1.4,335.88,0,0,0
NACC001250,1.226,2,1.035,234.1,0,0,0
NACC001251,0.947,3,1.332,315.31,0,0,0
NACC001252,6.551,5,0.926,893.34,0,0,0
NACC001253,3.754,2,1.421,397.29,0,0,0
NACC001254,1.148,2,1.21,372.56,0,0,0
NACC001255,5.81,1,1.096,403.77,0,0,0
NACC001256,1.633,3,1.253,512.72,0,0,0
NACC001257,3.16,2,0.814,270.17,0,0,0
NACC001258,5.158,2,0.762,850.79,0,0,0
NACC001259,0.406,4,0.614,434.31,0,0,0
NACC001260,4.594,1,1.399,323.11,0,0,0
NACC001261,3.199,1,0.65,316.13,0,0,0
NACC001262,1.385,1,0.957,339.16,0,0,0
NACC001263,0.776,3,0.705,350.22,0,0,0
NACC001264,1.944,1,0.988,448.32,0,0,0
NACC001265,1.424,5,1.294,414.38,0,0,0
NACC001266,3.002,2,1.032,374.85,0,0,0
NACC001267,3.835,3,1.168,223.84,0,0,0
NACC001268,3.33,2,0.99,221.25,0,0,0
NACC001269,3.604,5,0.619,803.65,0,0,0
NACC001270,1.899,1,0.909,491.38,0,0,0
NACC001271,2.389,2,0.852,327.33,0,0,0
NACC001272,1.811,1,0.69,635.12,0,0,0
NACC001273,0.789,1,1.307,403.83,0,0,0
NACC001274,3.268,3,0.607,657.89,0,0,0
NACC001275,0.314,2,1.215,422.25,0,0,0
NACC001276,3.498,1,1.199,525.7,0,0,0
NACC001277,1.02,4,0.602,465.45,0,0,0
NACC001278,4.551,2,1.102,453.67,0,0,0
NACC001279,0.883,4,0.714,218.15,0,0,0
NACC001280,5.155,2,1.37,110.11,0,0,0
NACC001281,1.754,3,1.181,467.5,0,0,0
NACC001282,3.139,1,0.74,538.31,0,0,0
NACC001283,1.789,1,1.111,160.54,0,0,0
NACC001284,2.752,5,1.298,218.35,0,0,0
NACC001285,2.593,5,0.629,342.65,0,0,0
NACC001286,1.923,5,1.001,203.5,0,0,0
NACC001287,1.0,4,1.055,259.03,0,0,0
NACC001288,0.497,2,1.014,861.02,0,0,0
NACC001289,6.709,1,0.628,145.69,0,0,0
NACC001290,1.17,1,1.298,103.18,0,0,0
NACC001291,3.298,3,1.449,439.09,0,0,0
NACC001292,1.573,4,0.624,388.61,0,0,0
NACC001293,1.658,5,1.21,168.24,0,0,0
NACC001294,3.254,2,1.455,410.87,0,0,0
NACC001295,1.906,1,0.614,547.06,0,0,0
NACC001296,1.672,1,0.841,309.64,0,0,0
NACC001297,0.943,3,0.757,237.83,0,0,0
NACC001298,1.498,2,0.991,740.34,0,0,0
NACC001299,4.59,4,1.323,362.93,0,0,0
NACC001300,3.208,4,1.293,307.39,0,0,0
NACC001301,2.797,1,1.069,727.95,0,0,0
NACC001302,2.161,5,0.836,837.79,0,0,0
NACC001303,0.778,1,0.941,657.54,0,0,0
NACC001304,3.513,3,0.735,394.99,0,0,0
NACC001305,0.926,2,1.286,615.38,0,0,0
NACC001306,3.376,5,1.386,545.67,0,0,0
NACC001307,3.012,3,1.06,634.39,0,0,0
NACC001308,0.536,3,1.16,233.26,0,0,0
NACC001309,3.387,3,1.199,533.85,0,0,0
NACC001310,5.533,3,0.619,373.9,0,0,0
NACC001311,2.586,2,1.298,323.73,0,0,0
NACC001312,1.312,1,1.349,374.4,0,0,0
NACC001313,1.703,1,0.784,557.86,0,0,0
NACC001314,2.91,1,1.381,493.14,0,0,0
NACC001315,1.213,1,1.02,237.28,0,0,0
NACC001316,4.583,3,0.966,503.52,0,0,0
NACC001317,2.106,4,1.256,104.37,0,0,0
NACC001318,0.803,5,0.787,700.24,0,0,0
NACC001319,2.294,4,0.872,286.33,0,0,0
NACC001320,2.831,3,0.621,809.65,0,0,0
NACC001321,3.075,3,0.965,337.34,0,0,0
NACC001322,1.51,3,0.904,476.58,0,0,0
NACC001323,1.49,5,1.36,434.74,0,0,0
NACC001324,0.894,2,1.426,302.39,0,0,0
NACC001325,1.405,1,0.666,309.28,0,0,0
NACC001326,4.252,2,1.015,546.73,0,0,0
NACC001327,1.318,5,1.018,659.46,0,0,0
NACC001328,0.917,1,0.956,819.25,0,0,0
NACC001329,0.775,3,1.411,527.66,0,0,0
NACC001330,1.855,2,1.155,504.03,0,0,0
NACC001331,1.311,4,1.372,278.13,0,0,0
NACC001332,3.277,5,1.012,364.77,0,0,0
NACC001333,3.924,3,0.699,324.54,0,0,0
NACC001334,0.388,4,1.199,313.28,0,0,0
NACC001335,1.889,2,1.2,179.12,0,0,0
NACC001336,1.099,1,1.372,657.13,0,0,0
NACC001337,1.06,3,1.2,497.09,0,0,0
NACC001338,3.807,3,0.613,717.79,0,0,0
NACC001339,2.46,3,1.373,669.38,0,0,0
NACC001340,1.58,4,1.067,359.5,0,0,0
NACC001341,2.42,1,1.27,611.83,0,0,0
NACC001342,5.953,3,1.014,368.54,0,0,0
NACC001343,2.24,1,0.888,494.93,0,0,0
NACC001344,1.732,4,0.984,100.27,0,0,0
NACC001345,0.808,3,0.74,277.19,0,0,0
NACC001346,1.469,3,1.348,370.42,0,0,0
NACC001347,1.771,1,0.835,499.65,0,0,0
NACC001348,1.494,1,1.03,99.18,0,0,0
NACC001349,0.721,3,0.837,404.57,0,0,0
NACC001350,3.143,2,1.269,324.83,0,0,0
NACC001351,1.853,2,0.646,895.38,0,0,0
NACC001352,0.926,2,0.848,728.64,0,0,0
NACC001353,2.848,1,1.132,1094.33,0,0,0
NACC001354,0.391,4,0.637,504.47,0,0,0
NACC001355,1.983,2,1.422,119.19,0,0,0
NACC001356,1.276,1,1.118,451.32,0,0,0
NACC001357,4.049,3,1.179,521.96,0,0,0
NACC001358,0.453,2,0.978,414.2,0,0,0
NACC001359,1.787,1,1.314,408.07,0,0,0
NACC001360,2.266,3,0.76,316.64,0,0,0
NACC001361,2.242,1,0.951,505.87,0,0,0
NACC001362,0.46,4,0.985,426.94,0,0,0
NACC001363,1.081,5,1.333,333.06,0,0,0
NACC001364,0.876,5,1.231,299.27,0,0,0
NACC001365,4.326,5,0.875,342.8,0,0,0
NACC001366,4.611,4,0.64,195.87,0,0,0
NACC001367,4.813,1,1.034,330.86,0,0,0
NACC001368,1.682,4,0.622,309.24,0,0,0
NACC001369,1.117,3,1.162,230.83,0,0,0
NACC001370,1.484,5,1.257,302.71,0,0,0
NACC001371,0.943,3,1.456,314.81,0,0,0
NACC001372,2.743,3,1.176,94.5,0,0,0
NACC001373,2.645,5,0.692,218.01,0,0,0
NACC001374,2.882,3,0.709,685.46,0,0,0
NACC001375,1.248,4,1.274,781.13,0,0,0
NACC001376,0.609,2,0.998,668.45,0,0,0
NACC001377,0.338,1,1.115,546.92,0,0,0
NACC001378,1.804,1,1.216,192.6,0,0,0
NACC001379,1.741,2,1.058,299.29,0,0,0
NACC001380,2.821,1,0.667,436.88,0,0,0
NACC001381,3.731,3,1.106,416.37,0,0,0
NACC001382,1.085,3,1.392,227.56,0,0,0
NACC001383,0.465,4,0.701,361.77,0,0,0
NACC001384,3.923,3,0.71,1221.26,0,0,0
NACC001385,2.008,5,1.292,291.98,0,0,0
NACC001386,2.212,4,1.209,495.03,0,0,0
NACC001387,3.732,1,0.813,510.96,0,0,0
NACC001388,1.172,1,0.708,540.07,0,0,0
NACC001389,1.445,5,1.239,205.47,0,0,0
NACC001390,7.045,3,1.267,1005.14,0,0,0
NACC001391,2.64,4,0.624,267.19,0,0,0
NACC001392,2.575,2,1.3,292.48,0,0,0
NACC001393,6.921,3,0.86,636.2,0,0,0
NACC001394,1.496,1,1.287,549.41,0,0,0
NACC001395,3.121,4,0.963,507.82,0,0,0
NACC001396,3.552,4,1.048,403.29,0,0,0
NACC001397,0.97,3,0.897,472.54,0,0,0
NACC001398,1.401,4,0.899,822.09,0,0,0
NACC001399,0.784,1,1.493,438.94,0,0,0
NACC001400,0.959,3,1.132,513.48,0,0,0
NACC001401,1.09,3,1.147,398.71,0,0,0
NACC001402,3.947,5,0.767,315.11,0,0,0
NACC001403,1.389,1,1.339,354.26,0,0,0
NACC001404,1.131,5,1.359,402.48,0,0,0
NACC001405,3.625,3,1.103,593.1,0,0,0
NACC001406,2.923,2,1.311,329.63,0,0,0
NACC001407,4.907,4,0.738,254.36,0,0,0
NACC001408,3.098,3,0.93,505.64,0,0,0
NACC001409,5.953,4,0.754,919.17,0,0,0
NACC001410,1.453,5,0.61,227.33,0,0,0
NACC001411,3.496,2,1.09,420.19,0,0,0
NACC001412,2.745,2,0.822,627.04,0,0,0
NACC001413,0.904,5,1.058,314.36,0,0,0
NACC001414,2.276,5,1.261,674.01,0,0,0
NACC001415,1.271,4,0.877,716.85,0,0,0
NACC001416,1.805,5,1.096,686.41,0,0,0
NACC001417,2.504,1,0.76,665.39,0,0,0
NACC001418,1.89,3,0.812,325.87,0,0,0
NACC001419,1.981,3,1.309,565.23,0,0,0
NACC001420,1.082,4,1.345,243.3,0,0,0
NACC001421,2.541,4,0.714,270.87,0,0,0
NACC001422,5.055,3,0.838,270.85,0,0,0
NACC001423,1.428,1,0.74,492.04,0,0,0
NACC001424,0.824,3,0.818,457.29,0,0,0
NACC001425,2.291,5,1.168,316.19,0,0,0
NACC001426,0.631,3,0.822,1019.88,0,0,0
NACC001427,1.095,3,1.232,408.25,0,0,0
NACC001428,6.565,2,1.113,330.37,0,0,0
NACC001429,0.71,1,1.296,299.3,0,0,0
NACC001430,1.417,2,1.082,276.37,0,0,0
NACC001431,2.42,5,1.039,352.37,0,0,0
NACC001432,2.368,3,0.653,926.07,0,0,0
NACC001433,1.544,4,1.042,383.98,0,0,0
NACC001434,2.55,1,1.041,575.27,0,0,0
NACC001435,3.207,1,0.606,455.51,0,0,0
NACC001436,1.962,5,1.423,299.01,0,0,0
NACC001437,4.385,3,1.362,384.33,0,0,0
NACC001438,3.984,4,1.256,456.81,0,0,0
NACC001439,3.288,1,1.196,813.72,0,0,0
NACC001440,1.678,4,1.061,440.61,0,0,0
NACC001441,7.405,2,0.773,679.11,0,0,0
NACC001442,3.362,5,1.49,995.07,0,0,0
NACC001443,2.583,1,1.388,231.18,0,0,0
NACC001444,3.771,5,0.747,297.78,0,0,0
NACC001445,4.308,1,1.405,279.7,0,0,0
NACC001446,1.49,5,1.496,1291.15,0,0,0
NACC001447,1.058,1,1.435,711.97,0,0,0
NACC001448,2.828,1,1.373,520.07,0,0,0
NACC001449,3.11,5,0.781,730.53,0,0,0
NACC001450,4.132,5,0.643,561.03,0,0,0
NACC001451,5.592,3,1.472,540.44,0,0,0
NACC001452,1.948,2,1.36,694.05,0,0,0
NACC001453,1.918,4,0.79,776.68,0,0,0
NACC001454,1.421,2,0.892,821.3,0,0,0
NACC001455,2.067,2,1.45,995.17,0,0,0
NACC001456,2.516,1,1.032,170.98,0,0,0
NACC001457,0.369,5,1.427,925.92,0,0,0
NACC001458,0.268,1,0.679,314.08,0,0,0
NACC001459,0.896,4,1.097,140.46,0,0,0
NACC001460,0.397,1,0.874,581.89,0,0,0
NACC001461,3.425,1,0.951,227.04,0,0,0
NACC001462,0.952,2,0.922,711.67,0,0,0
NACC001463,3.109,5,1.418,710.52,0,0,0
NACC001464,1.362,3,1.346,936.25,0,0,0
NACC001465,1.248,5,1.391,51.22,0,0,0
NACC001466,0.616,5,1.449,369.43,0,0,0
NACC001467,2.413,3,0.946,422.06,0,0,0
NACC001468,1.959,1,0.826,550.9,0,0,0
NACC001469,0.658,2,0.672,260.93,0,0,0
NACC001470,1.598,5,1.137,500.74,0,0,0
NACC001471,0.803,4,0.995,214.32,0,0,0
NACC001472,0.568,1,1.383,151.16,0,0,0
NACC001473,3.543,2,1.334,330.72,0,0,0
NACC001474,6.399,4,0.664,446.01,0,0,0
NACC001475,0.914,3,0.8,484.66,0,0,0
NACC001476,0.496,1,1.378,277.68,0,0,0
NACC001477,3.346,2,0.603,320.91,0,0,0
NACC001478,6.119,1,0.897,170.25,0,0,0
NACC001479,2.635,1,0.651,526.29,0,0,0
NACC001480,3.595,2,1.411,565.96,0,0,0
NACC001481,3.161,5,1.458,293.33,0,0,0
NACC001482,1.647,4,0.629,220.46,0,0,0
NACC001483,1.892,3,1.296,421.37,0,0,0
NACC001484,0.471,2,1.079,438.3,0,0,0
NACC001485,0.641,2,1.416,412.79,0,0,0
NACC001486,2.036,4,0.863,454.1,0,0,0
NACC001487,2.833,5,1.267,487.98,0,0,0
NACC001488,1.87,1,0.749,190.19,0,0,0
NACC001489,0.969,5,1.319,797.4,0,0,0
NACC001490,3.832,4,0.877,496.25,0,0,0
NACC001491,1.887,1,0.773,329.81,0,0,0
NACC001492,2.207,5,1.157,480.42,0,0,0
NACC001493,1.521,3,0.812,765.73,0,0,0
NACC001494,2.152,5,1.299,88.65,0,0,0
NACC001495,1.837,4,1.317,643.17,0,0,0
NACC001496,0.87,3,1.072,1093.41,0,0,0
NACC001497,0.862,1,1.313,412.32,0,0,0
NACC001498,1.781,2,1.247,689.76,0,0,0
NACC001499,4.845,4,1.153,286.19,0,0,0
NACC001500,3.045,5,0.687,556.07,0,0,0
NACC001501,1.927,1,1.493,777.86,0,0,0
NACC001502,1.654,5,0.865,511.41,0,0,0
NACC001503,3.554,3,0.823,393.62,0,0,0
NACC001504,4.804,2,1.145,409.83,0,0,0
NACC001505,2.439,3,0.958,681.37,0,0,0
NACC001506,1.05,5,0.65,587.89,0,0,0
NACC001507,1.129,3,1.058,260.85,0,0,0
NACC001508,2.122,5,1.015,324.84,0,0,0
NACC001509,1.144,2,1.491,495.63,0,0,0
NACC001510,0.756,1,1.098,499.31,0,0,0
NACC001511,1.172,3,1.261,444.44,0,0,0
NACC001512,2.937,5,0.875,270.12,0,0,0
NACC001513,6.865,4,0.764,727.32,0,0,0
NACC001514,3.216,3,0.931,699.88,0,0,0
NACC001515,1.927,3,1.028,918.88,0,0,0
NACC001516,3.86,4,1.362,450.78,0,0,0
NACC001517,2.963,3,0.672,517.41,0,0,0
NACC001518,1.103,5,1.343,328.16,0,0,0
NACC001519,1.27,3,1.377,458.17,0,0,0
NACC001520,1.765,1,1.399,949.34,0,0,0
NACC001521,2.458,5,0.846,175.18,0,0,0
NACC001522,2.29,5,1.221,337.88,0,0,0
NACC001523,0.144,3,1.417,706.24,0,0,0
NACC001524,0.354,3,1.007,849.37,0,0,0
NACC001525,1.277,1,1.461,468.75,0,0,0
NACC001526,2.41,3,0.827,501.08,0,0,0
NACC001527,1.814,2,0.873,563.3,0,0,0
NACC001528,0.324,1,0.722,626.96,0,0,0
NACC001529,2.567,1,1.143,316.29,0,0,0
NACC001530,5.354,3,1.138,239.19,0,0,0
NACC001531,2.209,2,1.087,474.68,0,0,0
NACC001532,5.913,5,1.12,708.09,0,0,0
NACC001533,2.405,1,1.41,409.78,0,0,0
NACC001534,1.222,5,0.989,410.62,0,0,0
NACC001535,1.764,5,1.232,314.91,0,0,0
NACC001536,0.442,4,1.381,933.4,0,0,0
NACC001537,1.251,4,0.797,840.02,0,0,0
NACC001538,0.964,4,0.956,584.19,0,0,0
NACC001539,5.622,3,0.637,1217.46,0,0,0
NACC001540,0.443,2,0.886,861.33,0,0,0
NACC001541,2.138,4,1.362,524.82,0,0,0
NACC001542,1.262,3,1.033,316.18,0,0,0
NACC001543,1.391,2,1.2,575.23,0,0,0
NACC001544,4.565,5,0.743,1342.04,0,0,0
NACC001545,1.285,4,0.883,544.58,0,0,0
NACC001546,0.816,4,1.305,354.93,0,0,0
NACC001547,0.666,5,1.191,818.53,0,0,0
NACC001548,0.227,2,1.16,482.62,0,0,0
NACC001549,0.475,2,0.667,523.25,0,0,0
NACC001550,4.097,2,1.066,746.74,0,0,0
NACC001551,2.37,4,0.842,855.49,0,0,0
NACC001552,1.452,5,0.633,142.44,0,0,0
NACC001553,1.913,5,0.649,479.94,0,0,0
NACC001554,4.073,3,0.88,735.53,0,0,0
NACC001555,1.266,2,1.322,286.48,0,0,0
NACC001556,4.526,1,1.269,389.58,0,0,0
NACC001557,2.008,5,1.362,409.7,0,0,0
NACC001558,4.536,4,0.621,416.86,0,0,0
NACC001559,1.434,4,0.851,612.15,0,0,0
NACC001560,0.992,5,0.638,629.37,0,0,0
NACC001561,1.286,4,1.179,578.67,0,0,0
NACC001562,4.017,5,1.148,517.36,0,0,0
NACC001563,1.463,1,1.016,681.91,0,0,0
NACC001564,5.946,4,0.676,399.57,0,0,0
NACC001565,2.622,3,0.975,286.74,0,0,0
NACC001566,0.603,4,0.6,584.71,0,0,0
NACC001567,1.606,2,1.286,982.47,0,0,0
NACC001568,0.802,3,0.939,691.21,0,0,0
NACC001569,3.932,4,0.96,403.93,0,0,0
NACC001570,2.918,1,1.398,589.64,0,0,0
NACC001571,1.37,5,1.444,501.69,0,0,0
NACC001572,1.498,5,1.056,425.06,0,0,0
NACC001573,0.857,4,0.667,684.72,0,0,0
NACC001574,0.789,3,1.445,381.95,0,0,0
NACC001575,3.093,2,0.934,219.89,0,0,0
NACC001576,0.046,5,0.802,575.47,0,0,0
NACC001577,4.712,1,1.471,726.81,0,0,0
NACC001578,1.379,1,1.023,366.14,0,0,0
NACC001579,5.606,2,1.184,188.56,0,0,0
NACC001580,1.745,5,0.93,531.71,0,0,0
NACC001581,0.785,3,1.25,624.99,0,0,0
NACC001582,0.81,5,0.687,568.97,0,0,0
NACC001583,2.439,4,0.812,646.57,0,0,0
NACC001584,2.325,1,0.803,427.47,0,0,0
NACC001585,3.207,2,0.88,577.65,0,0,0
NACC001586,3.24,4,1.074,432.98,0,0,0
NACC001587,9.475,4,1.321,177.88,0,0,0
NACC001588,1.636,5,0.917,602.59,0,0,0
NACC001589,0.379,3,0.785,521.48,0,0,0
NACC001590,3.291,3,1.112,353.18,0,0,0
NACC001591,0.406,3,0.621,981.86,0,0,0
NACC001592,5.994,1,0.637,497.02,0,0,0
NACC001593,1.593,3,0.84,285.05,0,0,0
NACC001594,4.12,2,1.085,283.04,0,0,0
NACC001595,2.705,3,1.47,1466.93,0,0,0
NACC001596,0.3,5,0.616,438.04,0,0,0
NACC001597,3.42,4,1.179,181.78,0,0,0
NACC001598,1.546,5,0.865,316.56,0,0,0
NACC001599,1.388,3,1.296,231.34,0,0,0
NACC001600,1.239,5,0.903,592.77,0,0,0
NACC001601,0.909,3,1.065,543.19,0,0,0
NACC001602,1.965,3,1.124,304.69,0,0,0
NACC001603,1.992,2,1.078,593.32,0,0,0
NACC001604,0.722,2,1.205,549.9,0,0,0
NACC001605,1.889,5,1.143,772.61,0,0,0
NACC001606,1.077,4,0.858,302.33,0,0,0
NACC001607,1.771,3,1.441,231.8,0,0,0
NACC001608,2.785,3,1.018,143.21,0,0,0
NACC001609,2.619,4,1.398,278.08,0,0,0
NACC001610,2.218,1,1.3,653.7,0,0,0
NACC001611,0.153,4,0.834,399.84,0,0,0
NACC001612,1.241,4,1.418,208.51,0,0,0
NACC001613,4.371,1,1.413,423.27,0,0,0
NACC001614,0.791,4,0.738,168.78,0,0,0
NACC001615,0.699,3,0.863,259.09,0,0,0
NACC001616,3.456,2,0.7,370.24,0,0,0
NACC001617,0.735,5,1.125,729.8,0,0,0
NACC001618,4.473,1,1.156,341.39,0,0,0
NACC001619,2.472,2,0.859,554.46,0,0,0
NACC001620,5.835,2,0.666,1055.29,0,0,0
NACC001621,1.867,3,1.078,369.91,0,0,0
NACC001622,5.031,4,0.975,549.73,0,0,0
NACC001623,2.579,2,1.409,1052.3,0,0,0
NACC001624,3.29,3,1.055,240.32,0,0,0
NACC001625,1.026,4,1.441,694.66,0,0,0
NACC001626,3.957,4,0.7,357.78,0,0,0
NACC001627,1.072,3,1.035,531.05,0,0,0
NACC001628,1.489,2,0.836,513.03,0,0,0
NACC001629,3.883,3,0.921,1123.22,0,0,0
NACC001630,1.97,4,1.161,135.32,0,0,0
NACC001631,2.732,4,0.631,654.27,0,0,0
NACC001632,3.674,2,1.265,660.97,0,0,0
NACC001633,1.467,1,1.269,314.25,0,0,0
NACC001634,2.52,2,1.216,878.93,0,0,0
NACC001635,4.109,2,0.877,531.73,0,0,0
NACC001636,8.667,2,1.44,475.01,0,0,0
NACC001637,3.571,3,0.61,373.31,0,0,0
NACC001638,2.355,1,0.742,248.88,0,0,0
NACC001639,0.965,2,0.755,157.87,0,0,0
NACC001640,1.262,3,1.188,209.17,0,0,0
NACC001641,2.53,4,1.336,258.37,0,0,0
NACC001642,2.703,3,0.692,523.13,0,0,0
NACC001643,6.2,1,1.31,170.66,0,0,0
NACC001644,1.397,2,1.17,568.51,0,0,0
NACC001645,1.568,2,0.739,517.27,0,0,0
NACC001646,2.743,4,0.673,473.44,0,0,0
NACC001647,4.815,2,1.037,505.82,0,0,0
NACC001648,1.126,4,1.385,271.83,0,0,0
NACC001649,1.277,4,0.88,692.37,0,0,0
NACC001650,1.824,5,0.851,815.36,0,0,0
NACC001651,3.454,3,1.078,320.91,0,0,0
NACC001652,3.313,3,0.733,508.24,0,0,0
NACC001653,2.915,1,0.901,377.51,0,0,0
NACC001654,2.27,3,1.201,333.47,0,0,0
NACC001655,4.715,1,0.705,556.94,0,0,0
NACC001656,1.014,5,0.666,726.89,0,0,0
NACC001657,1.537,3,0.759,690.47,0,0,0
NACC001658,0.878,4,1.172,225.27,0,0,0
NACC001659,4.252,5,0.862,487.86,0,0,0
NACC001660,0.609,4,1.438,471.61,0,0,0
NACC001661,5.337,2,1.057,577.44,0,0,0
NACC001662,6.758,1,1.06,343.88,0,0,0
NACC001663,2.561,3,1.346,483.72,0,0,0
NACC001664,3.942,3,1.452,625.27,0,0,0
NACC001665,1.927,1,0.912,283.93,0,0,0
NACC001666,2.724,2,0.908,443.35,0,0,0
NACC001667,3.24,3,1.45,466.22,0,0,0
NACC001668,0.934,2,0.907,353.43,0,0,0
NACC001669,3.731,3,0.849,270.14,0,0,0
NACC001670,1.436,2,0.614,352.98,0,0,0
NACC001671,6.66,4,0.952,477.22,0,0,0
NACC001672,1.791,3,1.198,203.85,0,0,0
NACC001673,5.535,2,1.407,373.13,0,0,0
NACC001674,0.752,3,1.378,525.09,0,0,0
NACC001675,3.142,3,0.658,590.02,0,0,0
NACC001676,1.703,4,0.746,485.36,0,0,0
NACC001677,0.646,4,0.798,599.06,0,0,0
NACC001678,1.023,2,1.493,582.42,0,0,0
NACC001679,2.922,4,0.843,374.62,0,0,0
NACC001680,1.939,3,0.822,621.39,0,0,0
NACC001681,3.49,2,1.211,516.84,0,0,0
NACC001682,5.043,2,0.924,537.38,0,0,0
NACC001683,1.368,5,0.839,926.9,0,0,0
NACC001684,1.32,1,1.209,363.5,0,0,0
NACC001685,0.521,3,1.16,415.93,0,0,0
NACC001686,0.465,2,1.328,232.69,0,0,0
NACC001687,0.619,4,1.347,666.8,0,0,0
NACC001688,2.246,2,0.81,239.83,0,0,0
NACC001689,2.938,4,1.486,243.21,0,0,0
NACC001690,3.71,2,0.909,433.12,0,0,0
NACC001691,1.606,5,1.236,282.6,0,0,0
NACC001692,1.659,4,1.179,414.94,0,0,0
NACC001693,1.364,3,0.753,345.15,0,0,0
NACC001694,0.441,4,0.959,211.89,0,0,0
NACC001695,2.223,3,1.254,140.02,0,0,0
NACC001696,1.557,2,0.729,692.62,0,0,0
NACC001697,1.499,3,0.902,214.14,0,0,0
NACC001698,0.968,2,1.417,747.39,0,0,0
NACC001699,4.231,3,1.001,653.34,0,0,0
NACC001700,4.934,3,1.465,508.49,0,0,0
NACC001701,2.796,5,1.035,131.73,0,0,0
NACC001702,5.828,4,1.351,360.87,0,0,0
NACC001703,0.788,5,1.463,155.14,0,0,0
NACC001704,1.712,3,1.236,450.87,0,0,0
NACC001705,1.341,2,0.632,568.43,0,0,0
NACC001706,1.407,5,1.006,277.79,0,0,0
NACC001707,2.97,3,1.095,379.15,0,0,0
NACC001708,0.856,1,0.739,478.71,0,0,0
NACC001709,1.077,4,0.731,512.08,0,0,0
NACC001710,1.131,5,1.201,563.0,0,0,0
NACC001711,4.701,4,1.021,591.99,0,0,0
NACC001712,2.935,3,1.46,458.98,0,0,0
NACC001713,2.05,5,0.633,739.37,0,0,0
NACC001714,1.269,1,0.648,433.18,0,0,0
NACC001715,4.535,4,0.665,387.74,0,0,0
NACC001716,3.228,2,0.781,315.56,0,0,0
NACC001717,0.485,4,1.346,727.61,0,0,0
NACC001718,0.943,4,0.918,659.64,0,0,0
NACC001719,0.782,5,1.31,331.88,0,0,0
NACC001720,2.818,1,1.148,334.57,0,0,0
NACC001721,2.241,4,1.039,238.87,0,0,0
NACC001722,5.867,2,0.736,165.64,0,0,0
NACC001723,2.064,5,1.113,293.18,0,0,0
NACC001724,5.568,4,1.495,286.85,0,0,0
NACC001725,0.701,1,1.06,724.15,0,0,0
NACC001726,3.197,5,0.884,548.05,0,0,0
NACC001727,2.458,3,0.757,561.25,0,0,0
NACC001728,2.703,4,1.113,814.15,0,0,0
NACC001729,0.177,3,1.47,807.54,0,0,0
NACC001730,1.306,3,0.673,351.54,0,0,0
NACC001731,4.645,4,0.712,876.52,0,0,0
NACC001732,4.126,5,1.296,461.49,0,0,0
NACC001733,2.77,2,0.747,1690.64,0,0,0
NACC001734,6.984,1,1.327,395.02,0,0,0
NACC001735,2.456,1,0.611,931.12,0,0,0
NACC001736,0.175,2,1.332,390.79,0,0,0
NACC001737,1.96,2,1.145,237.55,0,0,0
NACC001738,5.17,3,1.266,257.5,0,0,0
NACC001739,3.595,4,1.497,253.27,0,0,0
NACC001740,2.426,3,1.272,233.33,0,0,0
NACC001741,1.487,2,1.293,166.3,0,0,0
NACC001742,0.376,1,0.845,291.08,0,0,0
NACC001743,4.483,3,0.986,306.78,0,0,0
NACC001744,3.903,2,0.816,219.57,0,0,0
NACC001745,0.362,5,1.496,362.84,0,0,0
NACC001746,2.717,5,1.445,441.3,0,0,0
NACC001747,0.453,2,1.042,1076.27,0,0,0
NACC001748,0.183,1,1.062,384.95,0,0,0
NACC001749,1.147,1,0.814,343.15,0,0,0
NACC001750,1.607,3,0.676,314.4,0,0,0
NACC001751,0.449,2,0.853,465.73,0,0,0
NACC001752,3.711,4,1.441,1186.62,0,0,0
NACC001753,2.645,2,0.959,332.68,0,0,0
NACC001754,0.884,3,0.615,181.53,0,0,0
NACC001755,4.191,3,1.265,830.14,0,0,0
NACC001756,1.08,2,0.711,724.63,0,0,0
NACC001757,0.311,4,0.63,707.14,0,0,0
NACC001758,1.672,4,1.367,359.05,0,0,0
NACC001759,1.282,4,0.911,561.44,0,0,0
NACC001760,0.687,2,0.83,363.2,0,0,0
NACC001761,3.86,4,1.409,648.84,0,0,0
NACC001762,2.297,2,0.619,372.95,0,0,0
NACC001763,0.264,5,1.2,626.74,0,0,0
NACC001764,0.443,3,0.607,953.91,0,0,0
NACC001765,1.365,1,1.1,718.42,0,0,0
NACC001766,3.082,2,1.069,495.19,0,0,0
NACC001767,2.126,4,0.732,432.51,0,0,0
NACC001768,2.083,5,1.191,220.71,0,0,0
NACC001769,2.049,4,0.896,828.64,0,0,0
NACC001770,4.491,2,1.073,658.03,0,0,0
NACC001771,1.288,5,0.825,646.83,0,0,0
NACC001772,0.195,1,1.392,107.03,0,0,0
NACC001773,1.344,3,1.262,589.2,0,0,0
NACC001774,0.271,4,0.806,255.95,0,0,0
NACC001775,1.301,1,1.056,1044.32,0,0,0
NACC001776,1.475,1,1.262,558.35,0,0,0
NACC001777,6.496,5,0.935,705.79,0,0,0
NACC001778,3.541,3,0.931,279.97,0,0,0
NACC001779,3.785,5,0.867,273.93,0,0,0
NACC001780,1.447,1,1.262,1114.86,0,0,0
NACC001781,1.783,2,0.602,780.0,0,0,0
NACC001782,0.331,2,1.455,672.52,0,0,0
NACC001783,0.78,3,0.695,428.91,0,0,0
NACC001784,1.861,2,0.657,716.14,0,0,0
NACC001785,1.151,2,0.71,766.81,0,0,0
NACC001786,2.893,4,1.048,690.32,0,0,0
NACC001787,1.658,1,0.839,498.83,0,0,0
NACC001788,0.261,4,1.197,515.9,0,0,0
NACC001789,6.521,2,1.024,259.17,0,0,0
NACC001790,2.314,5,1.313,689.45,0,0,0
NACC001791,4.396,5,1.284,374.51,0,0,0
NACC001792,2.262,3,0.81,1085.09,0,0,0
NACC001793,0.764,1,1.454,587.92,0,0,0
NACC001794,1.762,1,0.723,667.07,0,0,0
NACC001795,3.523,1,1.098,300.95,0,0,0
NACC001796,2.504,1,0.752,574.3,0,0,0
NACC001797,2.428,4,0.859,201.99,0,0,0
NACC001798,1.057,1,1.261,435.71,0,0,0
NACC001799,0.618,4,1.225,294.01,0,0,0
NACC001800,0.99,3,1.057,201.54,0,0,0
NACC001801,3.832,4,1.135,713.96,0,0,0
NACC001802,2.863,5,0.796,836.22,0,0,0
NACC001803,3.592,5,1.488,907.15,0,0,0
NACC001804,3.454,2,0.79,420.33,0,0,0
NACC001805,1.223,1,0.786,743.49,0,0,0
NACC001806,1.159,5,1.005,387.32,0,0,0
NACC001807,0.415,3,0.714,183.38,0,0,0
NACC001808,0.724,2,1.337,290.12,0,0,0
NACC001809,2.081,3,1.321,761.75,0,0,0
NACC001810,1.818,5,0.859,539.9,0,0,0
NACC001811,3.672,5,0.871,918.54,0,0,0
NACC001812,0.554,1,1.233,709.97,0,0,0
NACC001813,0.376,1,1.091,323.18,0,0,0
NACC001814,2.388,2,0.777,641.39,0,0,0
NACC001815,7.081,1,0.963,520.99,0,0,0
NACC001816,3.557,2,0.669,370.34,0,0,0
NACC001817,4.8,5,0.831,455.28,0,0,0
NACC001818,0.369,1,0.634,668.41,0,0,0
NACC001819,0.977,1,1.379,476.0,0,0,0
NACC001820,4.302,5,0.891,282.21,0,0,0
NACC001821,1.117,4,1.299,385.79,0,0,0
NACC001822,0.849,4,1.46,144.54,0,0,0
NACC001823,2.301,4,0.607,449.91,0,0,0
NACC001824,6.016,4,0.931,743.39,0,0,0
NACC001825,0.896,4,0.93,445.86,0,0,0
NACC001826,0.691,2,1.447,620.31,0,0,0
NACC001827,1.651,3,1.01,730.72,0,0,0
NACC001828,0.293,2,1.388,893.12,0,0,0
NACC001829,0.572,2,1.222,485.31,0,0,0
NACC001830,0.477,3,0.703,180.16,0,0,0
NACC001831,1.457,3,0.879,599.33,0,0,0
NACC001832,2.457,1,1.225,348.47,0,0,0
NACC001833,1.338,4,0.773,676.04,0,0,0
NACC001834,1.255,2,1.299,204.87,0,0,0
NACC001835,8.408,1,1.112,986.73,0,0,0
NACC001836,3.462,4,1.373,730.8,0,0,0
NACC001837,3.669,4,0.845,462.97,0,0,0
NACC001838,1.384,3,0.679,540.2,0,0,0
NACC001839,4.105,4,0.719,551.34,0,0,0
NACC001840,2.603,5,0.633,270.08,0,0,0
NACC001841,1.756,2,1.086,664.5,0,0,0
NACC001842,4.12,4,1.477,637.48,0,0,0
NACC001843,0.795,4,0.848,344.63,0,0,0
NACC001844,0.893,3,0.989,150.59,0,0,0
NACC001845,1.445,3,0.826,160.11,0,0,0
NACC001846,0.442,5,1.113,445.97,0,0,0
NACC001847,4.195,4,0.765,547.97,0,0,0
NACC001848,1.908,5,1.346,474.55,0,0,0
NACC001849,2.329,2,0.638,501.63,0,0,0
NACC001850,2.382,2,1.329,145.04,0,0,0
NACC001851,0.684,4,1.265,800.45,0,0,0
NACC001852,4.347,2,0.868,152.26,0,0,0
NACC001853,0.485,4,1.368,383.7,0,0,0
NACC001854,3.435,3,1.149,308.36,0,0,0
NACC001855,1.781,5,1.167,423.01,0,0,0
NACC001856,2.646,1,0.918,477.99,0,0,0
NACC001857,0.85,1,1.11,501.97,0,0,0
NACC001858,3.14,5,1.303,327.95,0,0,0
NACC001859,1.72,5,1.368,370.99,0,0,0
NACC001860,1.0,5,1.429,261.98,0,0,0
NACC001861,0.4,1,1.226,836.99,0,0,0
NACC001862,1.131,2,0.934,482.34,0,0,0
NACC001863,0.456,5,1.249,520.88,0,0,0
NACC001864,2.109,5,1.187,543.47,0,0,0
NACC001865,6.867,4,1.22,1153.34,0,0,0
NACC001866,0.705,2,0.851,642.04,0,0,0
NACC001867,4.309,4,1.047,347.7,0,0,0
NACC001868,2.921,2,0.698,606.53,0,0,0
NACC001869,2.354,5,1.173,248.82,0,0,0
NACC001870,4.814,3,1.094,132.22,0,0,0
NACC001871,0.981,1,1.1,218.42,0,0,0
NACC001872,1.257,3,1.201,733.95,0,0,0
NACC001873,3.091,1,0.745,904.33,0,0,0
NACC001874,1.677,4,0.687,575.22,0,0,0
NACC001875,2.202,3,0.735,398.42,0,0,0
NACC001876,3.235,4,1.493,1041.6,0,0,0
NACC001877,2.722,3,0.722,328.57,0,0,0
NACC001878,1.757,4,0.674,213.41,0,0,0
NACC001879,1.69,2,0.827,220.83,0,0,0
NACC001880,1.501,2,1.483,292.16,0,0,0
NACC001881,2.436,3,1.38,449.24,0,0,0
NACC001882,1.349,2,0.788,270.44,0,0,0
NACC001883,1.917,2,1.207,733.74,0,0,0
NACC001884,2.977,3,0.901,594.11,0,0,0
NACC001885,2.358,4,1.452,374.33,0,0,0
NACC001886,1.656,2,0.618,306.68,0,0,0
NACC001887,1.676,4,1.297,342.3,0,0,0
NACC001888,5.633,3,0.639,635.6,0,0,0
NACC001889,1.405,3,0.961,685.71,0,0,0
NACC001890,5.117,1,1.319,496.25,0,0,0
NACC001891,2.911,5,1.063,245.96,0,0,0
NACC001892,1.622,2,1.396,656.75,0,0,0
NACC001893,4.605,4,0.619,209.94,0,0,0
NACC001894,1.615,1,1.237,279.14,0,0,0
NACC001895,2.507,1,0.943,253.37,0,0,0
NACC001896,2.069,3,1.266,851.89,0,0,0
NACC001897,4.045,3,1.086,790.22,0,0,0
NACC001898,4.11,4,1.245,258.69,0,0,0
NACC001899,1.42,1,0.896,211.23,0,0,0
NACC001900,4.022,4,0.671,356.77,0,0,0
NACC001901,1.02,1,1.375,692.96,0,0,0
NACC001902,3.143,1,0.916,1017.43,0,0,0
NACC001903,3.986,1,1.123,395.06,0,0,0
NACC001904,6.003,4,1.421,87.41,0,0,0
NACC001905,1.039,4,0.667,205.77,0,0,0
NACC001906,2.266,4,0.895,203.17,0,0,0
NACC001907,1.999,2,0.87,276.34,0,0,0
NACC001908,1.498,4,1.21,176.88,0,0,0
NACC001909,0.762,5,1.299,262.59,0,0,0
NACC001910,1.149,3,1.424,224.53,0,0,0
NACC001911,6.382,2,1.43,494.57,0,0,0
NACC001912,4.315,3,0.66,296.98,0,0,0
NACC001913,0.787,5,1.246,414.54,0,0,0
NACC001914,3.31,5,0.821,275.3,0,0,0
NACC001915,6.382,5,1.312,169.16,0,0,0
NACC001916,1.619,1,0.979,458.16,0,0,0
NACC001917,3.171,2,0.866,177.31,0,0,0
NACC001918,1.708,1,1.425,600.33,0,0,0
NACC001919,3.129,2,1.484,467.73,0,0,0
NACC001920,2.155,1,1.472,406.44,0,0,0
NACC001921,1.162,5,1.164,528.33,0,0,0
NACC001922,4.057,3,1.417,298.71,0,0,0
NACC001923,2.845,1,0.632,394.83,0,0,0
NACC001924,4.207,5,1.139,609.93,0,0,0
NACC001925,1.461,3,0.901,517.27,0,0,0
NACC001926,3.25,4,1.293,489.98,0,0,0
NACC001927,1.921,4,1.447,481.7,0,0,0
NACC001928,1.209,3,1.316,509.25,0,0,0
NACC001929,1.013,1,1.371,415.48,0,0,0
NACC001930,1.596,5,0.941,306.99,0,0,0
NACC001931,1.318,5,1.345,600.58,0,0,0
NACC001932,3.65,3,1.212,495.7,0,0,0
NACC001933,2.469,2,0.968,305.77,0,0,0
NACC001934,0.569,4,1.041,505.33,0,0,0
NACC001935,1.57,3,1.0,475.05,0,0,0
NACC001936,0.415,1,0.692,502.57,0,0,0
NACC001937,1.774,4,1.222,204.36,0,0,0
NACC001938,0.751,4,1.333,350.52,0,0,0
NACC001939,0.782,1,0.8,582.27,0,0,0
NACC001940,1.709,1,1.064,541.56,0,0,0
NACC001941,2.407,3,1.219,361.08,0,0,0
NACC001942,1.175,5,0.906,614.5,0,0,0
NACC001943,2.455,5,1.131,327.88,0,0,0
NACC001944,0.608,2,0.987,442.91,0,0,0
NACC001945,3.985,4,1.375,918.87,0,0,0
NACC001946,2.399,5,1.383,353.79,0,0,0
NACC001947,0.465,5,1.045,615.55,0,0,0
NACC001948,0.294,5,0.964,538.25,0,0,0
NACC001949,1.652,1,0.923,1004.9,0,0,0
NACC001950,0.287,1,0.886,365.92,0,0,0
NACC001951,4.448,3,1.28,170.94,0,0,0
NACC001952,0.395,4,1.288,724.54,0,0,0
NACC001953,0.444,2,0.708,268.3,0,0,0
NACC001954,1.14,2,0.776,537.1,0,0,0
NACC001955,4.37,3,0.79,727.37,0,0,0
NACC001956,1.161,5,1.376,274.05,0,0,0
NACC001957,1.143,5,1.353,278.35,0,0,0
NACC001958,3.511,5,1.239,491.42,0,0,0
NACC001959,3.8,3,0.995,542.54,0,0,0
NACC001960,5.113,3,1.293,685.96,0,0,0
NACC001961,4.421,3,0.7,212.87,0,0,0
NACC001962,2.386,1,1.031,369.2,0,0,0
NACC001963,0.722,4,1.001,620.4,0,0,0
NACC001964,2.815,2,1.27,300.93,0,0,0
NACC001965,1.2,3,1.355,315.5,0,0,0
NACC001966,3.68,3,0.901,238.39,0,0,0
NACC001967,0.664,1,1.415,366.46,0,0,0
NACC001968,4.619,2,0.813,752.26,0,0,0
NACC001969,3.551,3,1.0,465.51,0,0,0
NACC001970,1.578,3,0.61,522.24,0,0,0
NACC001971,2.78,3,0.809,180.52,0,0,0
NACC001972,0.278,2,0.746,401.73,0,0,0
NACC001973,1.849,2,0.845,382.75,0,0,0
NACC001974,1.406,4,0.746,775.3,0,0,0
NACC001975,0.841,4,1.374,557.08,0,0,0
NACC001976,2.398,5,1.176,703.26,0,0,0
NACC001977,1.631,5,1.197,661.63,0,0,0
NACC001978,1.913,5,0.891,468.03,0,0,0
NACC001979,1.312,2,0.887,279.21,0,0,0
NACC001980,0.516,4,1.218,279.84,0,0,0
NACC001981,0.812,1,1.122,764.63,0,0,0
NACC001982,2.409,3,0.673,483.75,0,0,0
NACC001983,4.081,1,0.666,272.13,0,0,0
NACC001984,4.078,3,1.455,881.86,0,0,0
NACC001985,2.913,5,1.0,321.22,0,0,0
NACC001986,4.279,3,1.444,329.62,0,0,0
NACC001987,2.657,3,0.787,265.99,0,0,0
NACC001988,0.482,2,1.102,316.47,0,0,0
NACC001989,5.089,2,0.743,215.3,0,0,0
NACC001990,3.643,2,0.633,626.22,0,0,0
NACC001991,2.4,1,1.137,291.24,0,0,0
NACC001992,1.042,1,1.218,201.29,0,0,0
NACC001993,2.242,1,0.976,377.92,0,0,0
NACC001994,2.607,4,1.472,203.65,0,0,0
NACC001995,5.968,5,0.787,356.68,0,0,0
NACC001996,2.462,3,1.331,1173.97,0,0,0
NACC001997,1.14,4,0.719,449.12,0,0,0
NACC001998,4.831,2,1.142,1200.21,0,0,0
NACC001999,0.31,4,1.456,377.6,0,0,0
NACC002000,3.381,2,0.883,1825.86,0,0,0
NACC002001,3.31,1,0.675,514.28,0,0,0
NACC002002,4.921,2,1.069,155.35,0,0,0
NACC002003,1.714,3,1.018,888.48,0,0,0
NACC002004,3.562,5,0.778,1181.86,0,0,0
NACC002005,1.766,5,1.347,694.16,0,0,0
NACC002006,1.227,5,1.228,586.55,0,0,0
NACC002007,2.301,3,0.933,654.38,0,0,0
NACC002008,2.88,5,1.462,351.43,0,0,0
NACC002009,2.72,2,1.187,245.43,0,0,0
NACC002010,2.146,4,1.188,228.01,0,0,0
NACC002011,1.214,4,1.044,1238.82,0,0,0
NACC002012,0.67,3,1.423,322.56,0,0,0
NACC002013,0.572,2,0.688,786.63,0,0,0
NACC002014,2.181,1,1.368,194.9,0,0,0
NACC002015,2.233,2,0.761,369.88,0,0,0
NACC002016,0.75,3,0.964,606.56,0,0,0
NACC002017,1.309,2,1.358,506.52,0,0,0
NACC002018,1.633,1,0.69,477.7,0,0,0
NACC002019,2.982,2,0.794,337.65,0,0,0
NACC002020,1.919,4,1.004,586.05,0,0,0
NACC002021,0.676,5,0.86,236.62,0,0,0
NACC002022,4.67,4,1.149,440.38,0,0,0
NACC002023,3.634,5,1.206,609.48,0,0,0
NACC002024,0.916,1,0.766,404.17,0,0,0
NACC002025,1.449,4,1.232,484.2,0,0,0
NACC002026,0.562,1,1.105,204.93,0,0,0
NACC002027,1.183,4,1.36,398.33,0,0,0
NACC002028,5.235,4,1.354,273.45,0,0,0
NACC002029,1.458,5,1.45,329.73,0,0,0
NACC002030,1.729,4,1.128,535.32,0,0,0
NACC002031,0.652,2,1.192,985.98,0,0,0
NACC002032,4.603,1,0.839,188.86,0,0,0
NACC002033,1.759,5,0.891,454.14,0,0,0
NACC002034,0.63,2,1.304,610.1,0,0,0
NACC002035,1.929,3,1.356,283.34,0,0,0
NACC002036,1.962,2,1.22,455.6,0,0,0
NACC002037,8.651,5,1.364,522.47,0,0,0
NACC002038,1.119,5,1.103,397.26,0,0,0
NACC002039,3.048,1,1.066,543.3,0,0,0
NACC002040,4.535,2,0.909,238.37,0,0,0
NACC002041,0.868,5,0.873,448.72,0,0,0
NACC002042,0.829,3,0.94,191.75,0,0,0
NACC002043,3.76,4,1.155,388.22,0,0,0
NACC002044,0.336,1,1.296,207.43,0,0,0
NACC002045,0.631,4,1.341,1569.75,0,0,0
NACC002046,3.873,5,0.683,322.31,0,0,0
NACC002047,1.113,4,1.39,1016.88,0,0,0
NACC002048,1.349,2,1.356,645.44,0,0,0
NACC002049,4.868,4,0.86,376.89,0,0,0
NACC002050,1.904,2,1.126,233.01,0,0,0
NACC002051,1.796,1,1.152,143.67,0,0,0
NACC002052,1.706,2,0.75,534.31,0,0,0
NACC002053,3.536,1,1.227,288.05,0,0,0
NACC002054,4.058,1,1.046,272.6,0,0,0
NACC002055,4.629,2,0.658,384.89,0,0,0
NACC002056,0.502,4,0.66,539.74,0,0,0
NACC002057,2.021,4,1.497,128.67,0,0,0
NACC002058,3.08,3,1.399,480.67,0,0,0
NACC002059,1.609,2,0.69,686.15,0,0,0
NACC002060,4.296,2,0.884,602.55,0,0,0
NACC002061,4.508,4,1.327,802.35,0,0,0
NACC002062,1.518,3,0.871,377.12,0,0,0
NACC002063,3.674,1,0.932,441.56,0,0,0
NACC002064,1.655,1,1.433,678.88,0,0,0
NACC002065,4.887,2,1.386,698.65,0,0,0
NACC002066,3.649,3,0.795,832.45,0,0,0
NACC002067,1.471,1,1.407,580.09,0,0,0
NACC002068,1.399,4,1.092,602.9,0,0,0
NACC002069,3.463,1,1.164,877.31,0,0,0
NACC002070,2.504,5,1.408,617.0,0,0,0
NACC002071,1.631,2,1.002,435.97,0,0,0
NACC002072,0.456,5,0.858,344.78,0,0,0
NACC002073,1.187,1,0.962,688.6,0,0,0
NACC002074,1.706,3,1.372,824.3,0,0,0
NACC002075,1.411,1,0.886,285.96,0,0,0
NACC002076,2.003,4,1.13,542.43,0,0,0
NACC002077,4.197,4,1.038,650.42,0,0,0
NACC002078,0.024,2,0.916,605.05,0,0,0
NACC002079,3.41,4,0.758,507.18,0,0,0
NACC002080,2.134,3,1.398,569.41,0,0,0
NACC002081,3.956,3,0.946,639.8,0,0,0
NACC002082,0.138,5,1.151,676.37,0,0,0
NACC002083,6.296,5,1.317,414.53,0,0,0
NACC002084,1.731,1,1.306,257.13,0,0,0
NACC002085,1.311,3,1.126,339.87,0,0,0
NACC002086,2.673,1,0.998,207.36,0,0,0
NACC002087,1.074,4,0.93,472.42,0,0,0
NACC002088,2.989,5,1.454,370.18,0,0,0
NACC002089,1.521,1,0.823,268.42,0,0,0
NACC002090,0.414,1,1.44,322.03,0,0,0
NACC002091,1.559,3,1.454,578.94,0,0,0
NACC002092,1.95,3,0.952,498.88,0,0,0
NACC002093,1.139,1,1.219,291.02,0,0,0
NACC002094,1.211,5,0.966,548.54,0,0,0
NACC002095,5.199,1,1.012,590.32,0,0,0
NACC002096,0.762,1,0.643,348.4,0,0,0
NACC002097,1.035,5,1.18,491.77,0,0,0
NACC002098,1.433,3,1.196,529.11,0,0,0
NACC002099,3.866,4,1.135,492.97,0,0,0
NACC002100,1.268,4,1.181,644.38,0,0,0
NACC002101,0.902,1,1.223,430.66,0,0,0
NACC002102,0.838,3,1.388,384.65,0,0,0
NACC002103,2.802,5,0.982,85.39,0,0,0
NACC002104,3.119,1,0.992,289.97,0,0,0
NACC002105,2.286,2,1.408,313.48,0,0,0
NACC002106,0.918,3,1.299,411.53,0,0,0
NACC002107,1.483,4,1.399,370.33,0,0,0
NACC002108,1.428,5,1.138,192.52,0,0,0
NACC002109,1.441,3,0.607,197.54,0,0,0
NACC002110,1.465,1,1.14,417.43,0,0,0
NACC002111,2.74,5,1.273,1182.66,0,0,0
NACC002112,1.69,4,0.917,662.75,0,0,0
NACC002113,1.349,3,1.293,194.99,0,0,0
NACC002114,0.674,4,0.819,971.17,0,0,0
NACC002115,1.425,3,1.189,358.34,0,0,0
NACC002116,3.676,2,1.237,872.86,0,0,0
NACC002117,3.563,4,0.989,241.81,0,0,0
NACC002118,1.016,4,1.159,272.27,0,0,0
NACC002119,2.281,2,0.766,250.61,0,0,0
NACC002120,1.162,1,1.251,608.0,0,0,0
NACC002121,3.362,3,1.083,181.1,0,0,0
NACC002122,1.614,3,1.345,455.72,0,0,0
NACC002123,1.143,2,1.281,664.12,0,0,0
NACC002124,2.47,4,1.136,566.3,0,0,0
NACC002125,1.084,4,1.213,123.35,0,0,0
NACC002126,1.443,2,1.02,1022.04,0,0,0
NACC002127,3.121,5,0.67,157.73,0,0,0
NACC002128,0.698,5,1.265,319.46,0,0,0
NACC002129,2.027,2,1.003,248.83,0,0,0
NACC002130,3.361,1,0.866,466.6,0,0,0
NACC002131,1.076,5,0.809,161.27,0,0,0
NACC002132,1.547,3,0.737,538.82,0,0,0
NACC002133,1.659,4,1.04,320.43,0,0,0
NACC002134,0.894,1,1.223,1471.64,0,0,0
NACC002135,4.126,2,1.452,304.28,0,0,0
NACC002136,1.621,5,0.848,477.23,0,0,0
NACC002137,3.373,3,0.899,329.95,0,0,0
NACC002138,2.085,1,1.143,332.97,0,0,0
NACC002139,1.609,2,1.491,1082.97,0,0,0
NACC002140,4.579,4,0.742,453.22,0,0,0
NACC002141,4.41,5,0.603,355.84,0,0,0
NACC002142,0.364,5,0.723,794.62,0,0,0
NACC002143,2.428,4,1.26,385.75,0,0,0
NACC002144,1.754,3,0.958,638.6,0,0,0
NACC002145,2.977,5,0.733,391.41,0,0,0
NACC002146,1.112,5,0.866,297.72,0,0,0
NACC002147,2.154,1,0.662,272.93,0,0,0
NACC002148,1.324,3,0.998,461.65,0,0,0
NACC002149,4.073,3,1.157,817.67,0,0,0
NACC002150,6.061,2,0.725,562.55,0,0,0
NACC002151,3.806,3,0.943,173.45,0,0,0
NACC002152,0.838,1,1.181,358.37,0,0,0
NACC002153,1.969,5,1.114,921.84,0,0,0
NACC002154,1.032,4,0.707,212.05,0,0,0
NACC002155,1.611,4,1.279,563.05,0,0,0
NACC002156,3.962,4,1.463,461.8,0,0,0
NACC002157,2.007,5,1.296,191.98,0,0,0
NACC002158,5.49,5,0.829,717.64,0,0,0
NACC002159,1.512,3,0.962,417.59,0,0,0
NACC002160,6.285,5,1.2,352.85,0,0,0
NACC002161,1.936,5,1.232,377.28,0,0,0
NACC002162,0.557,3,1.21,458.8,0,0,0
NACC002163,0.22,1,0.901,484.54,0,0,0
NACC002164,1.906,1,1.486,225.43,0,0,0
NACC002165,1.887,2,0.99,759.3,0,0,0
NACC002166,0.105,2,0.954,299.71,0,0,0
NACC002167,0.711,1,1.102,353.01,0,0,0
NACC002168,1.066,3,1.119,756.6,0,0,0
NACC002169,6.717,3,1.056,209.12,0,0,0
NACC002170,3.081,5,1.496,614.75,0,0,0
NACC002171,2.587,2,1.057,418.85,0,0,0
NACC002172,0.571,3,0.755,1319.26,0,0,0
NACC002173,2.221,3,0.694,713.14,0,0,0
NACC002174,3.4,4,0.736,519.72,0,0,0
NACC002175,0.829,4,1.107,476.22,0,0,0
NACC002176,3.412,2,1.3,344.61,0,0,0
NACC002177,5.678,1,0.981,648.08,0,0,0
NACC002178,2.457,5,0.98,236.08,0,0,0
NACC002179,1.867,2,0.713,855.58,0,0,0
NACC002180,3.391,1,1.048,379.31,0,0,0
NACC002181,1.635,1,1.085,260.73,0,0,0
NACC002182,0.77,3,1.099,602.27,0,0,0
NACC002183,1.786,3,1.042,342.44,0,0,0
NACC002184,0.292,5,0.766,814.75,0,0,0
NACC002185,1.03,2,0.917,700.99,0,0,0
NACC002186,2.081,3,1.439,203.19,0,0,0
NACC002187,0.749,1,0.97,645.96,0,0,0
NACC002188,2.594,5,0.629,376.83,0,0,0
NACC002189,2.66,4,0.664,558.46,0,0,0
NACC002190,0.732,2,1.208,474.67,0,0,0
NACC002191,0.235,2,0.972,196.22,0,0,0
NACC002192,0.805,5,0.879,268.7,0,0,0
NACC002193,5.807,4,1.298,940.25,0,0,0
NACC002194,1.802,5,1.17,711.69,0,0,0
NACC002195,6.32,5,1.298,578.09,0,0,0
NACC002196,1.722,3,0.687,171.72,0,0,0
NACC002197,2.409,2,1.175,355.05,0,0,0
NACC002198,1.368,5,1.143,608.2,0,0,0
NACC002199,3.332,2,1.168,271.39,0,0,0
NACC002200,4.058,1,0.649,624.38,0,0,0
NACC002201,0.935,3,0.949,677.83,0,0,0
NACC002202,0.38,3,1.304,113.33,0,0,0
NACC002203,8.093,5,1.144,538.4,0,0,0
NACC002204,0.41,5,1.272,622.98,0,0,0
NACC002205,1.805,3,1.339,723.2,0,0,0
NACC002206,0.89,3,1.457,616.53,0,0,0
NACC002207,1.473,2,0.702,579.44,0,0,0
NACC002208,1.693,3,1.21,226.03,0,0,0
NACC002209,1.98,2,1.327,154.33,0,0,0
NACC002210,0.751,1,1.117,182.95,0,0,0
NACC002211,0.33,5,1.243,798.46,0,0,0
NACC002212,1.581,4,1.5,934.73,0,0,0
NACC002213,1.451,5,1.076,505.96,0,0,0
NACC002214,3.921,3,0.79,301.18,0,0,0
NACC002215,1.997,2,1.215,84.66,0,0,0
NACC002216,0.772,3,1.181,1216.08,0,0,0
NACC002217,0.589,5,1.172,664.67,0,0,0
NACC002218,5.856,4,1.286,281.08,0,0,0
NACC002219,2.993,1,1.345,437.84,0,0,0
NACC002220,3.129,3,0.677,636.28,0,0,0
NACC002221,1.92,5,0.788,934.0,0,0,0
NACC002222,1.237,2,1.116,352.66,0,0,0
NACC002223,3.639,5,1.451,301.27,0,0,0
NACC002224,3.763,3,1.106,534.8,0,0,0
NACC002225,2.536,2,0.97,764.43,0,0,0
NACC002226,2.302,5,1.026,535.06,0,0,0
NACC002227,1.879,2,1.381,208.94,0,0,0
NACC002228,4.105,5,0.682,442.75,0,0,0
NACC002229,1.093,5,0.911,872.36,0,0,0
NACC002230,2.083,1,1.098,555.35,0,0,0
NACC002231,1.602,3,0.983,891.34,0,0,0
NACC002232,1.295,1,1.428,634.67,0,0,0
NACC002233,3.567,2,1.168,230.36,0,0,0
NACC002234,3.657,4,0.621,685.81,0,0,0
NACC002235,0.951,5,0.665,835.64,0,0,0
NACC002236,2.04,3,0.803,579.7,0,0,0
NACC002237,2.393,2,1.44,589.24,0,0,0
NACC002238,1.626,1,1.335,449.69,0,0,0
NACC002239,0.364,2,1.459,320.47,0,0,0
NACC002240,1.741,4,0.701,453.87,0,0,0
NACC002241,0.695,1,1.26,247.03,0,0,0
NACC002242,1.425,4,1.007,679.88,0,0,0
NACC002243,6.946,1,1.378,696.29,0,0,0
NACC002244,1.561,4,1.189,446.46,0,0,0
NACC002245,0.152,1,1.154,952.14,0,0,0
NACC002246,2.355,5,0.84,572.56,0,0,0
NACC002247,3.603,4,1.356,328.31,0,0,0
NACC002248,3.543,5,1.029,317.15,0,0,0
NACC002249,4.448,3,1.453,468.77,0,0,0
NACC002250,5.719,2,0.987,176.4,0,0,0
NACC002251,0.975,3,1.056,270.02,0,0,0
NACC002252,1.675,1,1.09,781.88,0,0,0
NACC002253,2.652,5,0.833,328.16,0,0,0
NACC002254,0.646,1,0.811,778.15,0,0,0
NACC002255,4.581,5,1.454,342.93,0,0,0
NACC002256,2.019,4,0.865,558.27,0,0,0
NACC002257,1.596,2,1.076,471.64,0,0,0
NACC002258,0.913,5,1.299,646.26,0,0,0
NACC002259,2.33,3,0.828,202.58,0,0,0
NACC002260,1.453,2,1.275,204.18,0,0,0
NACC002261,1.818,1,1.027,172.11,0,0,0
NACC002262,0.605,1,0.704,429.12,0,0,0
NACC002263,2.825,2,0.646,654.59,0,0,0
NACC002264,1.643,1,0.662,443.46,0,0,0
NACC002265,4.626,1,1.301,434.01,0,0,0
NACC002266,1.374,5,0.821,199.45,0,0,0
NACC002267,1.249,3,0.847,558.14,0,0,0
NACC002268,1.641,4,0.8,390.57,0,0,0
NACC002269,3.934,4,1.451,76.58,0,0,0
NACC002270,1.352,4,0.886,1199.67,0,0,0
NACC002271,4.452,5,0.992,334.8,0,0,0
NACC002272,5.062,4,0.949,741.23,0,0,0
NACC002273,0.826,1,0.781,391.7,0,0,0
NACC002274,2.876,2,1.356,405.93,0,0,0
NACC002275,3.206,4,0.984,273.55,0,0,0
NACC002276,5.019,3,1.339,174.09,0,0,0
NACC002277,6.078,4,1.18,443.82,0,0,0
NACC002278,2.862,2,0.664,817.33,0,0,0
NACC002279,3.631,4,0.769,489.84,0,0,0
NACC002280,3.057,3,0.654,241.18,0,0,0
NACC002281,1.811,2,1.235,551.94,0,0,0
NACC002282,1.956,1,0.642,601.86,0,0,0
NACC002283,8.956,4,0.711,486.69,0,0,0
NACC002284,2.384,5,1.376,330.34,0,0,0
NACC002285,1.782,3,1.455,319.28,0,0,0
NACC002286,1.585,2,1.101,664.74,0,0,0
NACC002287,0.461,4,0.745,329.29,0,0,0
NACC002288,1.358,1,1.389,206.63,0,0,0
NACC002289,2.955,4,0.755,604.55,0,0,0
NACC002290,2.162,2,0.679,293.24,0,0,0
NACC002291,1.552,4,1.144,674.76,0,0,0
NACC002292,2.815,4,1.06,192.13,0,0,0
NACC002293,3.35,5,1.294,286.86,0,0,0
NACC002294,2.544,5,1.137,330.89,0,0,0
NACC002295,5.852,3,1.415,469.87,0,0,0
NACC002296,1.056,1,0.616,332.72,0,0,0
NACC002297,2.497,5,1.009,783.98,0,0,0
NACC002298,1.38,4,0.77,502.6,0,0,0
NACC002299,1.807,3,0.709,920.52,0,0,0
NACC002300,0.874,4,1.302,822.18,0,0,0
NACC002301,1.796,5,0.645,422.43,0,0,0
NACC002302,1.667,1,0.882,338.09,0,0,0
NACC002303,0.228,2,0.852,338.4,0,0,0
NACC002304,2.105,1,1.269,347.82,0,0,0
NACC002305,2.986,5,1.213,112.17,0,0,0
NACC002306,2.276,3,1.411,457.75,0,0,0
NACC002307,1.901,1,1.1,297.68,0,0,0
NACC002308,1.537,3,0.754,288.7,0,0,0
NACC002309,0.791,4,0.853,194.58,0,0,0
NACC002310,1.264,4,1.079,476.66,0,0,0
NACC002311,7.668,1,1.324,414.53,0,0,0
NACC002312,4.178,2,0.705,832.94,0,0,0
NACC002313,4.656,4,0.876,575.27,0,0,0
NACC002314,2.764,3,0.787,332.27,0,0,0
NACC002315,1.521,4,1.274,621.48,0,0,0
NACC002316,0.844,2,0.788,197.48,0,0,0
NACC002317,1.287,4,0.787,438.86,0,0,0
NACC002318,3.029,5,0.788,217.47,0,0,0
NACC002319,2.682,3,1.41,323.93,0,0,0
NACC002320,2.846,4,1.245,155.8,0,0,0
NACC002321,2.087,5,1.338,357.35,0,0,0
NACC002322,3.405,3,0.899,512.16,0,0,0
NACC002323,0.637,3,1.141,526.17,0,0,0
NACC002324,2.288,3,0.978,440.9,0,0,0
NACC002325,2.699,5,1.206,301.44,0,0,0
NACC002326,0.813,3,1.028,508.71,0,0,0
NACC002327,1.6,5,0.856,236.88,0,0,0
NACC002328,1.598,2,0.674,735.0,0,0,0
NACC002329,5.375,4,1.397,426.59,0,0,0
NACC002330,0.566,1,0.785,466.04,0,0,0
NACC002331,1.398,2,1.154,840.56,0,0,0
NACC002332,0.623,3,0.601,807.79,0,0,0
NACC002333,7.676,2,1.134,614.28,0,0,0
NACC002334,0.824,3,1.456,444.9,0,0,0
NACC002335,1.947,3,0.753,363.0,0,0,0
NACC002336,0.958,4,0.615,562.1,0,0,0
NACC002337,1.422,1,0.891,289.58,0,0,0
NACC002338,2.013,1,1.393,453.19,0,0,0
NACC002339,3.521,3,1.095,509.52,0,0,0
NACC002340,0.756,2,0.97,115.74,0,0,0
NACC002341,0.501,1,0.887,372.14,0,0,0
NACC002342,1.375,2,0.952,875.41,0,0,0
NACC002343,0.22,3,0.657,789.1,0,0,0
NACC002344,1.89,3,1.381,641.24,0,0,0
NACC002345,2.952,5,0.921,441.89,0,0,0
NACC002346,0.774,3,0.962,194.25,0,0,0
NACC002347,5.447,3,0.649,179.56,0,0,0
NACC002348,1.831,3,0.714,120.73,0,0,0
NACC002349,2.863,5,1.348,941.18,0,0,0
NACC002350,0.719,1,0.888,522.71,0,0,0
NACC002351,3.473,5,1.014,234.59,0,0,0
NACC002352,2.714,2,0.627,472.79,0,0,0
NACC002353,2.102,4,0.677,718.43,0,0,0
NACC002354,2.095,1,1.4,274.85,0,0,0
NACC002355,1.246,2,1.349,300.6,0,0,0
NACC002356,1.127,1,0.731,740.41,0,0,0
NACC002357,0.158,1,1.163,1130.59,0,0,0
NACC002358,2.73,5,1.091,493.16,0,0,0
NACC002359,9.098,3,0.725,495.19,0,0,0
NACC002360,7.685,2,0.794,407.83,0,0,0
NACC002361,2.66,4,0.95,404.64,0,0,0
NACC002362,5.3,5,1.358,339.11,0,0,0
NACC002363,3.323,1,1.145,498.99,0,0,0
NACC002364,2.256,5,1.317,213.51,0,0,0
NACC002365,2.986,4,0.646,443.81,0,0,0
NACC002366,0.895,3,1.143,381.87,0,0,0
NACC002367,3.129,3,0.657,481.18,0,0,0
NACC002368,0.837,3,1.313,269.86,0,0,0
NACC002369,5.609,4,0.95,506.76,0,0,0
NACC002370,0.457,2,1.196,166.58,0,0,0
NACC002371,2.36,5,0.686,608.27,0,0,0
NACC002372,3.822,4,1.056,192.59,0,0,0
NACC002373,1.353,1,1.167,607.89,0,0,0
NACC002374,4.522,2,0.735,655.59,0,0,0
NACC002375,3.228,5,0.618,528.92,0,0,0
NACC002376,5.849,3,0.972,367.3,0,0,0
NACC002377,1.585,3,0.648,702.82,0,0,0
NACC002378,2.801,2,1.477,744.34,0,0,0
NACC002379,6.379,5,0.875,232.2,0,0,0
NACC002380,3.162,4,0.69,649.11,0,0,0
NACC002381,1.232,2,0.664,277.82,0,0,0
NACC002382,1.084,1,0.783,203.5,0,0,0
NACC002383,0.473,1,0.615,756.86,0,0,0
NACC002384,1.304,2,0.877,968.55,0,0,0
NACC002385,0.711,1,1.079,265.18,0,0,0
NACC002386,0.589,5,1.108,610.92,0,0,0
NACC002387,3.221,4,1.215,353.0,0,0,0
NACC002388,4.903,3,1.242,688.48,0,0,0
NACC002389,2.091,1,1.202,511.04,0,0,0
NACC002390,5.302,2,0.641,252.06,0,0,0
NACC002391,2.714,3,1.013,481.28,0,0,0
NACC002392,2.531,4,0.804,455.53,0,0,0
NACC002393,0.264,2,0.956,305.49,0,0,0
NACC002394,1.797,1,1.421,822.08,0,0,0
NACC002395,3.396,3,0.617,253.75,0,0,0
NACC002396,2.682,4,1.439,320.59,0,0,0
NACC002397,3.992,4,1.074,243.59,0,0,0
NACC002398,2.991,4,1.342,643.02,0,0,0
NACC002399,1.201,4,1.478,614.56,0,0,0
NACC002400,3.176,1,0.886,196.94,0,0,0
NACC002401,1.64,1,0.808,101.32,0,0,0
NACC002402,6.7,2,0.957,290.18,0,0,0
NACC002403,2.855,2,0.918,212.55,0,0,0
NACC002404,0.901,5,0.668,492.53,0,0,0
NACC002405,0.587,1,1.311,598.21,0,0,0
NACC002406,0.531,4,1.468,599.54,0,0,0
NACC002407,2.571,3,1.16,384.0,0,0,0
NACC002408,1.846,5,1.4,394.54,0,0,0
NACC002409,6.223,2,1.264,361.19,0,0,0
NACC002410,3.233,5,0.915,355.81,0,0,0
NACC002411,7.257,4,1.289,386.05,0,0,0
NACC002412,3.338,2,0.936,425.69,0,0,0
NACC002413,1.175,1,0.917,358.75,0,0,0
NACC002414,2.718,2,0.721,586.27,0,0,0
NACC002415,1.514,2,0.619,425.96,0,0,0
NACC002416,1.042,5,0.624,637.36,0,0,0
NACC002417,3.479,4,1.463,584.85,0,0,0
NACC002418,2.224,1,0.663,527.46,0,0,0
NACC002419,1.783,5,1.014,541.38,0,0,0
NACC002420,4.614,3,0.761,536.29,0,0,0
NACC002421,2.518,5,0.662,747.17,0,0,0
NACC002422,2.043,4,1.452,110.84,0,0,0
NACC002423,0.77,2,0.756,490.28,0,0,0
NACC002424,0.24,5,1.094,278.36,0,0,0
NACC002425,0.831,2,0.636,247.93,0,0,0
NACC002426,0.857,2,1.084,383.1,0,0,0
NACC002427,0.525,4,1.176,665.91,0,0,0
NACC002428,1.197,3,1.425,507.82,0,0,0
NACC002429,2.321,1,1.354,1002.16,0,0,0
NACC002430,2.905,1,0.842,533.99,0,0,0
NACC002431,2.274,3,1.312,1165.9,0,0,0
NACC002432,0.966,5,1.124,372.24,0,0,0
NACC002433,5.941,2,0.846,724.38,0,0,0
NACC002434,2.354,2,1.204,189.08,0,0,0
NACC002435,3.86,2,0.866,152.73,0,0,0
NACC002436,5.161,4,0.894,379.49,0,0,0
NACC002437,1.097,5,1.353,258.45,0,0,0
NACC002438,7.899,2,0.879,521.34,0,0,0
NACC002439,1.744,4,1.349,817.97,0,0,0
NACC002440,4.425,3,1.28,1062.15,0,0,0
NACC002441,3.868,5,0.756,763.52,0,0,0
NACC002442,3.355,2,1.099,422.37,0,0,0
NACC002443,2.118,2,0.825,285.67,0,0,0
NACC002444,1.46,3,1.269,287.07,0,0,0
NACC002445,1.307,4,0.687,335.5,0,0,0
NACC002446,3.179,2,0.909,379.09,0,0,0
NACC002447,6.122,3,0.82,204.56,0,0,0
NACC002448,3.109,3,0.943,568.84,0,0,0
NACC002449,1.213,4,0.63,410.61,0,0,0
NACC002450,0.697,5,1.075,344.01,0,0,0
NACC002451,0.774,2,0.967,607.43,0,0,0
NACC002452,1.662,1,1.111,256.29,0,0,0
NACC002453,2.109,1,0.719,81.02,0,0,0
NACC002454,1.567,4,0.608,790.07,0,0,0
NACC002455,0.89,3,1.249,725.23,0,0,0
NACC002456,4.664,2,1.33,333.01,0,0,0
NACC002457,0.489,4,1.456,653.79,0,0,0
NACC002458,0.44,2,1.328,416.25,0,0,0
NACC002459,2.529,5,1.243,304.61,0,0,0
NACC002460,1.018,4,0.938,538.77,0,0,0
NACC002461,2.445,4,0.802,324.46,0,0,0
NACC002462,2.747,1,0.922,551.26,0,0,0
NACC002463,1.414,2,1.257,217.6,0,0,0
NACC002464,2.323,2,0.823,405.36,0,0,0
NACC002465,1.757,5,0.904,740.16,0,0,0
NACC002466,0.965,3,1.373,373.65,0,0,0
NACC002467,0.881,4,1.007,310.69,0,0,0
NACC002468,3.718,5,1.464,491.28,0,0,0
NACC002469,0.803,2,0.809,470.13,0,0,0
NACC002470,1.249,2,0.604,248.05,0,0,0
NACC002471,2.472,3,0.738,371.56,0,0,0
NACC002472,0.826,5,1.252,315.55,0,0,0
NACC002473,2.825,5,1.385,375.25,0,0,0
NACC002474,0.624,5,0.784,206.06,0,0,0
NACC002475,4.659,5,1.133,552.83,0,0,0
NACC002476,5.328,3,0.956,978.43,0,0,0
NACC002477,1.855,3,0.62,491.46,0,0,0
NACC002478,1.433,4,1.093,436.53,0,0,0
NACC002479,1.654,1,0.836,616.23,0,0,0
NACC002480,2.041,2,0.693,401.92,0,0,0
NACC002481,1.702,1,0.689,486.06,0,0,0
NACC002482,1.184,2,0.837,599.92,0,0,0
NACC002483,4.779,2,0.926,252.06,0,0,0
NACC002484,1.822,4,0.8,367.43,0,0,0
NACC002485,1.772,5,1.097,822.82,0,0,0
NACC002486,0.79,3,0.918,195.35,0,0,0
NACC002487,5.891,1,0.685,207.77,0,0,0
NACC002488,4.301,3,1.016,483.08,0,0,0
NACC002489,8.111,3,0.85,741.76,0,0,0
NACC002490,0.846,1,0.945,315.48,0,0,0
NACC002491,0.72,5,1.047,992.49,0,0,0
NACC002492,1.828,1,0.863,786.69,0,0,0
NACC002493,3.767,2,0.722,526.93,0,0,0
NACC002494,1.15,2,0.814,669.55,0,0,0
NACC002495,1.079,5,1.023,725.94,0,0,0
NACC002496,1.543,3,1.095,311.28,0,0,0
NACC002497,2.591,2,0.837,420.96,0,0,0
NACC002498,2.78,3,0.954,572.63,0,0,0
NACC002499,4.215,1,1.224,305.45,0,0,0
NACC002500,2.205,3,0.975,436.96,0,0,0
NACC002501,2.392,4,1.237,583.37,0,0,0
NACC002502,3.875,4,1.405,289.6,0,0,0
NACC002503,1.942,2,1.188,380.4,0,0,0
NACC002504,5.086,1,0.934,285.82,0,0,0
NACC002505,2.846,4,0.644,518.39,0,0,0
NACC002506,1.678,1,1.073,354.52,0,0,0
NACC002507,4.357,4,1.178,831.82,0,0,0
NACC002508,1.537,1,1.168,122.02,0,0,0
NACC002509,1.564,5,1.372,597.41,0,0,0
NACC002510,0.576,1,1.166,339.61,0,0,0
NACC002511,1.506,1,1.019,670.45,0,0,0
NACC002512,1.192,4,0.948,186.66,0,0,0
NACC002513,2.578,2,1.209,601.32,0,0,0
NACC002514,0.672,3,1.301,587.51,0,0,0
NACC002515,4.152,4,1.088,255.7,0,0,0
NACC002516,1.579,3,1.021,591.27,0,0,0
NACC002517,4.609,2,1.255,359.62,0,0,0
NACC002518,1.377,4,0.718,870.35,0,0,0
NACC002519,4.874,2,0.703,603.65,0,0,0
NACC002520,1.468,4,0.8,886.44,0,0,0
NACC002521,0.841,1,1.206,279.61,0,0,0
NACC002522,2.775,5,1.053,374.34,0,0,0
NACC002523,4.176,3,0.724,580.31,0,0,0
NACC002524,2.311,3,1.201,404.24,0,0,0
NACC002525,1.053,5,1.045,485.68,0,0,0
NACC002526,0.261,5,1.182,759.6,0,0,0
NACC002527,1.462,5,0.88,593.45,0,0,0
NACC002528,3.89,4,1.177,410.35,0,0,0
NACC002529,0.997,1,0.755,534.25,0,0,0
NACC002530,0.917,4,1.228,388.47,0,0,0
NACC002531,1.308,5,0.839,345.8,0,0,0
NACC002532,1.216,1,0.604,287.58,0,0,0
NACC002533,2.224,3,1.159,394.61,0,0,0
NACC002534,2.2,5,0.83,848.79,0,0,0
NACC002535,1.873,3,1.22,638.74,0,0,0
NACC002536,2.061,5,1.217,618.44,0,0,0
NACC002537,1.091,3,0.845,619.92,0,0,0
NACC002538,2.131,2,1.24,746.73,0,0,0
NACC002539,1.59,1,0.875,362.16,0,0,0
NACC002540,1.886,1,0.719,326.87,0,0,0
NACC002541,1.04,4,1.098,728.11,0,0,0
NACC002542,5.493,2,0.693,309.64,0,0,0
NACC002543,2.167,5,0.864,1125.33,0,0,0
NACC002544,2.656,1,0.755,337.86,0,0,0
NACC002545,2.962,1,0.877,798.21,0,0,0
NACC002546,2.173,5,1.078,318.35,0,0,0
NACC002547,5.011,2,0.978,409.49,0,0,0
NACC002548,1.679,3,1.124,720.08,0,0,0
NACC002549,2.294,3,1.487,915.92,0,0,0
NACC002550,1.072,3,0.828,562.65,0,0,0
NACC002551,7.965,2,1.105,354.95,0,0,0
NACC002552,3.135,4,1.454,230.48,0,0,0
NACC002553,3.062,2,1.316,367.52,0,0,0
NACC002554,1.182,2,1.022,379.33,0,0,0
NACC002555,3.766,1,1.043,742.1,0,0,0
NACC002556,2.107,4,0.659,207.17,0,0,0
NACC002557,6.644,5,1.044,507.75,0,0,0
NACC002558,2.042,5,1.094,335.86,0,0,0
NACC002559,2.502,4,0.971,109.76,0,0,0
NACC002560,0.75,1,0.826,966.5,0,0,0
NACC002561,4.149,2,0.877,610.82,0,0,0
NACC002562,4.009,5,1.004,489.64,0,0,0
NACC002563,1.369,4,0.721,675.73,0,0,0
NACC002564,3.557,1,0.96,268.94,0,0,0
NACC002565,0.905,4,0.833,687.3,0,0,0
NACC002566,5.68,3,1.087,510.77,0,0,0
NACC002567,2.094,3,1.442,217.18,0,0,0
NACC002568,2.623,5,1.227,346.64,0,0,0
NACC002569,1.554,4,0.669,882.18,0,0,0
NACC002570,0.811,3,0.783,341.56,0,0,0
NACC002571,2.982,5,0.794,882.32,0,0,0
NACC002572,3.611,4,1.133,355.37,0,0,0
NACC002573,1.611,5,1.085,396.24,0,0,0
NACC002574,2.637,1,1.237,355.58,0,0,0
NACC002575,3.282,3,1.202,724.19,0,0,0
NACC002576,3.381,4,1.135,124.16,0,0,0
NACC002577,2.443,5,0.858,432.4,0,0,0
NACC002578,2.812,3,1.061,170.04,0,0,0
NACC002579,8.448,5,1.176,617.0,0,0,0
NACC002580,1.065,1,1.024,485.79,0,0,0
NACC002581,5.959,2,1.117,463.39,0,0,0
NACC002582,2.505,4,0.753,428.15,0,0,0
NACC002583,0.794,5,1.254,428.49,0,0,0
NACC002584,1.028,1,1.499,527.63,0,0,0
NACC002585,1.76,2,1.094,350.01,0,0,0
NACC002586,0.675,4,1.402,767.8,0,0,0
NACC002587,2.041,4,0.986,900.94,0,0,0
NACC002588,4.819,3,1.098,223.25,0,0,0
NACC002589,0.466,2,1.108,626.18,0,0,0
NACC002590,0.383,1,0.986,853.98,0,0,0
NACC002591,1.501,4,0.703,167.12,0,0,0
NACC002592,2.953,5,0.71,702.56,0,0,0
NACC002593,2.76,4,1.108,578.04,0,0,0
NACC002594,1.875,5,1.481,547.32,0,0,0
NACC002595,0.83,3,0.644,276.74,0,0,0
NACC002596,1.579,2,1.204,417.04,0,0,0
NACC002597,0.512,2,0.653,339.33,0,0,0
NACC002598,0.718,3,1.34,618.44,0,0,0
NACC002599,3.829,4,1.079,489.37,0,0,0
NACC002600,3.3,1,0.895,317.43,0,0,0
NACC002601,2.684,3,1.386,134.0,0,0,0
NACC002602,8.311,2,0.696,285.35,0,0,0
NACC002603,1.635,2,0.82,673.55,0,0,0
NACC002604,2.854,1,1.08,1079.42,0,0,0
NACC002605,2.606,2,1.019,332.98,0,0,0
NACC002606,2.765,1,1.392,152.8,0,0,0
NACC002607,0.884,3,1.312,627.73,0,0,0
NACC002608,1.594,3,1.318,550.32,0,0,0
NACC002609,1.976,2,0.924,111.49,0,0,0
NACC002610,2.072,3,1.197,275.08,0,0,0
NACC002611,6.957,3,0.762,448.47,0,0,0
NACC002612,1.544,2,0.881,670.36,0,0,0
NACC002613,2.328,2,0.76,306.62,0,0,0
NACC002614,1.274,4,0.834,592.51,0,0,0
NACC002615,2.365,3,1.02,95.76,0,0,0
NACC002616,0.256,4,1.295,768.76,0,0,0
NACC002617,6.846,1,0.888,410.96,0,0,0
NACC002618,1.894,4,1.193,440.88,0,0,0
NACC002619,6.008,2,1.359,244.12,0,0,0
NACC002620,1.882,1,1.385,345.42,0,0,0
NACC002621,1.78,5,1.272,311.34,0,0,0
NACC002622,3.517,2,1.386,320.7,0,0,0
NACC002623,1.053,5,1.225,355.63,0,0,0
NACC002624,3.842,5,1.206,812.18,0,0,0
NACC002625,0.948,1,1.089,466.85,0,0,0
NACC002626,2.762,5,0.838,388.91,0,0,0
NACC002627,2.646,3,0.744,1081.34,0,0,0
NACC002628,2.913,5,0.705,348.46,0,0,0
NACC002629,2.135,2,1.422,385.51,0,0,0
NACC002630,4.128,4,1.297,486.46,0,0,0
NACC002631,2.011,4,0.966,259.43,0,0,0
NACC002632,3.159,4,1.028,190.58,0,0,0
NACC002633,1.003,1,1.476,330.24,0,0,0
NACC002634,1.143,4,1.206,766.61,0,0,0
NACC002635,1.476,4,1.462,586.82,0,0,0
NACC002636,3.279,1,1.349,321.19,0,0,0
NACC002637,1.358,4,1.036,622.38,0,0,0
NACC002638,2.868,5,1.212,206.63,0,0,0
NACC002639,2.789,5,1.184,866.16,0,0,0
NACC002640,4.072,5,0.788,246.59,0,0,0
NACC002641,0.832,1,0.902,470.61,0,0,0
NACC002642,1.333,1,0.826,503.74,0,0,0
NACC002643,4.584,4,0.943,350.82,0,0,0
NACC002644,1.315,3,0.623,747.46,0,0,0
NACC002645,0.794,4,1.212,183.74,0,0,0
NACC002646,1.975,1,1.342,737.21,0,0,0
NACC002647,1.213,2,1.026,313.62,0,0,0
NACC002648,4.208,4,1.238,213.29,0,0,0
NACC002649,2.706,5,0.904,172.09,0,0,0
NACC002650,2.244,5,1.203,377.2,0,0,0
NACC002651,5.732,1,1.41,368.64,0,0,0
NACC002652,1.577,5,1.065,631.18,0,0,0
NACC002653,4.822,4,1.22,245.88,0,0,0
NACC002654,2.239,5,0.874,586.64,0,0,0
NACC002655,3.367,1,0.741,1026.68,0,0,0
NACC002656,4.608,4,0.888,467.57,0,0,0
NACC002657,6.288,3,1.214,353.44,0,0,0
NACC002658,5.101,1,1.404,170.39,0,0,0
NACC002659,2.481,5,0.732,217.51,0,0,0
NACC002660,1.865,5,0.776,609.43,0,0,0
NACC002661,0.857,2,1.431,476.49,0,0,0
NACC002662,3.544,2,1.065,349.14,0,0,0
NACC002663,5.403,5,1.066,157.01,0,0,0
NACC002664,3.264,3,0.805,392.15,0,0,0
NACC002665,3.106,3,1.312,578.71,0,0,0
NACC002666,2.039,2,0.671,576.59,0,0,0
NACC002667,1.78,3,1.337,320.0,0,0,0
NACC002668,2.876,5,0.602,397.14,0,0,0
NACC002669,8.551,2,0.67,228.44,0,0,0
NACC002670,1.449,2,0.936,855.7,0,0,0
NACC002671,1.202,2,0.728,652.63,0,0,0
NACC002672,0.24,1,1.092,582.49,0,0,0
NACC002673,4.059,5,0.667,422.81,0,0,0
NACC002674,1.49,5,1.409,382.21,0,0,0
NACC002675,1.066,3,1.305,703.54,0,0,0
NACC002676,1.862,2,1.27,380.38,0,0,0
NACC002677,0.538,4,0.782,1507.75,0,0,0
NACC002678,1.131,4,0.728,827.78,0,0,0
NACC002679,0.554,1,1.499,114.35,0,0,0
NACC002680,3.047,1,1.363,446.91,0,0,0
NACC002681,1.158,4,0.628,210.45,0,0,0
NACC002682,0.856,5,0.927,585.84,0,0,0
NACC002683,5.3,5,0.656,297.71,0,0,0
NACC002684,3.015,5,1.121,359.44,0,0,0
NACC002685,1.251,5,0.896,215.49,0,0,0
NACC002686,1.316,2,1.412,442.35,0,0,0
NACC002687,3.909,2,1.246,1029.87,0,0,0
NACC002688,0.394,1,0.883,704.69,0,0,0
NACC002689,4.599,2,0.732,471.81,0,0,0
NACC002690,4.646,1,1.46,369.36,0,0,0
NACC002691,2.004,2,0.786,645.18,0,0,0
NACC002692,1.365,1,1.162,573.34,0,0,0
NACC002693,2.668,2,1.179,718.05,0,0,0
NACC002694,2.369,4,1.38,357.3,0,0,0
NACC002695,2.345,3,0.866,499.89,0,0,0
NACC002696,0.958,3,1.156,615.26,0,0,0
NACC002697,1.829,5,1.419,163.09,0,0,0
NACC002698,6.411,3,1.472,399.82,0,0,0
NACC002699,5.397,2,0.686,501.68,0,0,0
NACC002700,0.157,1,1.127,754.16,0,0,0
NACC002701,1.414,1,0.675,412.19,0,0,0
NACC002702,1.049,5,1.339,464.65,0,0,0
NACC002703,1.066,3,0.992,379.57,0,0,0
NACC002704,1.757,3,0.809,409.14,0,0,0
NACC002705,1.548,4,1.388,605.74,0,0,0
NACC002706,3.338,2,1.159,331.66,0,0,0
NACC002707,2.364,2,0.847,326.73,0,0,0
NACC002708,0.046,1,0.871,137.81,0,0,0
NACC002709,3.407,3,0.612,747.68,0,0,0
NACC002710,2.867,3,1.409,618.93,0,0,0
NACC002711,2.144,3,0.846,869.76,0,0,0
NACC002712,0.615,2,1.492,268.65,0,0,0
NACC002713,2.182,5,1.176,467.22,0,0,0
NACC002714,3.272,2,0.959,354.43,0,0,0
NACC002715,4.609,3,0.707,519.79,0,0,0
NACC002716,6.0,3,1.129,429.73,0,0,0
NACC002717,0.35,3,1.186,371.41,0,0,0
NACC002718,1.0,3,0.928,619.28,0,0,0
NACC002719,1.768,3,0.664,526.05,0,0,0
NACC002720,3.466,2,0.624,551.54,0,0,0
NACC002721,3.106,3,1.41,223.99,0,0,0
NACC002722,1.65,5,1.151,819.86,0,0,0
NACC002723,1.623,5,0.761,77.77,0,0,0
NACC002724,0.977,3,1.395,737.36,0,0,0
NACC002725,1.748,3,1.201,113.39,0,0,0
NACC002726,0.429,2,0.924,205.13,0,0,0
NACC002727,3.895,5,1.384,1451.1,0,0,0
NACC002728,6.278,3,0.84,434.71,0,0,0
NACC002729,1.856,1,1.354,1382.12,0,0,0
NACC002730,1.116,3,1.228,732.67,0,0,0
NACC002731,0.642,5,0.993,371.52,0,0,0
NACC002732,1.43,4,1.432,282.15,0,0,0
NACC002733,7.454,4,1.323,231.73,0,0,0
NACC002734,0.395,3,1.119,181.54,0,0,0
NACC002735,1.709,5,1.152,519.84,0,0,0
NACC002736,2.712,5,1.407,876.62,0,0,0
NACC002737,1.516,3,0.646,324.76,0,0,0
NACC002738,2.669,4,1.441,1014.83,0,0,0
NACC002739,0.271,3,1.444,561.55,0,0,0
NACC002740,3.74,2,0.711,323.07,0,0,0
NACC002741,1.286,2,0.72,363.76,0,0,0
NACC002742,1.675,2,1.225,220.94,0,0,0
NACC002743,3.194,5,0.747,505.85,0,0,0
NACC002744,3.684,1,0.663,214.62,0,0,0
NACC002745,4.026,1,0.708,596.18,0,0,0
NACC002746,1.194,4,1.021,1294.81,0,0,0
NACC002747,2.027,2,0.925,181.4,0,0,0
NACC002748,0.839,3,1.023,434.13,0,0,0
NACC002749,0.591,5,0.693,787.24,0,0,0
NACC002750,7.651,5,1.329,509.79,0,0,0
NACC002751,2.925,3,1.113,657.19,0,0,0
NACC002752,2.127,2,1.332,176.88,0,0,0
NACC002753,4.669,5,0.726,506.28,0,0,0
NACC002754,2.871,3,1.297,543.81,0,0,0
NACC002755,1.349,1,0.888,285.15,0,0,0
NACC002756,5.382,2,0.93,366.25,0,0,0
NACC002757,4.491,1,0.9,273.13,0,0,0
NACC002758,0.608,3,1.477,483.82,0,0,0
NACC002759,2.841,1,0.863,567.22,0,0,0
NACC002760,1.479,4,1.059,554.93,0,0,0
NACC002761,4.177,2,0.987,251.79,0,0,0
NACC002762,6.407,2,0.673,313.73,0,0,0
NACC002763,3.451,4,1.411,133.28,0,0,0
NACC002764,2.177,2,1.219,917.91,0,0,0
NACC002765,5.023,1,0.951,189.71,0,0,0
NACC002766,3.396,5,1.089,617.08,0,0,0
NACC002767,2.451,5,1.075,487.86,0,0,0
NACC002768,1.978,4,0.961,456.19,0,0,0
NACC002769,2.532,3,0.701,128.14,0,0,0
NACC002770,1.974,4,1.127,431.53,0,0,0
NACC002771,1.205,1,0.648,430.18,0,0,0
NACC002772,1.932,4,0.86,413.24,0,0,0
NACC002773,2.014,5,1.096,277.48,0,0,0
NACC002774,0.88,4,1.497,503.01,0,0,0
NACC002775,2.003,4,1.374,567.04,0,0,0
NACC002776,1.863,2,1.199,274.97,0,0,0
NACC002777,0.475,3,0.828,1188.54,0,0,0
NACC002778,1.506,1,1.478,263.41,0,0,0
NACC002779,3.091,5,1.028,748.25,0,0,0
NACC002780,1.217,1,0.61,511.52,0,0,0
NACC002781,0.913,3,1.461,192.36,0,0,0
NACC002782,3.019,1,1.166,412.08,0,0,0
NACC002783,8.195,5,0.994,556.69,0,0,0
NACC002784,1.118,3,1.427,444.62,0,0,0
NACC002785,6.945,2,0.824,344.66,0,0,0
NACC002786,6.227,1,0.917,728.06,0,0,0
NACC002787,0.343,5,1.354,627.99,0,0,0
NACC002788,5.734,4,0.76,408.46,0,0,0
NACC002789,1.347,3,0.926,452.23,0,0,0
NACC002790,0.971,1,1.12,431.26,0,0,0
NACC002791,1.382,5,0.729,213.54,0,0,0
NACC002792,1.314,2,1.374,452.64,0,0,0
NACC002793,1.397,2,0.717,611.61,0,0,0
NACC002794,2.44,5,0.873,1092.43,0,0,0
NACC002795,1.385,2,1.113,250.32,0,0,0
NACC002796,1.789,5,1.17,850.96,0,0,0
NACC002797,2.399,4,1.138,1398.02,0,0,0
NACC002798,1.853,2,1.375,296.27,0,0,0
NACC002799,2.213,5,1.337,268.09,0,0,0
NACC002800,1.136,4,0.966,257.9,0,0,0
NACC002801,1.882,5,0.918,736.92,0,0,0
NACC002802,2.418,2,1.06,1244.51,0,0,0
NACC002803,1.385,1,1.061,647.38,0,0,0
NACC002804,2.86,1,0.786,693.11,0,0,0
NACC002805,0.799,5,1.048,778.98,0,0,0
NACC002806,1.405,1,0.988,235.12,0,0,0
NACC002807,1.352,5,1.411,927.75,0,0,0
NACC002808,2.632,4,0.619,344.51,0,0,0
NACC002809,2.655,2,0.712,362.78,0,0,0
NACC002810,3.323,3,1.168,292.7,0,0,0
NACC002811,0.854,5,1.45,342.31,0,0,0
NACC002812,5.091,2,1.054,443.44,0,0,0
NACC002813,3.288,4,0.746,213.58,0,0,0
NACC002814,1.359,4,0.842,638.65,0,0,0
NACC002815,3.096,2,0.866,174.27,0,0,0
NACC002816,3.239,2,1.005,489.67,0,0,0
NACC002817,2.656,3,0.908,305.32,0,0,0
NACC002818,1.066,4,1.308,158.95,0,0,0
NACC002819,3.407,4,1.11,1031.06,0,0,0
NACC002820,4.481,1,0.626,555.74,0,0,0
NACC002821,1.621,3,1.008,271.64,0,0,0
NACC002822,2.077,3,0.884,388.29,0,0,0
NACC002823,0.908,1,1.098,622.12,0,0,0
NACC002824,4.701,5,1.142,770.26,0,0,0
NACC002825,1.613,5,1.143,453.66,0,0,0
NACC002826,0.833,1,1.013,862.33,0,0,0
NACC002827,3.074,5,1.071,453.0,0,0,0
NACC002828,2.92,3,0.924,375.86,0,0,0
NACC002829,0.42,5,1.228,481.33,0,0,0
NACC002830,1.966,1,1.043,808.94,0,0,0
NACC002831,2.759,4,1.388,172.53,0,0,0
NACC002832,1.361,1,0.742,675.35,0,0,0
NACC002833,6.689,2,1.09,669.88,0,0,0
NACC002834,2.285,5,1.11,266.18,0,0,0
NACC002835,0.982,5,1.47,89.24,0,0,0
NACC002836,0.545,1,0.779,448.81,0,0,0
NACC002837,4.243,3,0.887,248.56,0,0,0
NACC002838,6.264,4,0.739,817.09,0,0,0
NACC002839,5.184,1,1.344,470.12,0,0,0
NACC002840,3.679,3,0.845,343.8,0,0,0
NACC002841,1.642,5,1.192,433.51,0,0,0
NACC002842,1.182,3,1.354,96.12,0,0,0
NACC002843,7.462,2,0.731,753.69,0,0,0
NACC002844,1.427,2,0.796,678.53,0,0,0
NACC002845,3.037,1,0.86,484.09,0,0,0
NACC002846,0.808,5,1.112,645.53,0,0,0
NACC002847,5.597,5,1.081,822.17,0,0,0
NACC002848,4.362,3,0.781,292.13,0,0,0
NACC002849,0.346,4,1.296,413.97,0,0,0
NACC002850,3.617,2,0.929,458.98,0,0,0
NACC002851,0.483,2,1.074,597.98,0,0,0
NACC002852,4.231,3,1.102,419.25,0,0,0
NACC002853,1.859,3,1.119,274.79,0,0,0
NACC002854,2.059,2,1.335,180.62,0,0,0
NACC002855,0.365,4,1.235,299.66,0,0,0
NACC002856,3.664,2,0.609,404.65,0,0,0
NACC002857,1.539,5,1.101,312.44,0,0,0
NACC002858,1.408,5,0.958,224.08,0,0,0
NACC002859,0.863,2,0.669,679.06,0,0,0
NACC002860,5.71,5,1.482,318.2,0,0,0
NACC002861,0.702,1,0.862,415.42,0,0,0
NACC002862,0.645,4,1.419,503.29,0,0,0
NACC002863,4.222,4,0.631,413.56,0,0,0
NACC002864,1.804,1,1.236,621.2,0,0,0
NACC002865,0.046,5,1.301,1070.24,0,0,0
NACC002866,2.462,2,1.379,741.52,0,0,0
NACC002867,4.424,5,1.153,392.06,0,0,0
NACC002868,8.32,2,0.893,474.19,0,0,0
NACC002869,4.407,1,0.875,598.47,0,0,0
NACC002870,1.882,3,1.177,221.32,0,0,0
NACC002871,2.39,5,1.112,390.74,0,0,0
NACC002872,1.795,2,0.639,607.46,0,0,0
NACC002873,2.137,4,0.932,377.78,0,0,0
NACC002874,2.001,1,1.366,368.51,0,0,0
NACC002875,2.894,4,1.356,575.87,0,0,0
NACC002876,0.558,5,1.244,283.79,0,0,0
NACC002877,1.418,4,1.408,426.11,0,0,0
NACC002878,7.648,2,0.676,152.04,0,0,0
NACC002879,3.703,5,0.703,296.93,0,0,0
NACC002880,4.286,1,1.145,192.15,0,0,0
NACC002881,3.338,1,1.27,1105.95,0,0,0
NACC002882,0.989,5,0.715,697.66,0,0,0
NACC002883,2.704,4,0.773,426.64,0,0,0
NACC002884,3.731,2,1.228,674.39,0,0,0
NACC002885,2.337,1,0.964,121.83,0,0,0
NACC002886,3.31,5,1.287,609.02,0,0,0
NACC002887,0.26,3,1.379,237.63,0,0,0
NACC002888,0.987,3,1.112,436.3,0,0,0
NACC002889,4.296,2,0.756,564.56,0,0,0
NACC002890,2.009,2,1.374,664.08,0,0,0
NACC002891,2.061,4,0.662,241.19,0,0,0
NACC002892,2.484,5,0.909,452.75,0,0,0
NACC002893,1.179,1,1.359,457.57,0,0,0
NACC002894,1.481,1,1.072,345.91,0,0,0
NACC002895,2.541,3,0.697,408.95,0,0,0
NACC002896,2.503,3,0.641,693.11,0,0,0
NACC002897,2.33,3,1.014,436.11,0,0,0
NACC002898,2.814,1,1.428,210.71,0,0,0
NACC002899,1.062,3,0.782,945.22,0,0,0
NACC002900,0.598,1,0.86,556.42,0,0,0
NACC002901,0.177,4,0.893,399.31,0,0,0
NACC002902,0.275,1,0.82,394.18,0,0,0
NACC002903,1.731,4,0.711,793.63,0,0,0
NACC002904,2.476,4,1.263,233.93,0,0,0
NACC002905,1.168,4,0.792,870.63,0,0,0
NACC002906,1.155,3,0.871,573.43,0,0,0
NACC002907,2.59,3,1.485,429.06,0,0,0
NACC002908,0.113,2,1.36,551.63,0,0,0
NACC002909,1.865,1,0.912,360.69,0,0,0
NACC002910,5.359,3,0.941,441.62,0,0,0
NACC002911,1.806,1,0.917,321.29,0,0,0
NACC002912,1.918,3,1.1,613.62,0,0,0
NACC002913,1.896,2,0.91,582.91,0,0,0
NACC002914,5.327,2,0.613,317.6,0,0,0
NACC002915,3.096,1,0.795,573.4,0,0,0
NACC002916,1.276,1,0.868,371.67,0,0,0
NACC002917,2.849,5,1.231,554.4,0,0,0
NACC002918,0.323,1,1.206,295.39,0,0,0
NACC002919,0.288,1,0.789,290.03,0,0,0
NACC002920,1.176,2,1.035,225.6,0,0,0
NACC002921,1.481,5,0.79,172.43,0,0,0
NACC002922,1.772,2,1.368,811.26,0,0,0
NACC002923,0.705,5,0.754,354.07,0,0,0
NACC002924,1.438,1,0.602,436.1,0,0,0
NACC002925,1.387,4,1.049,312.81,0,0,0
NACC002926,1.755,4,1.14,220.98,0,0,0
NACC002927,5.715,5,1.316,193.77,0,0,0
NACC002928,0.698,2,0.959,686.57,0,0,0
NACC002929,1.738,2,0.909,623.17,0,0,0
NACC002930,4.124,3,1.337,593.98,0,0,0
NACC002931,3.745,5,0.737,539.22,0,0,0
NACC002932,1.222,1,0.731,585.9,0,0,0
NACC002933,2.259,2,1.262,1055.7,0,0,0
NACC002934,4.482,1,1.135,351.61,0,0,0
NACC002935,2.219,2,0.93,419.62,0,0,0
NACC002936,0.75,3,1.161,675.55,0,0,0
NACC002937,2.288,3,0.816,228.89,0,0,0
NACC002938,1.943,5,0.811,403.83,0,0,0
NACC002939,2.633,4,1.399,269.71,0,0,0
NACC002940,1.787,1,1.363,428.93,0,0,0
NACC002941,4.551,3,1.081,201.9,0,0,0
NACC002942,2.276,3,0.774,412.61,0,0,0
NACC002943,5.212,4,1.237,191.34,0,0,0
NACC002944,2.27,2,0.92,549.02,0,0,0
NACC002945,3.571,2,0.629,199.26,0,0,0
NACC002946,1.747,2,1.291,189.53,0,0,0
NACC002947,3.291,3,0.678,704.27,0,0,0
NACC002948,1.293,3,0.735,256.45,0,0,0
NACC002949,1.544,4,0.616,272.12,0,0,0
NACC002950,0.513,5,0.967,454.28,0,0,0
NACC002951,4.486,3,0.924,312.82,0,0,0
NACC002952,1.32,4,1.338,814.27,0,0,0
NACC002953,1.295,3,1.291,516.84,0,0,0
NACC002954,1.626,1,0.618,475.92,0,0,0
NACC002955,0.596,1,1.383,852.03,0,0,0
NACC002956,0.705,3,0.947,584.14,0,0,0
NACC002957,5.409,2,1.498,300.22,0,0,0
NACC002958,0.291,2,0.997,495.09,0,0,0
NACC002959,3.01,5,1.187,379.05,0,0,0
NACC002960,1.388,1,1.054,251.84,0,0,0
NACC002961,2.264,2,0.956,290.15,0,0,0
NACC002962,2.846,3,1.438,492.1,0,0,0
NACC002963,2.472,1,0.858,454.15,0,0,0
NACC002964,2.187,1,0.789,422.04,0,0,0
NACC002965,1.953,1,0.985,952.89,0,0,0
NACC002966,3.787,5,1.041,500.84,0,0,0
NACC002967,3.806,5,0.945,981.06,0,0,0
NACC002968,8.188,1,1.128,821.55,0,0,0
NACC002969,5.775,4,0.663,592.71,0,0,0
NACC002970,1.299,4,0.891,424.44,0,0,0
NACC002971,3.691,1,1.293,228.49,0,0,0
NACC002972,2.888,5,1.27,233.02,0,0,0
NACC002973,4.971,2,1.122,619.02,0,0,0
NACC002974,0.923,3,1.116,146.36,0,0,0
NACC002975,2.718,2,0.788,564.7,0,0,0
NACC002976,3.176,5,1.317,451.86,0,0,0
NACC002977,2.011,5,0.898,333.98,0,0,0
NACC002978,1.479,5,0.955,575.83,0,0,0
NACC002979,1.667,4,1.101,672.93,0,0,0
NACC002980,1.036,5,0.609,722.78,0,0,0
NACC002981,0.882,5,1.366,838.08,0,0,0
NACC002982,0.731,1,1.37,238.0,0,0,0
NACC002983,0.104,2,1.041,502.12,0,0,0
NACC002984,6.659,2,0.956,521.13,0,0,0
NACC002985,1.247,1,0.845,599.96,0,0,0
NACC002986,0.272,5,1.0,433.65,0,0,0
NACC002987,2.058,2,1.272,627.74,0,0,0
NACC002988,1.098,3,0.772,619.38,0,0,0
NACC002989,1.746,2,1.229,174.96,0,0,0
NACC002990,3.454,4,0.945,427.63,0,0,0
NACC002991,3.759,1,1.342,732.25,0,0,0
NACC002992,3.61,5,1.058,583.12,0,0,0
NACC002993,0.999,4,1.2,754.32,0,0,0
NACC002994,0.723,3,1.256,316.45,0,0,0
NACC002995,1.755,5,1.248,368.26,0,0,0
NACC002996,1.772,3,1.408,518.42,0,0,0
NACC002997,3.702,5,1.15,356.09,0,0,0
NACC002998,3.426,5,0.928,330.7,0,0,0
NACC002999,3.79,4,1.007,135.61,0,0,0
NACC003000,2.269,5,0.709,338.16,0,0,0
NACC003001,2.54,4,0.952,347.17,0,0,0
NACC003002,5.93,3,0.854,647.44,0,0,0
NACC003003,3.176,2,0.629,612.97,0,0,0
NACC003004,0.987,2,1.145,243.76,0,0,0
NACC003005,0.567,2,0.964,189.53,0,0,0
NACC003006,0.988,3,0.771,195.11,0,0,0
NACC003007,0.293,1,0.684,331.41,0,0,0
NACC003008,2.333,4,1.423,397.05,0,0,0
NACC003009,1.951,5,0.813,472.81,0,0,0
NACC003010,2.113,4,0.727,400.53,0,0,0
NACC003011,0.689,4,0.986,341.82,0,0,0
NACC003012,2.933,5,0.716,516.3,0,0,0
NACC003013,0.828,4,0.624,217.33,0,0,0
NACC003014,3.874,2,0.742,213.61,0,0,0
NACC003015,2.142,5,1.233,178.74,0,0,0
NACC003016,1.689,2,1.261,440.75,0,0,0
NACC003017,4.528,5,1.223,698.65,0,0,0
NACC003018,0.191,3,0.834,940.28,0,0,0
NACC003019,3.541,4,1.47,236.19,0,0,0
NACC003020,1.566,1,1.477,284.56,0,0,0
NACC003021,0.367,3,1.246,859.97,0,0,0
NACC003022,4.823,4,1.301,425.19,0,0,0
NACC003023,0.973,2,0.899,684.23,0,0,0
NACC003024,1.455,5,1.437,395.54,0,0,0
NACC003025,0.923,2,1.424,327.24,0,0,0
NACC003026,0.886,2,1.367,400.4,0,0,0
NACC003027,1.839,1,1.452,195.14,0,0,0
NACC003028,1.036,4,0.836,624.68,0,0,0
NACC003029,3.098,1,0.841,597.48,0,0,0
NACC003030,1.489,5,1.132,717.53,0,0,0
NACC003031,3.283,3,0.849,385.66,0,0,0
NACC003032,1.302,5,1.488,796.82,0,0,0
NACC003033,1.587,5,0.995,122.45,0,0,0
NACC003034,3.259,1,0.947,803.51,0,0,0
NACC003035,0.541,1,1.456,649.52,0,0,0
NACC003036,5.456,3,1.247,434.02,0,0,0
NACC003037,6.447,3,0.845,170.62,0,0,0
NACC003038,1.579,5,1.074,115.53,0,0,0
NACC003039,1.529,3,1.324,367.58,0,0,0
NACC003040,3.782,2,0.744,1045.63,0,0,0
NACC003041,3.145,1,0.813,443.8,0,0,0
NACC003042,2.168,1,1.043,260.03,0,0,0
NACC003043,0.341,2,0.977,254.78,0,0,0
NACC003044,4.294,1,0.936,234.68,0,0,0
NACC003045,0.093,3,0.817,914.88,0,0,0
NACC003046,5.417,5,1.091,596.3,0,0,0
NACC003047,1.458,5,1.386,216.43,0,0,0
NACC003048,5.032,5,0.933,291.08,0,0,0
NACC003049,2.037,2,1.356,392.9,0,0,0
NACC003050,2.384,1,0.676,409.47,0,0,0
NACC003051,1.469,3,0.786,889.91,0,0,0
NACC003052,0.681,3,0.961,663.48,0,0,0
NACC003053,3.797,3,1.49,554.93,0,0,0
NACC003054,1.29,3,1.442,202.44,0,0,0
NACC003055,3.159,2,1.138,671.66,0,0,0
NACC003056,1.143,3,1.424,153.26,0,0,0
NACC003057,1.702,2,0.854,540.01,0,0,0
NACC003058,1.348,1,1.479,288.89,0,0,0
NACC003059,4.112,5,0.943,751.54,0,0,0
NACC003060,0.981,3,1.299,569.27,0,0,0
NACC003061,3.576,4,1.299,1423.51,0,0,0
NACC003062,2.768,1,0.658,1220.87,0,0,0
NACC003063,3.583,3,0.657,281.78,0,0,0
NACC003064,2.9,5,0.989,333.08,0,0,0
NACC003065,5.451,3,0.995,266.59,0,0,0
NACC003066,4.217,4,0.732,529.8,0,0,0
NACC003067,3.561,4,1.154,682.96,0,0,0
NACC003068,3.252,1,1.166,540.04,0,0,0
NACC003069,3.943,2,1.032,559.03,0,0,0
NACC003070,3.498,4,0.747,684.2,0,0,0
NACC003071,3.455,1,1.081,440.25,0,0,0
NACC003072,0.563,5,1.467,1270.12,0,0,0
NACC003073,0.647,4,0.643,763.46,0,0,0
NACC003074,5.267,3,1.42,965.93,0,0,0
NACC003075,1.633,4,1.299,379.94,0,0,0
NACC003076,7.616,4,1.055,1237.47,0,0,0
NACC003077,0.511,1,0.897,424.86,0,0,0
NACC003078,1.461,1,0.759,167.46,0,0,0
NACC003079,1.227,1,1.331,449.7,0,0,0
NACC003080,1.548,5,1.227,738.84,0,0,0
NACC003081,3.809,1,1.184,534.98,0,0,0
NACC003082,7.941,3,1.168,460.66,0,0,0
NACC003083,1.425,4,1.323,853.01,0,0,0
NACC003084,4.804,1,0.749,126.84,0,0,0
NACC003085,2.165,1,1.14,537.95,0,0,0
NACC003086,2.261,3,0.704,342.78,0,0,0
NACC003087,3.16,4,0.909,709.32,0,0,0
NACC003088,1.015,1,0.64,504.04,0,0,0
NACC003089,1.363,1,1.473,674.92,0,0,0
NACC003090,6.551,5,1.005,104.69,0,0,0
NACC003091,2.401,4,1.133,541.41,0,0,0
NACC003092,0.708,3,0.863,403.74,0,0,0
NACC003093,1.683,2,0.961,207.87,0,0,0
NACC003094,2.861,5,0.844,830.99,0,0,0
NACC003095,0.741,5,1.116,485.85,0,0,0
NACC003096,0.365,1,0.789,363.88,0,0,0
NACC003097,1.333,3,1.404,172.07,0,0,0
NACC003098,8.438,1,1.364,229.17,0,0,0
NACC003099,1.598,3,0.89,633.88,0,0,0
NACC003100,3.116,2,1.322,389.66,0,0,0
NACC003101,2.467,4,1.334,761.77,0,0,0
NACC003102,3.507,5,1.212,327.45,0,0,0
NACC003103,1.808,2,1.15,443.02,0,0,0
NACC003104,0.392,3,1.402,405.73,0,0,0
NACC003105,3.31,4,0.782,239.58,0,0,0
NACC003106,0.762,5,0.722,556.45,0,0,0
NACC003107,1.796,5,1.351,397.29,0,0,0
NACC003108,1.493,4,0.753,490.72,0,0,0
NACC003109,0.854,2,1.049,572.82,0,0,0
NACC003110,1.801,3,0.677,831.42,0,0,0
NACC003111,2.867,4,1.196,372.98,0,0,0
NACC003112,0.972,5,0.622,232.49,0,0,0
NACC003113,0.703,1,0.612,406.44,0,0,0
NACC003114,5.179,1,1.376,753.46,0,0,0
NACC003115,1.337,2,0.832,502.7,0,0,0
NACC003116,2.349,2,1.423,396.07,0,0,0
NACC003117,0.819,5,1.36,612.93,0,0,0
NACC003118,5.549,5,1.143,408.59,0,0,0
NACC003119,0.213,1,1.183,498.63,0,0,0
NACC003120,4.088,1,0.744,846.1,0,0,0
NACC003121,0.436,1,1.305,485.18,0,0,0
NACC003122,1.061,3,0.689,593.39,0,0,0
NACC003123,1.635,3,1.333,340.29,0,0,0
NACC003124,3.238,3,0.741,308.05,0,0,0
NACC003125,3.144,2,1.306,328.39,0,0,0
NACC003126,3.531,1,1.308,415.87,0,0,0
NACC003127,2.168,5,0.838,224.44,0,0,0
NACC003128,2.152,4,1.086,315.18,0,0,0
NACC003129,2.541,5,1.326,642.55,0,0,0
NACC003130,4.437,3,0.868,274.36,0,0,0
NACC003131,2.008,5,1.394,895.33,0,0,0
NACC003132,0.121,3,0.762,100.44,0,0,0
NACC003133,0.679,1,1.101,482.63,0,0,0
NACC003134,2.282,2,1.434,622.66,0,0,0
NACC003135,1.73,3,0.713,382.2,0,0,0
NACC003136,2.506,3,1.498,383.36,0,0,0
NACC003137,0.247,1,1.24,732.96,0,0,0
NACC003138,0.989,5,0.85,225.2,0,0,0
NACC003139,2.272,5,1.335,523.11,0,0,0
NACC003140,4.893,5,1.213,467.95,0,0,0
NACC003141,0.91,3,1.462,1092.97,0,0,0
NACC003142,2.755,3,0.716,745.03,0,0,0
NACC003143,1.366,2,1.016,364.67,0,0,0
NACC003144,5.309,5,0.922,363.33,0,0,0
NACC003145,3.68,5,0.679,260.03,0,0,0
NACC003146,3.841,1,1.284,460.03,0,0,0
NACC003147,1.341,5,1.408,737.02,0,0,0
NACC003148,0.47,2,0.967,326.94,0,0,0
NACC003149,2.697,4,0.72,636.55,0,0,0
NACC003150,0.741,4,1.387,481.05,0,0,0
NACC003151,0.763,1,0.754,761.83,0,0,0
NACC003152,0.345,1,0.999,390.52,0,0,0
NACC003153,2.371,3,1.216,753.07,0,0,0
NACC003154,3.664,2,0.916,340.48,0,0,0
NACC003155,0.948,1,0.782,455.59,0,0,0
NACC003156,2.137,1,1.094,447.33,0,0,0
NACC003157,0.407,2,1.459,201.04,0,0,0
NACC003158,1.505,5,0.919,507.01,0,0,0
NACC003159,1.894,4,1.377,388.72,0,0,0
NACC003160,1.44,1,1.045,231.17,0,0,0
NACC003161,0.679,4,1.331,535.27,0,0,0
NACC003162,2.05,5,0.807,313.56,0,0,0
NACC003163,4.324,3,1.026,215.32,0,0,0
NACC003164,1.52,3,0.804,361.55,0,0,0
NACC003165,2.116,2,1.012,488.77,0,0,0
NACC003166,1.842,4,0.801,446.11,0,0,0
NACC003167,0.702,5,1.189,486.35,0,0,0
NACC003168,0.605,3,1.142,455.76,0,0,0
NACC003169,3.741,3,0.833,661.68,0,0,0
NACC003170,2.141,3,1.449,627.76,0,0,0
NACC003171,0.521,4,1.047,179.69,0,0,0
NACC003172,1.007,2,0.919,529.79,0,0,0
NACC003173,1.522,2,1.001,333.32,0,0,0
NACC003174,1.418,3,1.284,344.22,0,0,0
NACC003175,0.839,3,0.982,137.16,0,0,0
NACC003176,0.962,5,0.863,666.84,0,0,0
NACC003177,1.378,5,0.844,281.13,0,0,0
NACC003178,0.388,2,1.127,627.26,0,0,0
NACC003179,2.842,5,1.182,218.96,0,0,0
NACC003180,0.934,5,0.891,764.41,0,0,0
NACC003181,6.417,2,1.013,499.78,0,0,0
NACC003182,0.683,4,1.288,606.61,0,0,0
NACC003183,1.465,5,0.628,579.15,0,0,0
NACC003184,6.458,4,0.846,332.49,0,0,0
NACC003185,4.922,1,0.766,628.35,0,0,0
NACC003186,1.193,4,1.436,299.78,0,0,0
NACC003187,2.902,3,1.304,373.85,0,0,0
NACC003188,1.312,3,0.693,513.8,0,0,0
NACC003189,2.723,1,0.963,829.45,0,0,0
NACC003190,5.59,5,1.056,807.39,0,0,0
NACC003191,5.546,2,1.189,588.04,0,0,0
NACC003192,2.893,5,1.379,142.06,0,0,0
NACC003193,1.68,3,1.314,499.24,0,0,0
NACC003194,2.414,1,0.778,418.59,0,0,0
NACC003195,3.944,5,1.125,564.84,0,0,0
NACC003196,2.998,5,1.19,547.16,0,0,0
NACC003197,5.413,1,1.091,515.48,0,0,0
NACC003198,0.473,4,0.768,226.51,0,0,0
NACC003199,7.241,1,1.069,311.69,0,0,0
NACC003200,3.282,1,1.325,335.77,0,0,0
NACC003201,2.488,4,0.653,704.54,0,0,0
NACC003202,3.714,5,1.002,1108.22,0,0,0
NACC003203,1.091,1,1.081,425.91,0,0,0
NACC003204,3.146,5,0.778,506.34,0,0,0
NACC003205,6.69,4,0.878,458.29,0,0,0
NACC003206,2.311,5,1.247,331.52,0,0,0
NACC003207,1.954,4,1.014,265.66,0,0,0
NACC003208,4.353,3,1.494,1125.99,0,0,0
NACC003209,1.086,2,0.832,1021.59,0,0,0
NACC003210,0.945,5,0.757,618.44,0,0,0
NACC003211,3.077,1,1.138,481.81,0,0,0
NACC003212,2.267,4,1.231,574.98,0,0,0
NACC003213,1.462,1,1.146,298.15,0,0,0
NACC003214,1.669,1,1.096,492.29,0,0,0
NACC003215,1.867,2,1.138,522.76,0,0,0
NACC003216,2.668,3,1.368,339.7,0,0,0
NACC003217,0.939,1,1.275,388.24,0,0,0
NACC003218,3.219,3,0.644,710.05,0,0,0
NACC003219,0.855,2,1.16,483.75,0,0,0
NACC003220,2.559,3,0.84,498.65,0,0,0
NACC003221,1.646,2,0.838,152.5,0,0,0
NACC003222,2.96,2,1.108,407.93,0,0,0
NACC003223,6.009,5,1.375,116.86,0,0,0
NACC003224,5.794,2,0.679,341.22,0,0,0
NACC003225,1.621,3,1.223,794.74,0,0,0
NACC003226,2.412,1,0.999,1034.18,0,0,0
NACC003227,1.478,5,1.207,239.07,0,0,0
NACC003228,0.961,5,0.847,933.11,0,0,0
NACC003229,1.598,2,0.708,938.03,0,0,0
NACC003230,1.944,5,1.185,351.79,0,0,0
NACC003231,1.231,5,1.454,477.22,0,0,0
NACC003232,2.597,3,0.857,398.85,0,0,0
NACC003233,5.532,5,0.666,281.11,0,0,0
NACC003234,2.673,2,0.753,625.78,0,0,0
NACC003235,4.484,2,1.352,743.76,0,0,0
NACC003236,4.582,1,0.611,916.74,0,0,0
NACC003237,2.058,5,1.453,556.78,0,0,0
NACC003238,0.551,3,1.277,421.31,0,0,0
NACC003239,3.157,5,1.276,432.95,0,0,0
NACC003240,3.984,1,1.059,180.32,0,0,0
NACC003241,0.915,5,1.457,418.53,0,0,0
NACC003242,1.344,1,0.622,236.2,0,0,0
NACC003243,0.741,4,1.273,135.94,0,0,0
NACC003244,1.936,5,0.718,433.1,0,0,0
NACC003245,2.281,3,0.665,924.32,0,0,0
NACC003246,2.222,5,1.188,605.95,0,0,0
NACC003247,0.993,2,0.718,498.78,0,0,0
NACC003248,3.71,1,1.363,658.95,0,0,0
NACC003249,6.426,5,1.343,501.65,0,0,0
NACC003250,3.851,1,0.85,599.98,0,0,0
NACC003251,2.746,1,0.711,401.64,0,0,0
NACC003252,1.528,2,1.401,545.73,0,0,0
NACC003253,2.317,1,1.45,325.97,0,0,0
NACC003254,0.904,2,1.152,808.14,0,0,0
NACC003255,1.108,4,1.231,427.57,0,0,0
NACC003256,0.767,4,0.642,342.83,0,0,0
NACC003257,2.765,1,1.038,476.7,0,0,0
NACC003258,2.848,3,0.914,420.4,0,0,0
NACC003259,2.727,5,0.603,129.43,0,0,0
NACC003260,0.737,2,0.69,550.84,0,0,0
NACC003261,0.463,3,0.898,805.08,0,0,0
NACC003262,2.689,2,0.862,221.92,0,0,0
NACC003263,6.442,1,1.396,339.58,0,0,0
NACC003264,2.773,3,1.376,431.54,0,0,0
NACC003265,1.882,5,1.16,283.76,0,0,0
NACC003266,2.832,1,1.211,232.44,0,0,0
NACC003267,1.789,3,1.274,156.53,0,0,0
NACC003268,1.456,2,1.212,108.71,0,0,0
NACC003269,4.536,5,0.925,366.97,0,0,0
NACC003270,1.423,4,1.269,700.13,0,0,0
NACC003271,2.744,1,1.312,305.04,0,0,0
NACC003272,1.174,1,1.455,961.5,0,0,0
NACC003273,5.163,4,0.827,331.28,0,0,0
NACC003274,1.086,5,0.731,69.87,0,0,0
NACC003275,5.221,3,0.816,625.58,0,0,0
NACC003276,0.873,2,0.813,259.1,0,0,0
NACC003277,3.893,3,1.11,525.5,0,0,0
NACC003278,7.151,1,0.674,411.03,0,0,0
NACC003279,0.161,3,1.306,1129.91,0,0,0
NACC003280,1.358,3,0.909,462.64,0,0,0
NACC003281,1.649,2,0.753,1282.0,0,0,0
NACC003282,3.244,5,0.87,670.92,0,0,0
NACC003283,4.077,4,1.049,359.46,0,0,0
NACC003284,0.471,2,1.389,728.22,0,0,0
NACC003285,2.411,4,0.881,243.89,0,0,0
NACC003286,1.935,2,1.061,329.01,0,0,0
NACC003287,0.901,1,0.658,854.64,0,0,0
NACC003288,2.982,5,1.154,353.24,0,0,0
NACC003289,2.557,3,1.1,448.44,0,0,0
NACC003290,2.28,5,1.035,413.19,0,0,0
NACC003291,0.977,3,1.333,397.45,0,0,0
NACC003292,3.603,1,1.163,299.93,0,0,0
NACC003293,8.237,4,1.469,184.49,0,0,0
NACC003294,2.635,1,0.672,581.01,0,0,0
NACC003295,3.222,4,1.246,317.42,0,0,0
NACC003296,3.162,3,0.949,575.87,0,0,0
NACC003297,1.02,3,0.8,279.8,0,0,0
NACC003298,2.13,5,1.205,252.8,0,0,0
NACC003299,3.385,2,1.498,429.7,0,0,0
NACC003300,3.022,1,0.735,130.5,0,0,0
NACC003301,2.133,1,1.035,409.72,0,0,0
NACC003302,1.695,3,1.165,758.31,0,0,0
NACC003303,3.373,3,1.42,441.11,0,0,0
NACC003304,2.38,1,1.026,154.38,0,0,0
NACC003305,2.09,5,0.603,378.41,0,0,0
NACC003306,4.198,3,0.964,120.3,0,0,0
NACC003307,4.155,4,0.718,595.43,0,0,0
NACC003308,3.898,1,0.623,212.88,0,0,0
NACC003309,4.318,3,0.778,143.91,0,0,0
NACC003310,5.259,4,1.058,372.36,0,0,0
NACC003311,1.51,3,1.347,492.12,0,0,0
NACC003312,2.826,1,0.788,459.3,0,0,0
NACC003313,1.535,2,1.352,555.54,0,0,0
NACC003314,3.932,5,1.373,473.9,0,0,0
NACC003315,0.925,2,1.469,261.51,0,0,0
NACC003316,2.909,1,1.285,356.18,0,0,0
NACC003317,3.895,1,1.204,745.92,0,0,0
NACC003318,0.811,3,1.009,221.72,0,0,0
NACC003319,1.283,3,1.075,583.62,0,0,0
NACC003320,1.527,5,1.358,464.42,0,0,0
NACC003321,1.523,4,1.224,224.12,0,0,0
NACC003322,0.874,2,1.124,876.32,0,0,0
NACC003323,2.576,1,1.073,333.92,0,0,0
NACC003324,4.047,2,0.608,648.71,0,0,0
NACC003325,1.729,5,1.378,451.71,0,0,0
NACC003326,2.714,3,1.297,211.01,0,0,0
NACC003327,3.338,3,1.372,493.47,0,0,0
NACC003328,2.214,3,1.014,301.65,0,0,0
NACC003329,1.967,3,1.334,1206.89,0,0,0
NACC003330,1.372,1,1.35,492.14,0,0,0
NACC003331,2.909,5,0.605,659.37,0,0,0
NACC003332,3.17,4,0.674,228.13,0,0,0
NACC003333,1.006,3,1.476,530.49,0,0,0
NACC003334,0.638,4,0.89,667.35,0,0,0
NACC003335,0.324,1,1.035,599.25,0,0,0
NACC003336,0.929,1,0.683,207.65,0,0,0
NACC003337,2.235,5,0.769,399.57,0,0,0
NACC003338,2.772,2,0.902,693.69,0,0,0
NACC003339,0.856,4,1.431,466.57,0,0,0
NACC003340,1.803,2,1.146,143.81,0,0,0
NACC003341,4.88,2,0.776,274.82,0,0,0
NACC003342,5.575,4,1.117,660.35,0,0,0
NACC003343,5.425,4,0.705,388.44,0,0,0
NACC003344,3.05,2,0.823,264.52,0,0,0
NACC003345,0.673,4,1.189,518.15,0,0,0
NACC003346,0.784,2,1.149,510.53,0,0,0
NACC003347,2.6,2,0.951,385.44,0,0,0
NACC003348,3.165,1,1.482,1196.92,0,0,0
NACC003349,1.232,4,1.391,570.66,0,0,0
NACC003350,2.879,2,1.034,264.3,0,0,0
NACC003351,4.464,2,0.87,275.76,0,0,0
NACC003352,8.878,1,1.492,297.83,0,0,0
NACC003353,0.586,2,0.637,558.17,0,0,0
NACC003354,0.776,2,0.806,136.0,0,0,0
NACC003355,1.18,4,1.049,365.51,0,0,0
NACC003356,2.532,3,1.294,567.94,0,0,0
NACC003357,2.537,1,0.84,754.54,0,0,0
NACC003358,2.614,5,1.383,616.84,0,0,0
NACC003359,2.277,5,1.324,357.85,0,0,0
NACC003360,0.171,1,0.918,323.88,0,0,0
NACC003361,10.924,5,0.779,556.08,0,0,0
NACC003362,1.97,4,0.665,521.87,0,0,0
NACC003363,4.328,5,1.0,673.14,0,0,0
NACC003364,3.323,1,0.851,128.93,0,0,0
NACC003365,1.773,3,1.295,269.63,0,0,0
NACC003366,3.875,3,1.214,743.1,0,0,0
NACC003367,3.769,2,1.366,381.05,0,0,0
NACC003368,1.948,3,1.023,505.73,0,0,0
NACC003369,2.555,2,1.049,521.0,0,0,0
NACC003370,1.977,5,1.076,198.58,0,0,0
NACC003371,0.869,5,1.265,244.69,0,0,0
NACC003372,0.379,1,1.399,754.07,0,0,0
NACC003373,3.388,1,1.044,744.73,0,0,0
NACC003374,1.531,2,0.963,143.31,0,0,0
NACC003375,0.842,1,1.334,309.45,0,0,0
NACC003376,0.73,1,1.347,640.43,0,0,0
NACC003377,2.584,1,1.046,355.16,0,0,0
NACC003378,3.547,2,0.601,444.06,0,0,0
NACC003379,2.889,4,0.853,596.58,0,0,0
NACC003380,1.737,1,1.36,1021.03,0,0,0
NACC003381,0.937,4,1.321,789.09,0,0,0
NACC003382,5.684,5,1.108,587.98,0,0,0
NACC003383,2.364,5,1.218,749.38,0,0,0
NACC003384,0.893,2,1.072,68.57,0,0,0
NACC003385,0.69,4,0.986,419.18,0,0,0
NACC003386,1.544,3,0.821,112.71,0,0,0
NACC003387,2.009,1,1.068,408.04,0,0,0
NACC003388,0.265,4,1.165,246.6,0,0,0
NACC003389,0.754,1,1.067,494.27,0,0,0
NACC003390,2.796,1,0.693,739.75,0,0,0
NACC003391,1.57,2,0.919,442.0,0,0,0
NACC003392,0.83,2,0.852,260.01,0,0,0
NACC003393,2.666,4,1.458,250.07,0,0,0
NACC003394,5.405,2,0.81,516.83,0,0,0
NACC003395,0.704,4,1.226,211.24,0,0,0
NACC003396,3.885,5,0.975,1033.35,0,0,0
NACC003397,2.514,5,0.831,268.69,0,0,0
NACC003398,1.562,1,1.285,327.51,0,0,0
NACC003399,1.835,1,0.678,871.48,0,0,0
NACC003400,3.95,1,0.659,310.85,0,0,0
NACC003401,0.327,5,0.766,572.32,0,0,0
NACC003402,3.966,4,1.192,281.85,0,0,0
NACC003403,2.509,1,1.348,142.19,0,0,0
NACC003404,1.72,1,1.258,317.69,0,0,0
NACC003405,0.971,4,1.496,610.18,0,0,0
NACC003406,2.49,3,0.948,252.2,0,0,0
NACC003407,1.751,2,1.317,445.2,0,0,0
NACC003408,3.854,2,1.283,347.27,0,0,0
NACC003409,2.066,1,0.821,503.51,0,0,0
NACC003410,0.824,2,1.214,767.71,0,0,0
NACC003411,2.355,1,1.301,1029.43,0,0,0
NACC003412,1.552,3,1.279,394.14,0,0,0
NACC003413,2.338,5,1.495,516.93,0,0,0
NACC003414,0.583,5,0.851,299.23,0,0,0
NACC003415,2.528,2,0.95,800.0,0,0,0
NACC003416,0.592,5,0.639,466.01,0,0,0
NACC003417,4.186,3,0.82,168.23,0,0,0
NACC003418,3.582,2,1.227,1146.03,0,0,0
NACC003419,2.939,3,1.415,338.38,0,0,0
NACC003420,1.08,5,0.981,375.23,0,0,0
NACC003421,6.637,4,0.748,470.61,0,0,0
NACC003422,3.494,2,0.641,634.9,0,0,0
NACC003423,3.308,4,0.825,382.71,0,0,0
NACC003424,2.747,1,1.147,461.03,0,0,0
NACC003425,1.159,3,0.755,349.97,0,0,0
NACC003426,2.356,3,0.946,631.76,0,0,0
NACC003427,2.216,4,1.172,1125.02,0,0,0
NACC003428,0.5,1,1.266,769.62,0,0,0
NACC003429,3.133,2,1.393,339.08,0,0,0
NACC003430,0.428,1,0.681,741.48,0,0,0
NACC003431,2.978,2,0.97,512.61,0,0,0
NACC003432,0.803,3,1.176,552.29,0,0,0
NACC003433,3.163,5,1.131,258.94,0,0,0
NACC003434,0.817,5,1.085,416.27,0,0,0
NACC003435,3.091,1,1.08,205.46,0,0,0
NACC003436,2.04,5,0.833,469.45,0,0,0
NACC003437,3.873,2,0.861,581.31,0,0,0
NACC003438,3.577,5,1.225,430.47,0,0,0
NACC003439,6.012,2,1.192,626.69,0,0,0
NACC003440,3.392,1,1.159,403.7,0,0,0
NACC003441,2.743,2,0.89,264.42,0,0,0
NACC003442,1.719,5,0.835,376.53,0,0,0
NACC003443,1.675,5,0.968,580.96,0,0,0
NACC003444,7.762,3,0.945,131.23,0,0,0
NACC003445,0.654,2,0.951,648.78,0,0,0
NACC003446,2.05,3,0.999,182.14,0,0,0
NACC003447,0.429,1,1.189,458.44,0,0,0
NACC003448,0.573,5,0.891,788.09,0,0,0
NACC003449,1.244,4,1.162,546.37,0,0,0
NACC003450,2.731,3,0.628,255.09,0,0,0
NACC003451,2.994,4,1.362,423.74,0,0,0
NACC003452,2.183,2,1.219,489.39,0,0,0
NACC003453,6.314,4,1.141,464.56,0,0,0
NACC003454,2.308,1,1.38,238.77,0,0,0
NACC003455,0.934,1,0.91,762.95,0,0,0
NACC003456,1.679,4,1.183,321.52,0,0,0
NACC003457,1.162,4,1.425,700.96,0,0,0
NACC003458,0.761,5,1.368,419.36,0,0,0
NACC003459,2.624,2,1.107,593.92,0,0,0
NACC003460,2.989,4,1.311,434.16,0,0,0
NACC003461,3.868,4,1.226,1015.19,0,0,0
NACC003462,3.646,3,1.325,590.54,0,0,0
NACC003463,2.218,4,0.835,418.94,0,0,0
NACC003464,1.829,3,1.042,582.61,0,0,0
NACC003465,1.27,5,1.327,607.5,0,0,0
NACC003466,3.474,2,1.211,591.36,0,0,0
NACC003467,0.561,1,0.741,831.38,0,0,0
NACC003468,2.215,4,0.742,656.91,0,0,0
NACC003469,1.736,4,0.625,273.34,0,0,0
NACC003470,0.966,1,1.484,165.48,0,0,0
NACC003471,2.64,3,0.862,488.07,0,0,0
NACC003472,1.311,3,1.441,618.42,0,0,0
NACC003473,0.619,4,1.486,348.48,0,0,0
NACC003474,4.166,5,1.162,357.1,0,0,0
NACC003475,0.396,1,0.893,226.45,0,0,0
NACC003476,1.026,5,1.395,495.86,0,0,0
NACC003477,7.034,1,0.855,414.02,0,0,0
NACC003478,4.265,5,0.746,122.32,0,0,0
NACC003479,1.463,4,1.17,334.59,0,0,0
NACC003480,0.657,4,1.162,200.51,0,0,0
NACC003481,1.142,2,1.218,283.57,0,0,0
NACC003482,3.997,4,1.098,460.88,0,0,0
NACC003483,1.544,2,0.674,100.33,0,0,0
NACC003484,0.725,5,1.217,593.38,0,0,0
NACC003485,1.329,5,1.264,701.93,0,0,0
NACC003486,3.278,1,1.387,387.51,0,0,0
NACC003487,5.008,1,1.354,507.42,0,0,0
NACC003488,2.371,3,1.124,632.94,0,0,0
NACC003489,2.34,2,0.758,620.6,0,0,0
NACC003490,3.157,4,1.47,481.2,0,0,0
NACC003491,2.086,1,1.019,111.62,0,0,0
NACC003492,0.511,3,1.338,1437.91,0,0,0
NACC003493,5.147,3,1.287,319.91,0,0,0
NACC003494,2.766,1,1.331,912.03,0,0,0
NACC003495,3.182,2,0.989,440.68,0,0,0
NACC003496,1.558,3,1.429,230.51,0,0,0
NACC003497,2.004,1,1.058,647.79,0,0,0
NACC003498,1.735,5,1.27,565.78,0,0,0
NACC003499,0.939,2,0.813,1043.49,0,0,0
NACC003500,1.315,2,0.616,272.07,0,0,0
NACC003501,0.124,4,0.888,554.99,0,0,0
NACC003502,0.799,4,1.062,315.15,0,0,0
NACC003503,0.622,1,1.071,459.8,0,0,0
NACC003504,1.958,2,0.731,320.52,0,0,0
NACC003505,1.244,1,1.235,233.78,0,0,0
NACC003506,1.029,5,1.124,371.41,0,0,0
NACC003507,1.117,2,0.984,942.86,0,0,0
NACC003508,0.669,5,1.328,262.15,0,0,0
NACC003509,3.572,2,0.637,477.26,0,0,0
NACC003510,4.326,2,0.969,538.06,0,0,0
NACC003511,1.039,2,0.864,503.85,0,0,0
NACC003512,2.397,4,0.707,212.37,0,0,0
NACC003513,2.053,5,1.269,618.98,0,0,0
NACC003514,4.586,1,1.094,472.79,0,0,0
NACC003515,1.834,1,1.178,840.39,0,0,0
NACC003516,1.19,2,0.766,165.37,0,0,0
NACC003517,1.045,1,1.41,722.52,0,0,0
NACC003518,1.052,3,1.064,779.95,0,0,0
NACC003519,0.888,3,1.132,395.42,0,0,0
NACC003520,1.107,4,0.671,1008.38,0,0,0
NACC003521,0.61,1,1.197,377.73,0,0,0
NACC003522,6.725,1,0.807,289.55,0,0,0
NACC003523,4.954,3,1.275,492.25,0,0,0
NACC003524,6.702,1,0.825,169.8,0,0,0
NACC003525,3.11,4,1.472,220.43,0,0,0
NACC003526,0.852,1,1.352,438.93,0,0,0
NACC003527,3.007,1,0.998,395.64,0,0,0
NACC003528,4.377,2,1.252,229.09,0,0,0
NACC003529,1.825,4,1.278,867.96,0,0,0
NACC003530,3.12,4,1.109,598.13,0,0,0
NACC003531,1.18,5,1.226,835.01,0,0,0
NACC003532,6.433,2,1.163,1393.41,0,0,0
NACC003533,1.092,1,0.833,334.27,0,0,0
NACC003534,0.635,1,1.489,451.1,0,0,0
NACC003535,1.59,5,0.731,702.63,0,0,0
NACC003536,5.955,2,1.251,311.71,0,0,0
NACC003537,1.048,3,0.612,465.77,0,0,0
NACC003538,3.792,3,1.302,487.12,0,0,0
NACC003539,0.998,4,1.376,754.68,0,0,0
NACC003540,0.313,5,1.497,199.18,0,0,0
NACC003541,1.111,5,1.06,202.69,0,0,0
NACC003542,0.747,2,0.918,247.76,0,0,0
NACC003543,0.416,5,0.8,696.08,0,0,0
NACC003544,5.267,4,0.955,187.9,0,0,0
NACC003545,1.867,2,1.021,828.62,0,0,0
NACC003546,4.303,1,1.465,203.26,0,0,0
NACC003547,1.802,4,0.926,316.13,0,0,0
NACC003548,2.291,3,0.835,134.9,0,0,0
NACC003549,2.803,1,0.941,606.21,0,0,0
NACC003550,7.844,5,0.676,481.25,0,0,0
NACC003551,1.991,1,0.943,419.42,0,0,0
NACC003552,1.812,4,1.174,662.31,0,0,0
NACC003553,0.997,3,1.246,169.14,0,0,0
NACC003554,1.916,3,0.831,269.49,0,0,0
NACC003555,2.422,1,0.653,742.15,0,0,0
NACC003556,3.964,3,0.843,380.7,0,0,0
NACC003557,2.207,1,1.466,146.83,0,0,0
NACC003558,1.849,2,0.782,305.27,0,0,0
NACC003559,8.171,4,1.08,264.28,0,0,0
NACC003560,0.622,3,1.008,352.88,0,0,0
NACC003561,0.829,1,0.745,525.31,0,0,0
NACC003562,2.335,3,1.368,590.87,0,0,0
NACC003563,0.447,1,1.399,713.29,0,0,0
NACC003564,1.928,3,1.387,510.27,0,0,0
NACC003565,5.497,1,1.402,519.01,0,0,0
NACC003566,1.728,5,0.857,215.84,0,0,0
NACC003567,1.226,5,1.415,317.49,0,0,0
NACC003568,2.209,5,0.798,117.02,0,0,0
NACC003569,1.576,3,1.144,459.52,0,0,0
NACC003570,0.889,4,0.847,721.41,0,0,0
NACC003571,1.649,1,0.773,456.79,0,0,0
NACC003572,3.318,5,0.601,354.42,0,0,0
NACC003573,0.345,4,1.416,747.24,0,0,0
NACC003574,2.52,1,0.712,409.48,0,0,0
NACC003575,1.378,2,0.851,611.61,0,0,0
NACC003576,1.565,1,1.057,643.06,0,0,0
NACC003577,4.533,4,1.341,1120.44,0,0,0
NACC003578,1.48,3,0.827,386.05,0,0,0
NACC003579,0.448,2,0.769,224.9,0,0,0
NACC003580,2.504,5,0.67,818.89,0,0,0
NACC003581,2.58,2,0.662,770.59,0,0,0
NACC003582,2.495,3,0.684,740.31,0,0,0
NACC003583,3.802,1,1.198,761.84,0,0,0
NACC003584,2.086,2,0.966,302.93,0,0,0
NACC003585,2.446,5,1.23,497.56,0,0,0
NACC003586,1.48,3,1.222,507.46,0,0,0
NACC003587,2.234,1,0.675,330.63,0,0,0
NACC003588,7.237,4,1.484,408.44,0,0,0
NACC003589,0.993,4,0.774,912.64,0,0,0
NACC003590,2.677,4,1.437,546.45,0,0,0
NACC003591,2.499,5,0.898,491.12,0,0,0
NACC003592,2.2,1,0.945,494.05,0,0,0
NACC003593,2.688,4,0.859,437.07,0,0,0
NACC003594,1.555,1,1.31,520.68,0,0,0
NACC003595,1.039,2,1.328,232.12,0,0,0
NACC003596,2.175,1,0.637,240.74,0,0,0
NACC003597,2.147,4,0.685,532.04,0,0,0
NACC003598,1.425,1,0.673,437.97,0,0,0
NACC003599,1.412,5,1.472,200.29,0,0,0
NACC003600,2.991,5,1.062,252.75,0,0,0
NACC003601,3.032,3,1.047,461.75,0,0,0
NACC003602,2.902,3,1.482,996.04,0,0,0
NACC003603,2.37,2,0.7,369.4,0,0,0
NACC003604,0.386,5,1.061,636.96,0,0,0
NACC003605,2.47,2,1.346,437.56,0,0,0
NACC003606,2.967,2,0.873,717.17,0,0,0
NACC003607,6.299,5,1.33,684.72,0,0,0
NACC003608,2.343,5,0.662,157.72,0,0,0
NACC003609,1.923,1,0.993,551.6,0,0,0
NACC003610,0.709,4,0.658,180.42,0,0,0
NACC003611,1.56,2,0.975,310.18,0,0,0
NACC003612,1.319,3,0.865,539.12,0,0,0
NACC003613,2.133,3,0.646,306.51,0,0,0
NACC003614,5.011,1,0.606,1144.94,0,0,0
NACC003615,1.339,3,1.169,288.85,0,0,0
NACC003616,1.527,2,1.361,427.1,0,0,0
NACC003617,4.201,3,1.161,373.58,0,0,0
NACC003618,1.686,2,0.914,136.3,0,0,0
NACC003619,12.172,2,0.641,134.0,0,0,0
NACC003620,3.326,2,1.247,202.6,0,0,0
NACC003621,0.586,2,0.882,565.26,0,0,0
NACC003622,2.654,2,1.036,616.44,0,0,0
NACC003623,0.731,5,1.124,1010.43,0,0,0
NACC003624,1.952,5,0.627,618.6,0,0,0
NACC003625,1.984,1,0.827,452.15,0,0,0
NACC003626,0.662,4,1.475,299.33,0,0,0
NACC003627,3.109,4,0.749,659.52,0,0,0
NACC003628,1.963,4,0.963,245.66,0,0,0
NACC003629,1.79,2,0.616,655.01,0,0,0
NACC003630,6.649,1,1.284,302.42,0,0,0
NACC003631,3.175,4,0.746,221.57,0,0,0
NACC003632,2.482,2,1.051,417.4,0,0,0
NACC003633,2.279,1,1.375,617.0,0,0,0
NACC003634,0.643,2,1.477,135.88,0,0,0
NACC003635,1.763,5,0.91,271.73,0,0,0
NACC003636,5.722,5,1.038,168.25,0,0,0
NACC003637,1.635,5,1.021,575.22,0,0,0
NACC003638,3.059,1,0.708,416.68,0,0,0
NACC003639,2.058,5,0.654,266.56,0,0,0
NACC003640,0.677,5,0.886,649.55,0,0,0
NACC003641,0.855,3,1.333,527.06,0,0,0
NACC003642,1.818,5,0.984,852.86,0,0,0
NACC003643,0.666,1,1.405,169.9,0,0,0
NACC003644,0.859,3,0.927,227.4,0,0,0
NACC003645,1.369,3,1.326,666.79,0,0,0
NACC003646,1.625,4,1.315,302.87,0,0,0
NACC003647,7.965,5,0.829,413.29,0,0,0
NACC003648,0.067,4,0.688,446.94,0,0,0
NACC003649,3.089,4,1.206,597.64,0,0,0
NACC003650,0.408,2,0.975,419.23,0,0,0
NACC003651,0.253,4,1.371,538.03,0,0,0
NACC003652,4.097,2,0.721,324.61,0,0,0
NACC003653,1.65,1,1.245,748.83,0,0,0
NACC003654,1.522,2,0.741,252.82,0,0,0
NACC003655,2.047,1,0.828,923.01,0,0,0
NACC003656,3.285,2,0.784,510.64,0,0,0
NACC003657,4.181,2,0.734,249.66,0,0,0
NACC003658,3.031,2,0.806,323.4,0,0,0
NACC003659,3.347,1,0.718,532.55,0,0,0
NACC003660,3.602,4,0.88,390.18,0,0,0
NACC003661,5.078,3,0.912,700.15,0,0,0
NACC003662,4.648,2,1.062,511.99,0,0,0
NACC003663,3.055,3,1.437,654.0,0,0,0
NACC003664,0.846,5,1.436,751.48,0,0,0
NACC003665,0.736,2,0.742,500.12,0,0,0
NACC003666,3.535,1,1.149,288.06,0,0,0
NACC003667,2.684,4,1.448,280.69,0,0,0
NACC003668,3.845,5,0.817,335.69,0,0,0
NACC003669,1.654,4,1.003,301.25,0,0,0
NACC003670,3.874,3,1.345,352.67,0,0,0
NACC003671,3.508,4,1.275,563.06,0,0,0
NACC003672,5.403,5,0.874,910.67,0,0,0
NACC003673,1.31,2,0.874,158.6,0,0,0
NACC003674,6.583,3,0.686,900.55,0,0,0
NACC003675,2.302,5,0.608,424.78,0,0,0
NACC003676,2.833,5,0.808,414.05,0,0,0
NACC003677,2.236,2,1.263,440.37,0,0,0
NACC003678,0.243,1,1.213,522.76,0,0,0
NACC003679,0.278,3,1.088,159.51,0,0,0
NACC003680,1.706,4,1.144,197.95,0,0,0
NACC003681,0.994,2,1.435,297.06,0,0,0
NACC003682,0.706,1,1.128,713.36,0,0,0
NACC003683,2.298,4,0.947,1046.08,0,0,0
NACC003684,1.512,2,1.475,393.16,0,0,0
NACC003685,5.804,5,0.824,540.3,0,0,0
NACC003686,5.113,5,0.756,138.25,0,0,0
NACC003687,2.611,5,1.431,583.9,0,0,0
NACC003688,3.105,4,1.275,464.96,0,0,0
NACC003689,0.709,1,0.604,816.86,0,0,0
NACC003690,2.42,4,0.741,912.14,0,0,0
NACC003691,4.72,5,0.974,403.17,0,0,0
NACC003692,1.14,2,1.468,137.99,0,0,0
NACC003693,0.798,4,1.117,403.46,0,0,0
NACC003694,1.279,1,1.275,1098.37,0,0,0
NACC003695,1.081,1,1.13,617.77,0,0,0
NACC003696,1.725,4,0.819,749.64,0,0,0
NACC003697,7.714,2,1.122,436.63,0,0,0
NACC003698,0.891,3,0.84,302.11,0,0,0
NACC003699,3.87,3,1.054,648.16,0,0,0
NACC003700,1.517,3,1.437,395.08,0,0,0
NACC003701,1.808,3,1.358,293.32,0,0,0
NACC003702,2.214,5,1.141,365.11,0,0,0
NACC003703,5.186,2,0.979,580.77,0,0,0
NACC003704,0.662,1,1.334,1122.47,0,0,0
NACC003705,4.456,1,1.279,628.28,0,0,0
NACC003706,1.33,4,1.264,493.59,0,0,0
NACC003707,1.08,5,1.331,615.54,0,0,0
NACC003708,3.327,3,1.063,526.93,0,0,0
NACC003709,1.445,4,1.493,901.0,0,0,0
NACC003710,3.865,2,1.478,457.34,0,0,0
NACC003711,3.4,4,1.011,117.8,0,0,0
NACC003712,1.049,3,0.895,104.04,0,0,0
NACC003713,1.975,2,0.631,447.29,0,0,0
NACC003714,4.774,2,0.643,228.04,0,0,0
NACC003715,1.368,5,1.346,293.56,0,0,0
NACC003716,3.281,1,0.626,289.52,0,0,0
NACC003717,2.523,5,1.332,331.5,0,0,0
NACC003718,1.379,3,1.457,866.52,0,0,0
NACC003719,0.574,3,1.345,187.38,0,0,0
NACC003720,1.15,3,0.915,415.4,0,0,0
NACC003721,4.082,3,0.763,203.37,0,0,0
NACC003722,2.013,4,1.006,628.74,0,0,0
NACC003723,2.225,5,0.64,461.78,0,0,0
NACC003724,1.896,2,1.111,128.18,0,0,0
NACC003725,2.508,1,1.193,351.35,0,0,0
NACC003726,1.401,2,1.368,357.01,0,0,0
NACC003727,4.649,2,1.138,324.41,0,0,0
NACC003728,0.109,2,0.672,605.81,0,0,0
NACC003729,1.595,4,0.917,126.3,0,0,0
NACC003730,1.471,4,0.859,709.29,0,0,0
NACC003731,2.087,5,1.346,366.45,0,0,0
NACC003732,2.025,3,1.112,805.87,0,0,0
NACC003733,1.622,1,1.028,882.9,0,0,0
NACC003734,2.576,5,1.108,513.35,0,0,0
NACC003735,0.949,3,0.956,731.81,0,0,0
NACC003736,0.295,3,1.077,522.32,0,0,0
NACC003737,0.717,2,1.158,493.28,0,0,0
NACC003738,1.084,4,0.748,309.72,0,0,0
NACC003739,2.524,5,0.928,561.67,0,0,0
NACC003740,0.852,2,0.685,514.35,0,0,0
NACC003741,1.279,5,1.388,548.76,0,0,0
NACC003742,0.677,2,1.294,550.96,0,0,0
NACC003743,1.054,3,0.923,877.07,0,0,0
NACC003744,1.163,4,0.716,457.51,0,0,0
NACC003745,1.75,4,0.801,723.83,0,0,0
NACC003746,2.345,3,0.858,1051.29,0,0,0
NACC003747,2.942,2,0.974,739.87,0,0,0
NACC003748,0.358,1,1.075,257.19,0,0,0
NACC003749,2.337,2,0.713,498.69,0,0,0
NACC003750,4.062,4,0.999,226.13,0,0,0
NACC003751,1.409,3,1.431,135.58,0,0,0
NACC003752,2.594,3,0.747,396.57,0,0,0
NACC003753,0.961,4,1.471,485.82,0,0,0
NACC003754,2.874,3,0.733,439.68,0,0,0
NACC003755,2.461,5,0.913,220.81,0,0,0
NACC003756,0.644,5,1.363,324.52,0,0,0
NACC003757,2.245,5,0.735,578.04,0,0,0
NACC003758,2.562,2,0.829,993.4,0,0,0
NACC003759,2.135,3,1.27,295.67,0,0,0
NACC003760,0.225,2,0.732,313.93,0,0,0
NACC003761,1.854,5,0.608,625.84,0,0,0
NACC003762,2.457,2,1.288,299.86,0,0,0
NACC003763,1.589,3,1.435,1031.58,0,0,0
NACC003764,0.266,1,0.872,412.51,0,0,0
NACC003765,7.049,4,1.431,222.06,0,0,0
NACC003766,3.511,4,1.329,211.05,0,0,0
NACC003767,1.628,1,0.614,250.44,0,0,0
NACC003768,2.473,4,0.767,363.55,0,0,0
NACC003769,4.772,3,0.904,320.12,0,0,0
NACC003770,2.202,2,1.331,242.47,0,0,0
NACC003771,2.312,1,0.841,426.64,0,0,0
NACC003772,0.711,2,0.663,637.71,0,0,0
NACC003773,1.023,1,0.803,233.18,0,0,0
NACC003774,0.21,1,1.499,219.19,0,0,0
NACC003775,1.035,1,1.164,943.9,0,0,0
NACC003776,1.182,4,0.978,472.47,0,0,0
NACC003777,2.528,2,1.325,193.65,0,0,0
NACC003778,2.477,1,1.24,792.22,0,0,0
NACC003779,2.666,2,0.8,391.7,0,0,0
NACC003780,0.614,5,1.396,683.08,0,0,0
NACC003781,1.228,4,1.464,717.89,0,0,0
NACC003782,0.657,4,1.47,704.27,0,0,0
NACC003783,6.003,3,1.201,215.71,0,0,0
NACC003784,3.734,1,0.701,285.39,0,0,0
NACC003785,4.002,1,1.3,258.75,0,0,0
NACC003786,2.021,5,0.885,1172.76,0,0,0
NACC003787,1.749,4,0.858,781.1,0,0,0
NACC003788,0.706,4,1.206,615.01,0,0,0
NACC003789,3.533,3,1.222,496.26,0,0,0
NACC003790,2.487,3,1.189,701.55,0,0,0
NACC003791,6.474,1,0.969,354.86,0,0,0
NACC003792,1.793,1,0.659,388.88,0,0,0
NACC003793,0.886,4,0.964,848.49,0,0,0
NACC003794,3.032,2,1.292,350.77,0,0,0
NACC003795,3.692,5,1.432,417.27,0,0,0
NACC003796,0.619,5,1.345,631.35,0,0,0
NACC003797,0.865,4,1.381,366.34,0,0,0
NACC003798,1.153,5,1.115,202.58,0,0,0
NACC003799,0.335,1,0.924,700.67,0,0,0
NACC003800,1.77,3,1.242,743.25,0,0,0
NACC003801,4.972,5,1.346,488.63,0,0,0
NACC003802,1.245,2,1.023,646.81,0,0,0
NACC003803,2.177,3,1.488,307.26,0,0,0
NACC003804,1.461,5,1.415,379.43,0,0,0
NACC003805,4.844,5,0.9,852.64,0,0,0
NACC003806,3.707,1,0.83,603.79,0,0,0
NACC003807,5.631,3,0.808,283.54,0,0,0
NACC003808,2.595,3,1.458,503.09,0,0,0
NACC003809,2.919,1,1.055,413.45,0,0,0
NACC003810,1.782,4,0.676,622.16,0,0,0
NACC003811,3.979,1,0.806,645.08,0,0,0
NACC003812,2.272,3,1.297,555.85,0,0,0
NACC003813,2.943,5,1.372,651.68,0,0,0
NACC003814,3.212,5,1.146,952.7,0,0,0
NACC003815,1.679,1,0.929,570.62,0,0,0
NACC003816,1.704,5,1.292,330.71,0,0,0
NACC003817,0.443,3,0.757,571.11,0,0,0
NACC003818,2.782,4,1.034,562.22,0,0,0
NACC003819,2.999,4,1.365,432.53,0,0,0
NACC003820,1.615,1,0.625,175.84,0,0,0
NACC003821,1.142,4,1.09,277.57,0,0,0
NACC003822,1.994,4,1.324,332.89,0,0,0
NACC003823,1.103,5,1.011,1351.06,0,0,0
NACC003824,4.578,1,1.483,452.15,0,0,0
NACC003825,3.306,3,0.869,377.65,0,0,0
NACC003826,1.757,1,0.862,58.52,0,0,0
NACC003827,1.718,3,0.911,315.0,0,0,0
NACC003828,3.098,1,1.123,382.58,0,0,0
NACC003829,1.148,2,1.108,584.38,0,0,0
NACC003830,1.075,2,1.011,730.38,0,0,0
NACC003831,1.1,5,1.225,316.81,0,0,0
NACC003832,0.688,2,0.855,591.81,0,0,0
NACC003833,0.344,2,0.732,530.58,0,0,0
NACC003834,1.514,3,1.153,159.11,0,0,0
NACC003835,0.669,2,0.999,470.78,0,0,0
NACC003836,1.372,5,1.146,676.69,0,0,0
NACC003837,5.913,5,0.983,492.88,0,0,0
NACC003838,1.551,4,0.68,864.79,0,0,0
NACC003839,1.496,1,1.065,203.0,0,0,0
NACC003840,3.634,1,1.365,720.85,0,0,0
NACC003841,3.706,1,1.323,425.11,0,0,0
NACC003842,3.201,3,1.4,482.9,0,0,0
NACC003843,1.457,1,0.722,687.34,0,0,0
NACC003844,1.432,5,0.61,292.3,0,0,0
NACC003845,3.992,3,0.93,1024.59,0,0,0
NACC003846,2.369,3,0.892,504.41,0,0,0
NACC003847,2.718,4,0.892,445.16,0,0,0
NACC003848,0.788,3,0.81,514.99,0,0,0
NACC003849,1.072,1,1.004,476.28,0,0,0
NACC003850,1.256,3,1.193,181.65,0,0,0
NACC003851,1.312,1,1.224,539.88,0,0,0
NACC003852,2.286,1,0.922,634.18,0,0,0
NACC003853,1.911,3,0.773,540.11,0,0,0
NACC003854,1.877,1,1.003,484.78,0,0,0
NACC003855,9.407,4,0.977,536.92,0,0,0
NACC003856,0.745,3,0.753,579.07,0,0,0
NACC003857,1.35,3,1.014,303.2,0,0,0
NACC003858,1.53,2,0.876,423.04,0,0,0
NACC003859,2.623,1,0.882,118.08,0,0,0
NACC003860,2.601,2,0.94,840.93,0,0,0
NACC003861,2.772,1,0.625,1003.8,0,0,0
NACC003862,1.81,3,0.996,347.06,0,0,0
NACC003863,1.631,4,1.343,589.01,0,0,0
NACC003864,2.673,3,0.901,300.87,0,0,0
NACC003865,3.634,1,0.641,584.5,0,0,0
NACC003866,0.881,2,0.765,353.03,0,0,0
NACC003867,1.336,5,1.008,163.38,0,0,0
NACC003868,3.289,4,1.4,789.42,0,0,0
NACC003869,1.239,3,1.074,427.94,0,0,0
NACC003870,1.021,4,1.229,373.79,0,0,0
NACC003871,1.722,2,1.373,500.14,0,0,0
NACC003872,3.984,2,1.413,359.11,0,0,0
NACC003873,3.042,3,1.456,317.94,0,0,0
NACC003874,1.358,3,0.681,246.05,0,0,0
NACC003875,0.313,4,0.794,150.16,0,0,0
NACC003876,1.71,3,0.729,342.42,0,0,0
NACC003877,2.09,5,0.924,669.98,0,0,0
NACC003878,8.028,5,0.715,514.12,0,0,0
NACC003879,1.459,2,1.092,426.8,0,0,0
NACC003880,1.983,2,1.292,321.09,0,0,0
NACC003881,1.67,1,1.252,201.09,0,0,0
NACC003882,2.51,2,0.625,979.3,0,0,0
NACC003883,5.616,3,1.296,504.19,0,0,0
NACC003884,3.051,4,0.801,547.75,0,0,0
NACC003885,3.799,3,0.661,426.17,0,0,0
NACC003886,3.221,1,1.12,443.44,0,0,0
NACC003887,1.109,4,1.356,920.29,0,0,0
NACC003888,0.447,1,1.007,561.13,0,0,0
NACC003889,0.88,5,1.184,274.72,0,0,0
NACC003890,1.35,3,1.366,519.2,0,0,0
NACC003891,0.852,1,1.056,421.98,0,0,0
NACC003892,2.81,3,1.474,395.04,0,0,0
NACC003893,2.272,2,1.105,308.79,0,0,0
NACC003894,1.378,3,1.25,726.81,0,0,0
NACC003895,1.532,2,0.927,417.72,0,0,0
NACC003896,1.038,3,0.973,303.53,0,0,0
NACC003897,2.365,2,1.105,618.53,0,0,0
NACC003898,0.821,1,1.242,566.76,0,0,0
NACC003899,3.102,3,1.317,318.13,0,0,0
NACC003900,3.349,2,1.219,705.56,0,0,0
NACC003901,2.468,4,1.264,668.66,0,0,0
NACC003902,0.563,5,0.7,239.94,0,0,0
NACC003903,1.615,2,0.648,726.42,0,0,0
NACC003904,5.798,4,0.862,567.16,0,0,0
NACC003905,1.166,2,1.248,524.69,0,0,0
NACC003906,1.964,3,1.479,373.22,0,0,0
NACC003907,3.898,3,1.078,515.9,0,0,0
NACC003908,1.299,5,1.17,422.82,0,0,0
NACC003909,3.625,2,0.905,211.58,0,0,0
NACC003910,5.795,3,0.913,867.25,0,0,0
NACC003911,0.835,2,0.667,862.08,0,0,0
NACC003912,2.122,1,1.418,179.19,0,0,0
NACC003913,1.116,3,0.914,215.6,0,0,0
NACC003914,3.477,1,0.872,388.39,0,0,0
NACC003915,1.146,5,0.62,170.61,0,0,0
NACC003916,0.378,1,1.318,397.83,0,0,0
NACC003917,1.471,2,1.044,376.89,0,0,0
NACC003918,0.589,5,0.768,217.61,0,0,0
NACC003919,3.486,5,1.006,451.53,0,0,0
NACC003920,5.274,1,0.779,398.82,0,0,0
NACC003921,0.966,5,0.901,206.89,0,0,0
NACC003922,1.344,1,1.078,653.66,0,0,0
NACC003923,4.606,2,0.683,425.95,0,0,0
NACC003924,2.058,3,0.886,143.66,0,0,0
NACC003925,0.708,2,1.42,360.68,0,0,0
NACC003926,0.343,4,1.281,426.46,0,0,0
NACC003927,1.074,2,1.472,1093.74,0,0,0
NACC003928,0.309,1,0.954,296.14,0,0,0
NACC003929,2.937,5,1.356,360.41,0,0,0
NACC003930,3.081,2,1.075,1126.64,0,0,0
NACC003931,8.318,3,0.942,270.58,0,0,0
NACC003932,5.678,4,1.447,157.98,0,0,0
NACC003933,1.961,3,0.882,508.56,0,0,0
NACC003934,2.371,1,1.009,1152.66,0,0,0
NACC003935,4.514,5,1.234,357.02,0,0,0
NACC003936,5.56,5,0.872,907.74,0,0,0
NACC003937,1.301,3,1.075,887.88,0,0,0
NACC003938,0.257,3,1.262,501.02,0,0,0
NACC003939,6.955,1,0.955,465.53,0,0,0
NACC003940,0.79,3,1.013,566.64,0,0,0
NACC003941,2.163,3,0.896,172.67,0,0,0
NACC003942,1.869,2,1.137,630.45,0,0,0
NACC003943,2.837,5,0.737,810.77,0,0,0
NACC003944,1.181,3,1.342,533.45,0,0,0
NACC003945,0.625,2,0.862,839.27,0,0,0
NACC003946,6.186,1,0.964,554.56,0,0,0
NACC003947,2.059,2,0.984,517.05,0,0,0
NACC003948,1.337,1,1.42,405.01,0,0,0
NACC003949,1.485,4,1.185,565.53,0,0,0
NACC003950,1.512,1,1.106,389.17,0,0,0
NACC003951,0.923,5,1.322,331.79,0,0,0
NACC003952,1.177,4,1.231,387.27,0,0,0
NACC003953,3.13,5,0.967,518.7,0,0,0
NACC003954,1.21,5,0.841,408.06,0,0,0
NACC003955,3.327,2,1.372,582.32,0,0,0
NACC003956,2.056,4,0.978,402.67,0,0,0
NACC003957,1.436,3,0.747,520.23,0,0,0
NACC003958,3.761,1,0.817,267.53,0,0,0
NACC003959,1.497,3,0.738,1201.33,0,0,0
NACC003960,0.379,2,1.245,734.32,0,0,0
NACC003961,2.138,2,0.975,368.47,0,0,0
NACC003962,1.222,5,1.429,161.89,0,0,0
NACC003963,2.556,4,1.103,565.27,0,0,0
NACC003964,2.726,2,0.981,708.77,0,0,0
NACC003965,3.617,3,0.892,925.1,0,0,0
NACC003966,1.007,1,0.829,448.1,0,0,0
NACC003967,0.561,5,1.171,224.34,0,0,0
NACC003968,0.489,2,0.809,1070.24,0,0,0
NACC003969,0.479,2,1.438,520.06,0,0,0
NACC003970,3.685,1,1.413,1175.93,0,0,0
NACC003971,1.293,1,1.425,192.62,0,0,0
NACC003972,1.405,2,1.448,515.97,0,0,0
NACC003973,2.895,3,1.007,735.48,0,0,0
NACC003974,4.37,2,0.665,614.92,0,0,0
NACC003975,1.373,2,1.176,506.56,0,0,0
NACC003976,1.979,5,1.351,185.87,0,0,0
NACC003977,3.358,2,0.867,395.57,0,0,0
NACC003978,0.584,4,1.022,493.99,0,0,0
NACC003979,2.782,3,0.84,348.74,0,0,0
NACC003980,1.427,1,0.828,490.18,0,0,0
NACC003981,1.444,4,1.154,755.11,0,0,0
NACC003982,2.126,2,1.203,666.74,0,0,0
NACC003983,3.182,5,0.721,371.66,0,0,0
NACC003984,1.993,4,0.877,327.13,0,0,0
NACC003985,1.576,2,1.414,677.35,0,0,0
NACC003986,1.645,1,0.974,120.24,0,0,0
NACC003987,1.994,4,1.026,574.3,0,0,0
NACC003988,2.205,3,0.762,415.0,0,0,0
NACC003989,0.942,1,0.838,565.99,0,0,0
NACC003990,0.83,5,1.198,1039.91,0,0,0
NACC003991,3.154,5,0.92,624.02,0,0,0
NACC003992,2.84,1,0.81,784.45,0,0,0
NACC003993,4.329,1,1.02,117.25,0,0,0
NACC003994,7.384,5,1.466,117.28,0,0,0
NACC003995,1.988,4,0.772,308.25,0,0,0
NACC003996,4.692,4,0.791,461.08,0,0,0
NACC003997,1.85,4,1.387,727.66,0,0,0
NACC003998,3.854,5,0.816,553.08,0,0,0
NACC003999,5.367,3,1.338,447.66,0,0,0
NACC004000,0.913,3,1.173,377.0,0,0,0
NACC004001,2.884,5,0.902,607.96,0,0,0
NACC004002,2.27,3,0.746,300.89,0,0,0
NACC004003,2.989,4,1.086,295.98,0,0,0
NACC004004,4.559,2,0.695,444.61,0,0,0
NACC004005,2.296,2,1.398,376.37,0,0,0
NACC004006,2.217,1,0.737,587.67,0,0,0
NACC004007,2.276,5,0.607,459.91,0,0,0
NACC004008,0.717,2,0.685,514.31,0,0,0
NACC004009,2.69,4,1.126,893.35,0,0,0
NACC004010,2.119,3,0.94,665.38,0,0,0
NACC004011,2.825,1,1.255,240.42,0,0,0
NACC004012,4.33,5,0.873,281.6,0,0,0
NACC004013,6.297,1,0.914,511.0,0,0,0
NACC004014,0.404,2,0.624,441.9,0,0,0
NACC004015,1.126,5,1.097,559.25,0,0,0
NACC004016,1.394,2,1.286,269.06,0,0,0
NACC004017,2.93,5,0.686,1048.43,0,0,0
NACC004018,1.816,4,1.241,429.25,0,0,0
NACC004019,2.707,3,1.106,388.74,0,0,0
NACC004020,0.975,5,0.687,492.89,0,0,0
NACC004021,1.321,1,1.2,1731.07,0,0,0
NACC004022,2.108,3,1.066,379.81,0,0,0
NACC004023,5.399,3,0.664,494.3,0,0,0
NACC004024,0.754,3,0.846,848.94,0,0,0
NACC004025,1.98,1,1.246,425.88,0,0,0
NACC004026,2.113,3,1.206,717.55,0,0,0
NACC004027,1.271,2,1.051,627.88,0,0,0
NACC004028,2.583,3,1.413,458.52,0,0,0
NACC004029,1.814,3,1.343,555.84,0,0,0
NACC004030,2.901,4,0.866,497.46,0,0,0
NACC004031,1.814,4,0.918,381.01,0,0,0
NACC004032,2.183,5,1.238,495.04,0,0,0
NACC004033,3.744,3,0.941,271.94,0,0,0
NACC004034,5.266,1,0.929,292.83,0,0,0
NACC004035,0.408,2,1.339,817.56,0,0,0
NACC004036,1.286,2,0.97,729.44,0,0,0
NACC004037,0.762,1,1.144,161.97,0,0,0
NACC004038,1.89,1,1.284,891.74,0,0,0
NACC004039,1.654,3,0.964,244.37,0,0,0
NACC004040,2.981,5,0.893,236.63,0,0,0
NACC004041,0.181,2,1.122,459.61,0,0,0
NACC004042,5.138,5,1.399,500.79,0,0,0
NACC004043,0.919,5,0.73,215.08,0,0,0
NACC004044,4.181,5,0.699,641.25,0,0,0
NACC004045,3.45,2,0.968,473.12,0,0,0
NACC004046,2.728,5,1.344,661.12,0,0,0
NACC004047,1.52,4,1.425,513.27,0,0,0
NACC004048,4.417,4,1.39,218.06,0,0,0
NACC004049,1.096,2,1.445,216.1,0,0,0
NACC004050,1.513,5,1.434,349.8,0,0,0
NACC004051,3.048,4,1.21,143.19,0,0,0
NACC004052,2.071,3,0.66,227.56,0,0,0
NACC004053,1.178,2,0.681,219.44,0,0,0
NACC004054,0.808,2,0.879,414.0,0,0,0
NACC004055,4.16,4,0.746,416.39,0,0,0
NACC004056,1.135,3,0.739,622.23,0,0,0
NACC004057,1.456,4,1.385,858.51,0,0,0
NACC004058,1.289,1,0.856,623.78,0,0,0
NACC004059,1.617,5,0.61,519.9,0,0,0
NACC004060,1.227,5,0.965,806.27,0,0,0
NACC004061,2.993,5,0.604,133.63,0,0,0
NACC004062,5.556,2,1.496,675.93,0,0,0
NACC004063,1.238,1,1.343,362.58,0,0,0
NACC004064,0.739,2,0.914,420.57,0,0,0
NACC004065,1.182,4,0.776,730.51,0,0,0
NACC004066,4.574,2,1.358,440.02,0,0,0
NACC004067,2.543,4,1.398,305.7,0,0,0
NACC004068,1.322,3,1.24,224.01,0,0,0
NACC004069,1.942,4,1.41,306.06,0,0,0
NACC004070,2.242,3,1.466,522.57,0,0,0
NACC004071,2.018,1,0.817,830.94,0,0,0
NACC004072,2.11,4,1.118,571.22,0,0,0
NACC004073,1.993,5,1.44,375.03,0,0,0
NACC004074,2.427,5,1.085,614.03,0,0,0
NACC004075,0.08,2,0.771,470.64,0,0,0
NACC004076,0.33,2,1.45,369.65,0,0,0
NACC004077,4.137,1,1.183,794.53,0,0,0
NACC004078,1.145,2,1.226,538.83,0,0,0
NACC004079,2.213,4,1.11,304.8,0,0,0
NACC004080,2.436,4,1.399,512.24,0,0,0
NACC004081,4.847,5,1.212,808.75,0,0,0
NACC004082,0.682,1,1.072,181.39,0,0,0
NACC004083,1.43,3,0.97,352.28,0,0,0
NACC004084,0.799,1,0.645,666.13,0,0,0
NACC004085,0.871,5,0.823,524.56,0,0,0
NACC004086,2.691,4,1.209,410.54,0,0,0
NACC004087,1.762,1,1.147,309.38,0,0,0
NACC004088,2.185,2,1.284,431.08,0,0,0
NACC004089,1.893,4,0.656,697.98,0,0,0
NACC004090,1.683,1,1.255,443.99,0,0,0
NACC004091,9.282,5,1.104,319.48,0,0,0
NACC004092,2.884,3,1.043,871.62,0,0,0
NACC004093,0.757,4,1.423,183.87,0,0,0
NACC004094,3.057,5,1.397,326.04,0,0,0
NACC004095,2.318,5,0.715,730.64,0,0,0
NACC004096,2.828,2,1.272,640.67,0,0,0
NACC004097,1.14,5,0.709,695.4,0,0,0
NACC004098,1.842,2,0.746,389.6,0,0,0
NACC004099,1.996,5,1.339,446.46,0,0,0
NACC004100,4.478,2,1.44,350.29,0,0,0
NACC004101,0.333,5,0.645,315.8,0,0,0
NACC004102,1.546,4,0.651,233.7,0,0,0
NACC004103,1.311,4,1.136,743.73,0,0,0
NACC004104,2.662,2,1.209,1131.76,0,0,0
NACC004105,1.619,5,0.828,198.64,0,0,0
NACC004106,6.001,1,1.182,377.66,0,0,0
NACC004107,1.187,1,0.776,110.0,0,0,0
NACC004108,1.869,4,0.841,664.7,0,0,0
NACC004109,2.159,3,0.853,557.39,0,0,0
NACC004110,2.113,1,1.13,720.58,0,0,0
NACC004111,1.746,5,1.075,690.34,0,0,0
NACC004112,2.559,2,1.404,71.61,0,0,0
NACC004113,0.955,4,1.162,366.42,0,0,0
NACC004114,2.951,5,0.682,849.71,0,0,0
NACC004115,6.375,5,0.893,248.33,0,0,0
NACC004116,1.925,1,1.142,489.32,0,0,0
NACC004117,1.677,4,1.082,219.04,0,0,0
NACC004118,1.183,1,1.315,655.91,0,0,0
NACC004119,1.58,2,1.466,658.22,0,0,0
NACC004120,2.713,5,1.286,683.18,0,0,0
NACC004121,1.152,2,1.157,426.05,0,0,0
NACC004122,1.603,4,0.71,269.86,0,0,0
NACC004123,0.24,1,1.077,656.1,0,0,0
NACC004124,3.566,1,0.99,455.14,0,0,0
NACC004125,0.456,4,0.85,250.61,0,0,0
NACC004126,3.726,1,0.628,250.84,0,0,0
NACC004127,4.426,2,0.87,499.83,0,0,0
NACC004128,1.661,3,0.751,675.94,0,0,0
NACC004129,4.22,1,1.008,124.79,0,0,0
NACC004130,0.646,4,0.848,325.68,0,0,0
NACC004131,2.274,4,0.965,295.5,0,0,0
NACC004132,2.015,1,1.009,131.53,0,0,0
NACC004133,2.946,5,0.8,590.92,0,0,0
NACC004134,2.67,4,1.248,191.88,0,0,0
NACC004135,2.749,3,1.037,353.39,0,0,0
NACC004136,5.272,1,0.704,264.27,0,0,0
NACC004137,1.718,5,1.252,543.38,0,0,0
NACC004138,1.782,1,1.287,312.88,0,0,0
NACC004139,5.825,1,0.886,320.5,0,0,0
NACC004140,3.487,1,1.434,435.71,0,0,0
NACC004141,2.952,5,1.452,329.21,0,0,0
NACC004142,2.647,4,0.866,311.61,0,0,0
NACC004143,3.944,4,0.796,614.75,0,0,0
NACC004144,2.383,5,0.893,251.77,0,0,0
NACC004145,1.124,1,0.71,690.67,0,0,0
NACC004146,1.726,5,1.126,287.36,0,0,0
NACC004147,3.498,1,1.069,76.23,0,0,0
NACC004148,2.202,1,0.867,332.79,0,0,0
NACC004149,1.366,2,0.849,365.7,0,0,0
NACC004150,1.151,2,1.215,519.46,0,0,0
NACC004151,1.971,3,1.335,313.12,0,0,0
NACC004152,4.101,2,1.038,218.15,0,0,0
NACC004153,1.005,1,1.257,243.7,0,0,0
NACC004154,7.339,3,1.448,604.38,0,0,0
NACC004155,2.094,5,1.384,1189.89,0,0,0
NACC004156,4.219,4,1.035,342.47,0,0,0
NACC004157,2.072,2,0.64,319.49,0,0,0
NACC004158,4.991,2,0.814,178.72,0,0,0
NACC004159,1.058,4,0.943,888.61,0,0,0
NACC004160,0.955,2,0.77,493.7,0,0,0
NACC004161,1.927,5,0.668,390.93,0,0,0
NACC004162,5.966,1,1.206,509.16,0,0,0
NACC004163,1.79,3,1.21,79.44,0,0,0
NACC004164,3.312,5,1.062,686.56,0,0,0
NACC004165,2.278,4,0.931,426.01,0,0,0
NACC004166,5.697,1,1.356,332.62,0,0,0
NACC004167,0.979,4,1.121,315.13,0,0,0
NACC004168,1.397,2,1.499,699.42,0,0,0
NACC004169,1.861,3,0.841,935.64,0,0,0
NACC004170,1.847,3,0.888,439.69,0,0,0
NACC004171,2.073,3,0.703,534.61,0,0,0
NACC004172,6.491,5,1.023,633.25,0,0,0
NACC004173,4.264,1,1.456,228.5,0,0,0
NACC004174,0.389,3,1.405,247.94,0,0,0
NACC004175,1.437,4,1.339,276.78,0,0,0
NACC004176,1.37,4,0.953,533.31,0,0,0
NACC004177,3.401,1,1.091,459.81,0,0,0
NACC004178,1.067,4,0.618,133.78,0,0,0
NACC004179,2.315,3,1.14,336.72,0,0,0
NACC004180,0.696,2,0.697,478.19,0,0,0
NACC004181,2.541,1,0.694,225.18,0,0,0
NACC004182,2.009,3,1.017,543.77,0,0,0
NACC004183,7.265,4,0.748,372.32,0,0,0
NACC004184,0.898,3,1.376,140.61,0,0,0
NACC004185,1.346,4,0.721,120.6,0,0,0
NACC004186,2.418,1,0.872,375.07,0,0,0
NACC004187,0.614,5,1.459,153.62,0,0,0
NACC004188,0.274,4,1.138,201.59,0,0,0
NACC004189,4.774,2,1.452,276.31,0,0,0
NACC004190,0.645,2,0.625,323.09,0,0,0
NACC004191,3.057,4,1.063,424.96,0,0,0
NACC004192,2.694,1,0.81,453.32,0,0,0
NACC004193,1.125,2,0.882,628.65,0,0,0
NACC004194,0.314,4,0.805,341.26,0,0,0
NACC004195,6.456,4,1.455,316.93,0,0,0
NACC004196,4.239,3,0.664,415.34,0,0,0
NACC004197,2.212,2,0.844,270.69,0,0,0
NACC004198,3.354,1,1.018,671.04,0,0,0
NACC004199,1.209,5,1.35,375.85,0,0,0
NACC004200,1.767,4,1.15,458.27,0,0,0
NACC004201,4.97,2,0.872,466.98,0,0,0
NACC004202,1.641,5,1.042,361.47,0,0,0
NACC004203,2.217,2,1.255,401.57,0,0,0
NACC004204,2.08,2,1.073,334.87,0,0,0
NACC004205,2.73,2,0.967,537.15,0,0,0
NACC004206,1.294,2,1.377,615.51,0,0,0
NACC004207,3.521,5,1.104,202.24,0,0,0
NACC004208,3.056,1,0.725,177.15,0,0,0
NACC004209,0.837,2,0.981,215.45,0,0,0
NACC004210,0.319,5,1.336,458.64,0,0,0
NACC004211,5.703,3,0.706,117.53,0,0,0
NACC004212,2.912,1,1.016,476.89,0,0,0
NACC004213,6.743,2,0.848,280.51,0,0,0
NACC004214,2.063,2,1.437,631.78,0,0,0
NACC004215,1.692,5,1.283,314.22,0,0,0
NACC004216,0.618,4,1.02,329.32,0,0,0
NACC004217,5.835,3,1.068,409.27,0,0,0
NACC004218,1.994,3,1.159,223.6,0,0,0
NACC004219,1.679,3,1.172,288.37,0,0,0
NACC004220,1.09,2,0.793,940.04,0,0,0
NACC004221,1.318,2,0.776,599.33,0,0,0
NACC004222,1.969,1,0.993,876.64,0,0,0
NACC004223,2.409,4,1.23,579.07,0,0,0
NACC004224,1.689,2,0.746,480.93,0,0,0
NACC004225,1.602,2,0.866,347.24,0,0,0
NACC004226,7.537,3,0.707,602.24,0,0,0
NACC004227,2.64,3,0.678,393.53,0,0,0
NACC004228,2.087,3,0.996,329.81,0,0,0
NACC004229,1.139,3,1.255,365.89,0,0,0
NACC004230,0.775,4,1.026,175.74,0,0,0
NACC004231,1.213,5,0.989,419.09,0,0,0
NACC004232,3.432,2,1.199,527.03,0,0,0
NACC004233,0.971,5,1.078,596.1,0,0,0
NACC004234,4.008,1,1.042,489.37,0,0,0
NACC004235,1.26,1,0.941,865.81,0,0,0
NACC004236,0.338,1,1.398,625.89,0,0,0
NACC004237,1.54,1,0.978,438.16,0,0,0
NACC004238,0.445,3,1.487,560.42,0,0,0
NACC004239,1.889,5,0.84,263.9,0,0,0
NACC004240,5.636,2,1.482,205.9,0,0,0
NACC004241,0.729,3,0.83,468.62,0,0,0
NACC004242,3.571,3,1.013,361.09,0,0,0
NACC004243,2.47,5,0.708,246.07,0,0,0
NACC004244,0.478,1,1.225,602.43,0,0,0
NACC004245,0.719,4,1.306,554.87,0,0,0
NACC004246,0.817,2,1.165,556.1,0,0,0
NACC004247,1.328,4,1.305,829.04,0,0,0
NACC004248,1.541,1,0.768,644.49,0,0,0
NACC004249,1.053,5,0.783,860.21,0,0,0
NACC004250,2.018,2,0.898,132.46,0,0,0
NACC004251,0.651,3,1.203,186.82,0,0,0
NACC004252,1.361,1,0.793,569.1,0,0,0
NACC004253,2.965,3,0.85,437.24,0,0,0
NACC004254,0.689,2,1.272,463.95,0,0,0
NACC004255,0.27,5,0.798,591.3,0,0,0
NACC004256,1.656,4,1.183,631.91,0,0,0
NACC004257,4.329,4,1.352,515.46,0,0,0
NACC004258,1.163,4,0.675,346.56,0,0,0
NACC004259,2.475,3,1.282,733.26,0,0,0
NACC004260,4.586,3,1.124,718.29,0,0,0
NACC004261,2.83,4,1.392,338.99,0,0,0
NACC004262,2.035,5,1.316,556.46,0,0,0
NACC004263,5.225,2,0.994,330.4,0,0,0
NACC004264,3.749,1,1.185,219.76,0,0,0
NACC004265,1.445,4,0.94,656.74,0,0,0
NACC004266,2.154,2,1.291,292.23,0,0,0
NACC004267,2.405,5,1.418,173.79,0,0,0
NACC004268,2.44,1,1.358,557.29,0,0,0
NACC004269,1.152,5,1.121,945.28,0,0,0
NACC004270,1.666,2,0.661,288.5,0,0,0
NACC004271,5.16,1,0.78,353.16,0,0,0
NACC004272,1.331,4,0.805,410.18,0,0,0
NACC004273,1.771,2,0.704,393.68,0,0,0
NACC004274,4.116,3,1.087,481.01,0,0,0
NACC004275,2.952,1,0.919,498.07,0,0,0
NACC004276,3.297,3,1.23,398.45,0,0,0
NACC004277,0.716,1,0.723,1082.29,0,0,0
NACC004278,3.57,1,1.495,283.44,0,0,0
NACC004279,0.888,4,0.739,439.5,0,0,0
NACC004280,0.894,1,1.353,631.94,0,0,0
NACC004281,6.1,5,1.143,853.61,0,0,0
NACC004282,2.442,1,0.607,344.46,0,0,0
NACC004283,1.253,3,0.765,184.56,0,0,0
NACC004284,0.405,4,1.072,352.72,0,0,0
NACC004285,1.724,1,0.708,173.68,0,0,0
NACC004286,7.259,3,0.745,294.13,0,0,0
NACC004287,2.87,5,0.854,784.08,0,0,0
NACC004288,1.335,2,1.028,248.61,0,0,0
NACC004289,0.712,5,0.846,405.15,0,0,0
NACC004290,7.769,2,0.859,459.56,0,0,0
NACC004291,2.903,1,1.406,541.81,0,0,0
NACC004292,5.353,3,0.668,451.9,0,0,0
NACC004293,3.669,5,1.429,480.1,0,0,0
NACC004294,1.506,5,1.452,216.12,0,0,0
NACC004295,2.486,4,0.61,526.69,0,0,0
NACC004296,1.066,1,0.907,198.16,0,0,0
NACC004297,3.703,2,1.438,209.16,0,0,0
NACC004298,1.349,4,0.835,490.48,0,0,0
NACC004299,0.8,4,0.921,581.79,0,0,0
NACC004300,1.254,1,1.06,364.3,0,0,0
NACC004301,0.419,5,0.909,419.18,0,0,0
NACC004302,1.341,4,1.427,619.72,0,0,0
NACC004303,0.534,1,0.819,533.68,0,0,0
NACC004304,3.087,3,1.062,684.61,0,0,0
NACC004305,4.599,2,0.661,505.96,0,0,0
NACC004306,3.568,4,0.724,905.63,0,0,0
NACC004307,6.138,2,1.086,346.69,0,0,0
NACC004308,1.356,4,1.301,712.63,0,0,0
NACC004309,3.04,5,0.954,418.62,0,0,0
NACC004310,1.653,5,0.674,519.77,0,0,0
NACC004311,1.312,3,0.86,103.48,0,0,0
NACC004312,0.893,2,1.024,306.45,0,0,0
NACC004313,5.033,5,0.71,522.28,0,0,0
NACC004314,1.442,2,1.331,882.05,0,0,0
NACC004315,5.564,2,0.916,201.26,0,0,0
NACC004316,5.324,1,0.859,195.08,0,0,0
NACC004317,1.996,1,0.901,673.38,0,0,0
NACC004318,1.584,5,1.333,328.31,0,0,0
NACC004319,2.062,5,1.269,881.94,0,0,0
NACC004320,3.155,5,0.864,591.98,0,0,0
NACC004321,2.8,4,0.864,320.34,0,0,0
NACC004322,2.682,1,1.475,503.83,0,0,0
NACC004323,0.395,3,0.957,788.83,0,0,0
NACC004324,2.283,2,0.668,197.56,0,0,0
NACC004325,2.656,5,1.002,667.31,0,0,0
NACC004326,2.189,3,1.171,225.98,0,0,0
NACC004327,4.795,5,1.439,315.53,0,0,0
NACC004328,0.211,1,0.894,289.23,0,0,0
NACC004329,5.48,5,1.175,279.92,0,0,0
NACC004330,1.526,4,1.381,843.01,0,0,0
NACC004331,2.162,4,1.237,496.28,0,0,0
NACC004332,0.146,2,1.209,651.58,0,0,0
NACC004333,0.886,5,0.893,370.95,0,0,0
NACC004334,1.261,2,0.723,791.1,0,0,0
NACC004335,4.497,2,0.774,566.43,0,0,0
NACC004336,1.906,3,0.745,916.73,0,0,0
NACC004337,6.691,3,1.074,503.3,0,0,0
NACC004338,1.018,5,0.859,881.52,0,0,0
NACC004339,2.005,2,1.111,551.27,0,0,0
NACC004340,0.797,3,1.485,1061.36,0,0,0
NACC004341,0.697,1,1.167,365.43,0,0,0
NACC004342,1.098,3,1.183,427.37,0,0,0
NACC004343,3.552,5,0.634,1165.01,0,0,0
NACC004344,1.639,4,0.998,226.07,0,0,0
NACC004345,2.087,5,1.356,237.73,0,0,0
NACC004346,0.855,3,1.28,255.29,0,0,0
NACC004347,3.917,2,1.294,262.61,0,0,0
NACC004348,0.316,1,1.479,838.01,0,0,0
NACC004349,6.762,5,0.86,728.68,0,0,0
NACC004350,5.082,4,0.788,385.87,0,0,0
NACC004351,0.261,5,1.177,330.05,0,0,0
NACC004352,4.914,5,1.335,634.24,0,0,0
NACC004353,0.973,1,0.712,150.02,0,0,0
NACC004354,5.262,5,1.453,721.22,0,0,0
NACC004355,0.762,3,1.023,381.8,0,0,0
NACC004356,1.11,2,0.736,748.71,0,0,0
NACC004357,2.41,5,0.73,171.89,0,0,0
NACC004358,2.669,5,1.24,505.08,0,0,0
NACC004359,2.117,4,1.103,990.99,0,0,0
NACC004360,2.283,3,1.051,340.16,0,0,0
NACC004361,1.668,2,1.433,376.89,0,0,0
NACC004362,3.661,3,1.4,333.14,0,0,0
NACC004363,4.326,3,0.67,282.74,0,0,0
NACC004364,1.103,2,0.87,179.36,0,0,0
NACC004365,2.999,3,0.86,172.58,0,0,0
NACC004366,4.069,4,1.043,1074.29,0,0,0
NACC004367,2.189,5,1.252,411.13,0,0,0
NACC004368,0.722,4,0.621,597.27,0,0,0
NACC004369,4.409,4,1.199,347.63,0,0,0
NACC004370,7.325,2,0.619,965.3,0,0,0
NACC004371,1.135,5,0.775,682.61,0,0,0
NACC004372,1.998,5,1.247,344.23,0,0,0
NACC004373,1.192,5,1.209,696.97,0,0,0
NACC004374,2.622,5,0.63,273.68,0,0,0
NACC004375,0.404,4,1.33,405.57,0,0,0
NACC004376,2.666,3,1.449,328.29,0,0,0
NACC004377,2.655,4,0.861,458.65,0,0,0
NACC004378,3.731,4,0.967,976.9,0,0,0
NACC004379,4.008,3,1.043,954.51,0,0,0
NACC004380,1.992,4,0.618,505.55,0,0,0
NACC004381,1.092,4,1.125,125.91,0,0,0
NACC004382,0.623,4,1.247,386.32,0,0,0
NACC004383,1.126,3,0.875,876.64,0,0,0
NACC004384,3.379,4,1.019,685.96,0,0,0
NACC004385,2.491,4,1.344,485.53,0,0,0
NACC004386,4.023,5,0.808,594.29,0,0,0
NACC004387,2.665,3,1.045,288.16,0,0,0
NACC004388,6.111,4,0.644,385.94,0,0,0
NACC004389,1.138,3,1.394,819.53,0,0,0
NACC004390,1.42,3,0.734,625.64,0,0,0
NACC004391,1.113,3,0.664,631.4,0,0,0
NACC004392,4.613,4,0.648,320.89,0,0,0
NACC004393,1.896,4,0.723,608.21,0,0,0
NACC004394,4.579,3,0.826,416.28,0,0,0
NACC004395,2.406,4,1.194,661.57,0,0,0
NACC004396,0.439,4,0.949,302.88,0,0,0
NACC004397,1.38,5,0.634,277.31,0,0,0
NACC004398,5.761,2,0.637,660.45,0,0,0
NACC004399,3.294,1,0.678,212.86,0,0,0
NACC004400,3.309,5,0.815,511.35,0,0,0
NACC004401,0.097,5,0.828,369.16,0,0,0
NACC004402,1.019,5,1.304,721.46,0,0,0
NACC004403,0.849,4,0.871,501.32,0,0,0
NACC004404,1.114,4,0.639,155.69,0,0,0
NACC004405,3.741,1,1.122,386.13,0,0,0
NACC004406,2.109,3,0.694,236.25,0,0,0
NACC004407,4.079,1,1.002,519.24,0,0,0
NACC004408,2.048,3,0.732,481.56,0,0,0
NACC004409,1.429,4,1.428,732.26,0,0,0
NACC004410,0.546,5,1.02,267.51,0,0,0
NACC004411,1.06,1,1.239,656.33,0,0,0
NACC004412,8.438,2,1.146,720.29,0,0,0
NACC004413,0.26,5,1.457,632.04,0,0,0
NACC004414,0.464,3,0.615,154.52,0,0,0
NACC004415,3.211,1,0.925,625.29,0,0,0
NACC004416,9.459,1,1.499,433.61,0,0,0
NACC004417,0.246,4,0.981,674.7,0,0,0
NACC004418,0.266,4,0.856,434.47,0,0,0
NACC004419,1.401,5,1.051,296.22,0,0,0
NACC004420,6.662,5,0.639,532.13,0,0,0
NACC004421,0.905,3,0.72,425.61,0,0,0
NACC004422,4.512,2,0.85,658.47,0,0,0
NACC004423,4.789,4,0.675,236.54,0,0,0
NACC004424,4.695,3,1.127,600.02,0,0,0
NACC004425,1.115,3,1.428,653.9,0,0,0
NACC004426,3.433,5,1.362,417.77,0,0,0
NACC004427,1.858,3,1.21,701.85,0,0,0
NACC004428,2.929,5,1.458,715.56,0,0,0
NACC004429,0.661,5,1.073,607.46,0,0,0
NACC004430,3.858,4,1.421,173.4,0,0,0
NACC004431,1.982,3,1.21,715.85,0,0,0
NACC004432,1.963,4,1.203,166.99,0,0,0
NACC004433,1.68,4,0.99,670.58,0,0,0
NACC004434,1.062,5,1.39,331.9,0,0,0
NACC004435,1.496,5,1.012,546.67,0,0,0
NACC004436,2.769,4,1.165,871.47,0,0,0
NACC004437,2.888,5,1.366,1013.38,0,0,0
NACC004438,2.199,3,1.131,305.07,0,0,0
NACC004439,1.437,1,1.33,604.47,0,0,0
NACC004440,1.468,4,1.335,231.29,0,0,0
NACC004441,0.488,5,1.086,548.04,0,0,0
NACC004442,0.688,4,1.051,169.82,0,0,0
NACC004443,1.318,1,1.071,346.62,0,0,0
NACC004444,2.528,3,1.379,468.04,0,0,0
NACC004445,1.344,1,1.434,380.91,0,0,0
NACC004446,0.385,1,1.073,371.44,0,0,0
NACC004447,1.68,1,1.074,593.23,0,0,0
NACC004448,2.938,4,1.489,148.42,0,0,0
NACC004449,2.078,4,1.388,356.87,0,0,0
NACC004450,0.914,2,1.195,397.22,0,0,0
NACC004451,2.687,5,1.149,261.72,0,0,0
NACC004452,1.017,4,0.777,592.25,0,0,0
NACC004453,0.864,5,1.385,356.92,0,0,0
NACC004454,2.096,3,0.683,922.96,0,0,0
NACC004455,1.657,4,1.273,534.63,0,0,0
NACC004456,1.314,3,1.378,417.89,0,0,0
NACC004457,1.064,1,0.678,255.55,0,0,0
NACC004458,2.689,2,0.907,503.84,0,0,0
NACC004459,1.16,3,1.392,380.03,0,0,0
NACC004460,10.314,5,1.304,257.27,0,0,0
NACC004461,1.435,3,1.232,506.53,0,0,0
NACC004462,0.635,5,1.093,363.1,0,0,0
NACC004463,4.696,5,1.41,753.97,0,0,0
NACC004464,3.824,2,1.256,395.98,0,0,0
NACC004465,4.035,2,0.875,451.01,0,0,0
NACC004466,4.683,3,1.273,297.36,0,0,0
NACC004467,7.491,4,1.432,185.53,0,0,0
NACC004468,0.507,1,1.466,237.91,0,0,0
NACC004469,3.417,1,1.44,460.88,0,0,0
NACC004470,0.828,2,1.489,707.12,0,0,0
NACC004471,1.686,5,0.928,597.16,0,0,0
NACC004472,5.641,4,1.056,305.69,0,0,0
NACC004473,0.729,2,0.804,630.81,0,0,0
NACC004474,3.543,1,1.041,104.03,0,0,0
NACC004475,0.84,5,0.607,417.83,0,0,0
NACC004476,1.081,1,1.045,211.82,0,0,0
NACC004477,1.205,4,1.423,272.5,0,0,0
NACC004478,0.242,3,0.924,548.57,0,0,0
NACC004479,3.353,4,0.865,146.77,0,0,0
NACC004480,1.397,2,0.998,203.66,0,0,0
NACC004481,1.199,1,0.624,95.67,0,0,0
NACC004482,3.102,4,1.084,217.15,0,0,0
NACC004483,4.047,5,0.773,198.67,0,0,0
NACC004484,2.247,4,0.708,266.43,0,0,0
NACC004485,1.88,1,1.365,231.92,0,0,0
NACC004486,0.691,4,0.777,650.1,0,0,0
NACC004487,1.058,4,1.241,759.81,0,0,0
NACC004488,3.959,2,1.312,83.94,0,0,0
NACC004489,0.522,2,0.903,509.39,0,0,0
NACC004490,2.122,4,0.818,258.18,0,0,0
NACC004491,0.92,3,1.355,512.15,0,0,0
NACC004492,1.174,3,0.733,848.65,0,0,0
NACC004493,0.582,2,0.949,656.4,0,0,0
NACC004494,1.661,3,0.696,274.29,0,0,0
NACC004495,2.424,4,0.615,332.72,0,0,0
NACC004496,3.811,1,1.061,767.22,0,0,0
NACC004497,1.076,3,0.62,251.06,0,0,0
NACC004498,3.237,4,1.18,579.69,0,0,0
NACC004499,1.388,4,1.149,246.75,0,0,0
NACC004500,1.395,5,0.653,179.74,0,0,0
NACC004501,0.694,2,1.315,369.55,0,0,0
NACC004502,0.058,4,0.875,492.87,0,0,0
NACC004503,0.392,2,1.106,555.15,0,0,0
NACC004504,2.694,5,1.046,548.64,0,0,0
NACC004505,2.867,3,0.855,473.5,0,0,0
NACC004506,2.99,4,1.081,410.31,0,0,0
NACC004507,0.256,1,0.747,403.14,0,0,0
NACC004508,4.504,1,1.265,453.43,0,0,0
NACC004509,2.108,4,0.612,190.19,0,0,0
NACC004510,1.143,2,1.314,506.04,0,0,0
NACC004511,1.723,3,1.018,585.88,0,0,0
NACC004512,2.986,5,0.702,429.21,0,0,0
NACC004513,3.636,4,1.406,242.68,0,0,0
NACC004514,5.741,3,0.675,584.64,0,0,0
NACC004515,1.682,4,1.029,376.12,0,0,0
NACC004516,2.898,4,1.268,739.6,0,0,0
NACC004517,2.014,3,1.188,265.96,0,0,0
NACC004518,3.048,2,0.942,217.2,0,0,0
NACC004519,2.119,1,0.949,1086.01,0,0,0
NACC004520,4.205,4,1.217,660.25,0,0,0
NACC004521,3.032,1,1.476,695.03,0,0,0
NACC004522,1.141,2,0.747,530.39,0,0,0
NACC004523,1.687,2,0.734,686.11,0,0,0
NACC004524,2.128,4,1.253,156.04,0,0,0
NACC004525,1.141,1,1.116,143.97,0,0,0
NACC004526,0.796,5,0.602,474.0,0,0,0
NACC004527,1.447,1,0.767,308.07,0,0,0
NACC004528,1.325,4,0.992,768.51,0,0,0
NACC004529,1.462,1,1.387,331.33,0,0,0
NACC004530,0.75,4,0.917,256.88,0,0,0
NACC004531,8.364,4,1.263,301.4,0,0,0
NACC004532,1.498,2,0.85,568.73,0,0,0
NACC004533,8.971,5,0.747,487.96,0,0,0
NACC004534,5.785,2,0.77,600.85,0,0,0
NACC004535,0.441,4,0.805,721.02,0,0,0
NACC004536,5.82,4,1.153,268.3,0,0,0
NACC004537,2.634,1,0.969,484.45,0,0,0
NACC004538,0.583,2,1.359,195.88,0,0,0
NACC004539,0.942,5,0.766,764.84,0,0,0
NACC004540,5.601,5,1.262,839.98,0,0,0
NACC004541,2.649,4,0.647,596.12,0,0,0
NACC004542,0.726,5,0.733,249.37,0,0,0
NACC004543,1.057,3,1.012,326.22,0,0,0
NACC004544,2.177,1,1.442,917.19,0,0,0
NACC004545,3.295,5,0.613,493.56,0,0,0
NACC004546,2.458,4,0.736,559.41,0,0,0
NACC004547,4.131,2,0.859,320.24,0,0,0
NACC004548,1.921,3,1.254,308.86,0,0,0
NACC004549,1.807,4,1.242,320.65,0,0,0
NACC004550,3.47,4,1.07,1125.18,0,0,0
NACC004551,4.023,5,0.881,397.21,0,0,0
NACC004552,1.328,3,1.44,374.95,0,0,0
NACC004553,1.236,2,1.085,179.32,0,0,0
NACC004554,1.756,2,1.115,480.67,0,0,0
NACC004555,2.51,5,1.353,250.41,0,0,0
NACC004556,4.036,5,0.634,319.57,0,0,0
NACC004557,2.805,5,1.23,320.5,0,0,0
NACC004558,1.303,5,1.273,183.87,0,0,0
NACC004559,3.322,1,1.102,365.82,0,0,0
NACC004560,3.739,1,1.289,174.36,0,0,0
NACC004561,4.383,1,1.026,93.17,0,0,0
NACC004562,1.666,5,0.779,333.53,0,0,0
NACC004563,4.903,1,0.66,865.89,0,0,0
NACC004564,1.868,3,1.121,742.06,0,0,0
NACC004565,0.664,4,1.298,397.5,0,0,0
NACC004566,3.317,1,1.287,531.23,0,0,0
NACC004567,2.584,3,1.062,527.38,0,0,0
NACC004568,1.374,3,1.375,344.74,0,0,0
NACC004569,1.758,1,0.623,395.37,0,0,0
NACC004570,3.063,3,1.419,352.51,0,0,0
NACC004571,1.216,5,1.276,430.24,0,0,0
NACC004572,1.313,2,1.317,213.62,0,0,0
NACC004573,1.109,4,1.18,327.95,0,0,0
NACC004574,2.45,5,1.295,620.4,0,0,0
NACC004575,1.71,5,1.288,425.44,0,0,0
NACC004576,1.432,2,1.474,661.89,0,0,0
NACC004577,4.936,3,1.198,528.32,0,0,0
NACC004578,4.795,2,1.052,490.66,0,0,0
NACC004579,0.621,5,1.161,901.94,0,0,0
NACC004580,0.71,2,1.333,358.26,0,0,0
NACC004581,4.088,1,0.842,598.14,0,0,0
NACC004582,2.223,3,1.198,254.74,0,0,0
NACC004583,4.209,5,1.457,492.2,0,0,0
NACC004584,2.376,5,1.115,501.76,0,0,0
NACC004585,0.758,4,1.309,456.97,0,0,0
NACC004586,7.957,4,0.897,916.55,0,0,0
NACC004587,5.059,1,1.063,109.97,0,0,0
NACC004588,10.012,2,1.25,632.06,0,0,0
NACC004589,1.367,3,1.251,993.44,0,0,0
NACC004590,1.797,2,1.071,168.4,0,0,0
NACC004591,0.914,1,1.16,667.21,0,0,0
NACC004592,1.895,1,0.764,430.73,0,0,0
NACC004593,0.824,2,1.179,1120.27,0,0,0
NACC004594,1.417,4,1.088,878.19,0,0,0
NACC004595,5.942,5,0.635,536.47,0,0,0
NACC004596,2.203,4,0.877,213.66,0,0,0
NACC004597,1.752,2,0.926,516.75,0,0,0
NACC004598,2.277,1,1.293,225.42,0,0,0
NACC004599,2.961,4,1.19,329.84,0,0,0
NACC004600,0.929,2,0.714,421.19,0,0,0
NACC004601,2.155,2,1.202,625.96,0,0,0
NACC004602,1.389,2,0.799,161.43,0,0,0
NACC004603,2.604,4,0.73,645.25,0,0,0
NACC004604,3.375,5,1.192,404.35,0,0,0
NACC004605,2.184,4,1.317,843.14,0,0,0
NACC004606,1.016,4,1.271,146.19,0,0,0
NACC004607,0.624,5,0.787,445.88,0,0,0
NACC004608,0.794,1,0.74,231.07,0,0,0
NACC004609,1.738,1,1.064,1112.4,0,0,0
NACC004610,1.278,3,0.76,459.74,0,0,0
NACC004611,8.282,1,0.755,511.84,0,0,0
NACC004612,5.562,4,0.711,550.09,0,0,0
NACC004613,2.113,1,0.739,544.51,0,0,0
NACC004614,1.599,5,1.486,843.12,0,0,0
NACC004615,3.107,3,0.73,250.42,0,0,0
NACC004616,2.27,5,1.109,237.37,0,0,0
NACC004617,2.281,4,0.672,159.15,0,0,0
NACC004618,0.224,1,1.194,862.53,0,0,0
NACC004619,2.205,5,0.647,399.76,0,0,0
NACC004620,3.454,3,1.371,497.45,0,0,0
NACC004621,0.372,1,1.482,163.89,0,0,0
NACC004622,4.074,5,0.842,673.01,0,0,0
NACC004623,1.296,3,0.825,412.1,0,0,0
NACC004624,2.798,5,1.255,694.39,0,0,0
NACC004625,1.689,4,0.825,538.25,0,0,0
NACC004626,1.275,5,1.143,633.71,0,0,0
NACC004627,3.291,3,1.212,678.02,0,0,0
NACC004628,1.79,3,1.295,407.58,0,0,0
NACC004629,1.936,4,1.239,270.35,0,0,0
NACC004630,1.475,4,1.088,783.92,0,0,0
NACC004631,2.374,4,0.663,317.65,0,0,0
NACC004632,2.546,4,0.908,156.78,0,0,0
NACC004633,0.316,3,0.768,316.99,0,0,0
NACC004634,1.031,3,1.24,319.82,0,0,0
NACC004635,4.614,2,1.033,528.3,0,0,0
NACC004636,3.334,4,1.392,604.45,0,0,0
NACC004637,2.05,5,1.277,783.91,0,0,0
NACC004638,1.731,2,1.31,277.81,0,0,0
NACC004639,0.577,4,0.849,487.39,0,0,0
NACC004640,2.091,2,1.176,410.94,0,0,0
NACC004641,1.504,4,1.282,734.23,0,0,0
NACC004642,1.9,1,0.698,891.15,0,0,0
NACC004643,1.79,4,1.219,206.41,0,0,0
NACC004644,1.626,4,0.642,374.92,0,0,0
NACC004645,0.696,1,0.893,508.84,0,0,0
NACC004646,1.855,4,0.624,273.53,0,0,0
NACC004647,0.434,2,1.055,297.87,0,0,0
NACC004648,1.461,3,1.201,592.11,0,0,0
NACC004649,0.254,3,1.404,465.93,0,0,0
NACC004650,2.993,2,1.457,565.31,0,0,0
NACC004651,1.931,4,1.355,489.62,0,0,0
NACC004652,3.492,5,1.346,916.47,0,0,0
NACC004653,3.975,2,1.418,919.06,0,0,0
NACC004654,3.405,1,0.94,317.98,0,0,0
NACC004655,4.701,2,0.735,239.02,0,0,0
NACC004656,3.799,5,1.063,498.52,0,0,0
NACC004657,4.229,1,1.47,407.84,0,0,0
NACC004658,3.933,2,1.174,1096.18,0,0,0
NACC004659,3.415,2,0.852,404.96,0,0,0
NACC004660,2.939,3,0.729,417.25,0,0,0
NACC004661,1.932,5,1.226,593.78,0,0,0
NACC004662,1.341,3,1.232,448.36,0,0,0
NACC004663,2.404,1,1.295,429.96,0,0,0
NACC004664,0.641,4,1.031,250.12,0,0,0
NACC004665,8.243,5,1.487,525.01,0,0,0
NACC004666,0.775,5,0.787,545.47,0,0,0
NACC004667,0.425,4,0.885,500.66,0,0,0
NACC004668,3.932,1,1.433,609.98,0,0,0
NACC004669,2.177,2,0.633,496.74,0,0,0
NACC004670,2.026,3,1.218,420.69,0,0,0
NACC004671,0.393,4,0.735,562.25,0,0,0
NACC004672,1.728,4,0.825,678.36,0,0,0
NACC004673,1.667,2,0.876,357.56,0,0,0
NACC004674,1.435,1,0.867,864.8,0,0,0
NACC004675,0.74,3,1.115,54.49,0,0,0
NACC004676,2.447,3,0.765,212.05,0,0,0
NACC004677,3.351,3,1.283,539.96,0,0,0
NACC004678,1.65,1,0.633,261.59,0,0,0
NACC004679,3.375,3,1.096,776.37,0,0,0
NACC004680,1.566,5,1.365,199.56,0,0,0
NACC004681,1.157,3,1.422,156.94,0,0,0
NACC004682,3.197,5,1.208,738.06,0,0,0
NACC004683,0.382,2,0.955,391.49,0,0,0
NACC004684,1.835,5,0.972,338.33,0,0,0
NACC004685,5.311,3,0.773,684.14,0,0,0
NACC004686,1.746,1,0.702,199.76,0,0,0
NACC004687,2.616,2,1.274,323.8,0,0,0
NACC004688,1.326,5,0.86,832.5,0,0,0
NACC004689,3.497,5,0.968,441.0,0,0,0
NACC004690,1.764,5,1.027,527.99,0,0,0
NACC004691,3.006,2,0.839,826.67,0,0,0
NACC004692,0.936,1,1.01,580.29,0,0,0
NACC004693,1.276,4,1.408,237.4,0,0,0
NACC004694,3.208,5,1.273,471.07,0,0,0
NACC004695,2.144,5,0.714,370.49,0,0,0
NACC004696,1.613,1,1.204,317.66,0,0,0
NACC004697,1.258,4,0.906,383.96,0,0,0
NACC004698,1.495,2,1.347,942.49,0,0,0
NACC004699,1.273,2,1.456,557.98,0,0,0
NACC004700,5.618,2,1.351,237.04,0,0,0
NACC004701,6.082,1,0.948,208.87,0,0,0
NACC004702,5.049,5,1.372,409.45,0,0,0
NACC004703,5.083,4,0.732,522.76,0,0,0
NACC004704,1.995,3,0.712,543.72,0,0,0
NACC004705,2.074,1,1.149,622.16,0,0,0
NACC004706,0.546,1,0.928,427.97,0,0,0
NACC004707,2.39,4,1.049,605.49,0,0,0
NACC004708,0.808,3,1.061,327.78,0,0,0
NACC004709,1.314,1,1.34,718.27,0,0,0
NACC004710,2.942,4,1.051,247.91,0,0,0
NACC004711,5.643,1,0.675,344.5,0,0,0
NACC004712,3.242,2,1.278,416.47,0,0,0
NACC004713,1.307,2,0.731,508.99,0,0,0
NACC004714,2.778,4,1.088,992.69,0,0,0
NACC004715,4.03,1,0.608,147.63,0,0,0
NACC004716,0.752,1,1.288,181.32,0,0,0
NACC004717,1.215,2,1.221,353.72,0,0,0
NACC004718,3.114,5,0.786,504.54,0,0,0
NACC004719,1.187,4,0.983,340.77,0,0,0
NACC004720,2.055,1,0.754,522.8,0,0,0
NACC004721,3.436,1,0.856,687.52,0,0,0
NACC004722,4.345,3,1.165,253.69,0,0,0
NACC004723,2.927,3,1.291,516.81,0,0,0
NACC004724,2.526,3,1.326,1112.48,0,0,0
NACC004725,1.749,5,1.499,417.91,0,0,0
NACC004726,2.461,2,1.266,534.35,0,0,0
NACC004727,0.998,2,1.147,322.67,0,0,0
NACC004728,1.271,4,0.923,749.6,0,0,0
NACC004729,5.416,3,1.018,386.57,0,0,0
NACC004730,2.541,1,1.222,560.2,0,0,0
NACC004731,1.504,5,1.011,149.53,0,0,0
NACC004732,2.284,1,1.368,516.42,0,0,0
NACC004733,1.4,1,0.84,312.02,0,0,0
NACC004734,3.413,1,0.717,382.54,0,0,0
NACC004735,2.385,3,0.774,365.66,0,0,0
NACC004736,0.751,3,1.175,466.97,0,0,0
NACC004737,0.926,1,0.975,576.34,0,0,0
NACC004738,0.476,2,1.433,148.9,0,0,0
NACC004739,3.667,1,0.87,451.6,0,0,0
NACC004740,3.992,4,0.687,836.49,0,0,0
NACC004741,3.762,2,0.736,234.86,0,0,0
NACC004742,1.257,1,0.905,523.46,0,0,0
NACC004743,1.286,4,1.148,599.81,0,0,0
NACC004744,4.476,5,1.494,606.39,0,0,0
NACC004745,0.872,1,1.137,410.75,0,0,0
NACC004746,3.227,3,0.837,390.66,0,0,0
NACC004747,3.848,1,1.008,286.25,0,0,0
NACC004748,1.7,1,0.968,695.11,0,0,0
NACC004749,0.947,3,0.914,513.51,0,0,0
NACC004750,0.625,2,0.752,674.16,0,0,0
NACC004751,1.03,5,1.304,158.0,0,0,0
NACC004752,2.082,1,0.738,213.68,0,0,0
NACC004753,1.688,5,1.394,171.96,0,0,0
NACC004754,0.697,2,1.362,231.23,0,0,0
NACC004755,5.242,5,0.787,317.5,0,0,0
NACC004756,4.091,2,0.85,228.48,0,0,0
NACC004757,2.136,3,0.727,201.78,0,0,0
NACC004758,2.292,4,0.733,437.81,0,0,0
NACC004759,6.139,3,0.85,159.87,0,0,0
NACC004760,2.468,2,0.694,160.92,0,0,0
NACC004761,4.155,2,1.44,377.01,0,0,0
NACC004762,1.924,3,1.233,950.53,0,0,0
NACC004763,1.76,1,1.264,276.63,0,0,0
NACC004764,1.691,5,0.89,330.61,0,0,0
NACC004765,0.346,3,1.455,737.93,0,0,0
NACC004766,1.144,1,1.028,191.05,0,0,0
NACC004767,2.78,5,0.857,546.47,0,0,0
NACC004768,2.084,5,1.073,335.73,0,0,0
NACC004769,2.207,5,0.656,880.06,0,0,0
NACC004770,3.418,4,0.811,211.84,0,0,0
NACC004771,3.096,3,1.406,637.99,0,0,0
NACC004772,6.202,3,0.888,229.62,0,0,0
NACC004773,2.037,4,1.293,373.94,0,0,0
NACC004774,1.989,5,1.0,334.61,0,0,0
NACC004775,0.454,4,0.69,203.83,0,0,0
NACC004776,1.019,1,1.256,322.57,0,0,0
NACC004777,0.367,3,0.76,346.5,0,0,0
NACC004778,0.495,4,1.475,398.22,0,0,0
NACC004779,1.075,1,0.81,354.25,0,0,0
NACC004780,1.786,3,1.379,525.47,0,0,0
NACC004781,3.798,2,0.725,508.89,0,0,0
NACC004782,0.974,5,1.159,1023.6,0,0,0
NACC004783,1.574,1,1.485,231.67,0,0,0
NACC004784,4.365,5,0.803,228.82,0,0,0
NACC004785,0.319,1,0.648,395.77,0,0,0
NACC004786,0.318,2,1.093,487.02,0,0,0
NACC004787,0.433,5,0.829,765.68,0,0,0
NACC004788,2.149,5,0.816,242.45,0,0,0
NACC004789,2.37,4,1.33,582.78,0,0,0
NACC004790,2.854,3,0.847,501.78,0,0,0
NACC004791,0.189,2,0.667,474.62,0,0,0
NACC004792,2.065,5,1.151,248.06,0,0,0
NACC004793,1.434,2,1.257,212.41,0,0,0
NACC004794,1.76,5,0.703,527.01,0,0,0
NACC004795,2.098,5,0.844,238.5,0,0,0
NACC004796,0.549,3,1.082,409.63,0,0,0
NACC004797,1.977,3,1.231,876.57,0,0,0
NACC004798,2.774,2,1.366,474.21,0,0,0
NACC004799,0.574,3,0.673,135.29,0,0,0
NACC004800,3.751,3,1.394,274.06,0,0,0
NACC004801,1.396,5,0.882,550.77,0,0,0
NACC004802,5.496,5,0.818,179.27,0,0,0
NACC004803,7.096,4,1.229,1022.29,0,0,0
NACC004804,6.991,3,1.407,617.99,0,0,0
NACC004805,0.529,3,0.927,880.29,0,0,0
NACC004806,4.086,1,1.319,567.15,0,0,0
NACC004807,2.319,4,1.367,833.71,0,0,0
NACC004808,0.969,2,1.124,529.02,0,0,0
NACC004809,3.85,4,0.72,572.3,0,0,0
NACC004810,1.689,2,0.62,177.92,0,0,0
NACC004811,1.851,3,1.428,305.69,0,0,0
NACC004812,0.873,3,0.78,179.04,0,0,0
NACC004813,3.648,1,1.137,649.28,0,0,0
NACC004814,1.819,4,0.638,341.71,0,0,0
NACC004815,0.893,4,1.366,612.54,0,0,0
NACC004816,0.336,2,0.9,484.27,0,0,0
NACC004817,3.016,4,0.955,829.48,0,0,0
NACC004818,2.244,3,0.797,370.36,0,0,0
NACC004819,1.877,2,0.982,304.42,0,0,0
NACC004820,4.822,4,1.206,524.29,0,0,0
NACC004821,6.71,3,1.157,358.73,0,0,0
NACC004822,1.774,2,0.896,474.31,0,0,0
NACC004823,4.021,3,0.634,165.08,0,0,0
NACC004824,1.018,3,1.162,446.96,0,0,0
NACC004825,2.087,4,0.758,287.4,0,0,0
NACC004826,3.893,5,1.2,413.83,0,0,0
NACC004827,3.009,3,0.909,291.8,0,0,0
NACC004828,3.858,1,0.821,678.27,0,0,0
NACC004829,1.121,4,0.981,426.55,0,0,0
NACC004830,1.266,1,0.901,263.93,0,0,0
NACC004831,2.912,3,1.171,307.9,0,0,0
NACC004832,3.343,2,0.763,632.63,0,0,0
NACC004833,0.485,1,0.97,704.99,0,0,0
NACC004834,3.127,4,1.499,265.8,0,0,0
NACC004835,3.116,5,1.164,490.96,0,0,0
NACC004836,1.571,3,1.082,472.44,0,0,0
NACC004837,3.591,3,1.38,483.45,0,0,0
NACC004838,1.871,2,1.316,327.73,0,0,0
NACC004839,3.927,1,1.199,295.26,0,0,0
NACC004840,3.224,3,1.452,1115.55,0,0,0
NACC004841,1.21,1,1.198,727.64,0,0,0
NACC004842,3.519,5,1.433,429.34,0,0,0
NACC004843,1.167,1,1.342,662.32,0,0,0
NACC004844,1.008,1,1.255,462.56,0,0,0
NACC004845,2.82,4,0.736,607.82,0,0,0
NACC004846,3.154,4,0.769,430.5,0,0,0
NACC004847,6.054,2,0.687,331.18,0,0,0
NACC004848,3.284,3,1.126,723.0,0,0,0
NACC004849,1.646,4,1.236,185.73,0,0,0
NACC004850,2.393,2,1.076,555.93,0,0,0
NACC004851,1.323,2,1.349,724.72,0,0,0
NACC004852,2.189,5,0.7,463.91,0,0,0
NACC004853,1.113,1,0.942,200.04,0,0,0
NACC004854,0.573,2,1.444,211.28,0,0,0
NACC004855,2.762,2,1.263,386.43,0,0,0
NACC004856,1.389,4,1.219,299.46,0,0,0
NACC004857,0.947,2,1.335,513.68,0,0,0
NACC004858,1.072,4,0.813,1069.92,0,0,0
NACC004859,3.737,5,0.606,220.86,0,0,0
NACC004860,2.379,2,0.842,669.19,0,0,0
NACC004861,4.191,5,0.991,215.67,0,0,0
NACC004862,0.26,5,1.015,747.15,0,0,0
NACC004863,1.087,3,0.963,732.3,0,0,0
NACC004864,1.307,4,1.064,568.0,0,0,0
NACC004865,2.083,2,1.37,561.03,0,0,0
NACC004866,2.914,5,1.176,675.05,0,0,0
NACC004867,1.385,2,1.112,438.17,0,0,0
NACC004868,2.202,4,0.765,292.31,0,0,0
NACC004869,2.831,3,0.937,215.98,0,0,0
NACC004870,0.766,2,1.094,388.59,0,0,0
NACC004871,0.441,3,0.702,373.28,0,0,0
NACC004872,1.661,5,1.454,331.01,0,0,0
NACC004873,1.815,4,1.216,435.95,0,0,0
NACC004874,1.026,5,0.921,330.43,0,0,0
NACC004875,2.361,2,1.414,474.71,0,0,0
NACC004876,1.012,1,0.758,246.88,0,0,0
NACC004877,3.133,1,1.297,325.68,0,0,0
NACC004878,0.094,4,1.175,741.72,0,0,0
NACC004879,2.821,4,1.488,471.94,0,0,0
NACC004880,3.114,1,0.999,335.93,0,0,0
NACC004881,3.958,4,0.816,601.49,0,0,0
NACC004882,1.68,1,1.306,390.08,0,0,0
NACC004883,1.959,5,1.414,388.63,0,0,0
NACC004884,5.147,4,1.098,463.16,0,0,0
NACC004885,2.765,2,1.367,537.82,0,0,0
NACC004886,0.886,4,1.063,705.31,0,0,0
NACC004887,1.817,4,1.003,465.75,0,0,0
NACC004888,2.506,5,1.203,579.36,0,0,0
NACC004889,1.433,1,0.998,295.82,0,0,0
NACC004890,2.192,1,1.472,438.08,0,0,0
NACC004891,3.102,4,1.431,160.34,0,0,0
NACC004892,3.623,5,0.857,372.38,0,0,0
NACC004893,2.38,4,1.301,404.05,0,0,0
NACC004894,3.329,5,0.87,427.76,0,0,0
NACC004895,4.532,3,0.784,160.18,0,0,0
NACC004896,4.826,2,1.214,713.6,0,0,0
NACC004897,0.378,2,0.766,508.35,0,0,0
NACC004898,1.604,3,0.924,240.77,0,0,0
NACC004899,4.12,5,0.988,884.64,0,0,0
NACC004900,1.06,4,0.785,888.67,0,0,0
NACC004901,2.657,5,1.264,505.31,0,0,0
NACC004902,2.008,4,1.292,541.86,0,0,0
NACC004903,0.457,3,0.874,724.3,0,0,0
NACC004904,0.264,2,1.12,263.79,0,0,0
NACC004905,1.755,2,1.063,249.78,0,0,0
NACC004906,2.618,4,1.358,301.95,0,0,0
NACC004907,0.712,1,1.215,362.83,0,0,0
NACC004908,2.563,2,0.665,183.71,0,0,0
NACC004909,4.891,5,0.934,316.02,0,0,0
NACC004910,0.589,5,0.747,416.46,0,0,0
NACC004911,2.133,3,1.252,784.1,0,0,0
NACC004912,1.791,5,1.143,581.5,0,0,0
NACC004913,2.146,2,1.116,248.88,0,0,0
NACC004914,0.545,5,0.605,374.61,0,0,0
NACC004915,3.083,2,1.032,595.24,0,0,0
NACC004916,1.805,4,1.319,290.51,0,0,0
NACC004917,4.832,5,0.613,477.17,0,0,0
NACC004918,0.853,5,1.04,904.67,0,0,0
NACC004919,0.904,3,1.4,315.79,0,0,0
NACC004920,1.506,3,1.41,453.41,0,0,0
NACC004921,0.85,2,1.003,329.32,0,0,0
NACC004922,1.28,3,1.041,430.16,0,0,0
NACC004923,1.363,5,0.936,386.83,0,0,0
NACC004924,1.664,4,0.752,918.99,0,0,0
NACC004925,2.408,1,0.662,741.39,0,0,0
NACC004926,2.464,5,1.464,189.99,0,0,0
NACC004927,2.584,1,0.982,742.71,0,0,0
NACC004928,2.604,1,0.87,412.49,0,0,0
NACC004929,1.469,1,1.32,528.01,0,0,0
NACC004930,1.139,1,1.372,557.26,0,0,0
NACC004931,3.308,3,1.405,385.24,0,0,0
NACC004932,0.783,3,1.324,810.0,0,0,0
NACC004933,3.207,3,0.896,398.11,0,0,0
NACC004934,2.943,2,1.033,597.78,0,0,0
NACC004935,2.096,3,1.028,515.18,0,0,0
NACC004936,0.913,4,1.363,360.98,0,0,0
NACC004937,0.169,1,0.939,237.07,0,0,0
NACC004938,0.587,5,0.646,436.27,0,0,0
NACC004939,2.779,3,0.983,455.0,0,0,0
NACC004940,1.819,4,1.218,719.46,0,0,0
NACC004941,3.634,2,1.291,855.31,0,0,0
NACC004942,3.152,4,1.057,454.38,0,0,0
NACC004943,1.638,5,0.967,1021.57,0,0,0
NACC004944,5.147,4,1.089,548.41,0,0,0
NACC004945,0.507,2,1.434,519.79,0,0,0
NACC004946,1.77,1,0.933,815.28,0,0,0
NACC004947,4.602,1,0.999,252.59,0,0,0
NACC004948,3.622,4,0.803,463.81,0,0,0
NACC004949,0.477,4,0.659,569.86,0,0,0
NACC004950,0.957,3,1.193,739.3,0,0,0
NACC004951,1.184,2,1.378,527.26,0,0,0
NACC004952,0.503,5,1.431,175.48,0,0,0
NACC004953,3.133,3,1.43,494.46,0,0,0
NACC004954,3.2,1,1.33,674.46,0,0,0
NACC004955,0.291,1,1.132,790.84,0,0,0
NACC004956,2.987,3,1.024,373.6,0,0,0
NACC004957,2.238,3,1.41,588.02,0,0,0
NACC004958,2.557,5,0.602,431.26,0,0,0
NACC004959,1.403,1,1.16,779.41,0,0,0
NACC004960,3.179,1,1.478,318.09,0,0,0
NACC004961,1.164,2,0.887,229.32,0,0,0
NACC004962,1.463,4,0.81,549.9,0,0,0
NACC004963,6.088,1,1.276,187.14,0,0,0
NACC004964,4.701,3,1.258,404.74,0,0,0
NACC004965,0.693,1,1.176,181.5,0,0,0
NACC004966,7.445,2,1.117,487.92,0,0,0
NACC004967,2.123,5,0.781,439.2,0,0,0
NACC004968,0.552,4,1.236,871.07,0,0,0
NACC004969,2.184,1,0.623,674.87,0,0,0
NACC004970,1.155,4,0.654,1114.24,0,0,0
NACC004971,1.623,1,0.865,406.65,0,0,0
NACC004972,6.908,1,0.926,269.99,0,0,0
NACC004973,2.27,4,1.147,302.06,0,0,0
NACC004974,6.135,3,0.939,856.91,0,0,0
NACC004975,2.173,5,1.039,327.2,0,0,0
NACC004976,1.031,2,0.782,620.37,0,0,0
NACC004977,0.291,3,0.927,574.24,0,0,0
NACC004978,2.783,1,1.042,821.41,0,0,0
NACC004979,2.361,4,1.346,399.76,0,0,0
NACC004980,4.074,3,1.205,364.33,0,0,0
NACC004981,5.205,5,1.31,497.66,0,0,0
NACC004982,0.7,5,0.715,283.06,0,0,0
NACC004983,0.982,2,1.343,135.53,0,0,0
NACC004984,0.834,2,1.149,320.36,0,0,0
NACC004985,4.483,4,0.94,747.62,0,0,0
NACC004986,2.113,2,0.667,1198.15,0,0,0
NACC004987,1.828,3,0.8,324.6,0,0,0
NACC004988,1.981,2,0.986,143.82,0,0,0
NACC004989,0.872,1,1.162,388.95,0,0,0
NACC004990,5.486,1,1.383,177.26,0,0,0
NACC004991,5.363,3,0.86,295.77,0,0,0
NACC004992,1.848,5,0.827,482.34,0,0,0
NACC004993,2.187,3,1.195,451.09,0,0,0
NACC004994,2.541,4,1.218,273.43,0,0,0
NACC004995,10.329,1,1.287,830.07,0,0,0
NACC004996,1.953,5,1.247,395.62,0,0,0
NACC004997,1.682,4,0.694,284.18,0,0,0
NACC004998,3.368,4,0.863,442.52,0,0,0
NACC004999,1.293,2,0.735,719.71,0,0,0
NACC005000,0.7,5,1.343,310.67,0,0,0
NACC005001,2.512,1,1.231,593.31,0,0,0
NACC005002,0.28,2,1.366,407.05,0,0,0
NACC005003,3.919,5,0.77,271.2,0,0,0
NACC005004,0.825,3,1.365,506.59,0,0,0
NACC005005,3.613,4,1.149,327.35,0,0,0
NACC005006,2.084,2,0.906,810.45,0,0,0
NACC005007,1.308,4,1.052,967.29,0,0,0
NACC005008,1.233,2,1.4,374.41,0,0,0
NACC005009,4.558,2,0.652,454.69,0,0,0
NACC005010,1.582,5,1.452,422.87,0,0,0
NACC005011,6.094,4,1.485,420.39,0,0,0
NACC005012,1.142,5,0.6,246.12,0,0,0
NACC005013,3.317,1,0.827,100.43,0,0,0
NACC005014,0.53,5,1.149,1426.41,0,0,0
NACC005015,2.483,5,1.318,392.47,0,0,0
NACC005016,3.316,2,1.382,296.03,0,0,0
NACC005017,3.206,3,1.248,410.7,0,0,0
NACC005018,0.589,5,0.812,693.05,0,0,0
NACC005019,0.603,4,0.775,497.14,0,0,0
NACC005020,0.657,1,0.743,379.08,0,0,0
NACC005021,0.297,3,1.027,632.59,0,0,0
NACC005022,0.664,4,0.759,660.52,0,0,0
NACC005023,1.038,3,1.394,502.73,0,0,0
NACC005024,8.384,5,1.457,252.23,0,0,0
NACC005025,5.342,4,0.681,739.27,0,0,0
NACC005026,0.61,1,1.182,915.65,0,0,0
NACC005027,5.142,5,1.319,328.6,0,0,0
NACC005028,1.452,3,0.706,940.43,0,0,0
NACC005029,1.305,5,1.337,365.33,0,0,0
NACC005030,1.771,4,1.091,91.53,0,0,0
NACC005031,2.915,1,0.642,622.79,0,0,0
NACC005032,0.243,1,0.679,232.53,0,0,0
NACC005033,2.017,1,0.696,938.35,0,0,0
NACC005034,5.722,3,0.745,438.63,0,0,0
NACC005035,1.108,5,0.981,388.89,0,0,0
NACC005036,1.822,5,0.861,344.52,0,0,0
NACC005037,1.822,3,1.497,540.13,0,0,0
NACC005038,1.833,4,0.913,476.83,0,0,0
NACC005039,1.808,1,0.997,413.32,0,0,0
NACC005040,3.951,4,0.682,343.71,0,0,0
NACC005041,1.139,5,1.154,339.96,0,0,0
NACC005042,1.224,4,0.709,740.71,0,0,0
NACC005043,0.15,2,1.279,409.28,0,0,0
NACC005044,1.778,5,1.041,329.9,0,0,0
NACC005045,2.44,1,1.466,536.19,0,0,0
NACC005046,0.841,1,0.828,752.5,0,0,0
NACC005047,2.723,4,1.315,267.46,0,0,0
NACC005048,2.005,4,0.674,423.72,0,0,0
NACC005049,0.522,3,1.177,398.88,0,0,0
NACC005050,1.88,2,0.682,639.44,0,0,0
NACC005051,0.889,4,1.081,368.77,0,0,0
NACC005052,1.347,4,1.108,484.66,0,0,0
NACC005053,2.401,4,1.222,537.72,0,0,0
NACC005054,1.565,3,1.275,492.38,0,0,0
NACC005055,4.675,5,0.992,235.31,0,0,0
NACC005056,2.138,4,1.232,453.87,0,0,0
NACC005057,0.125,1,1.041,325.58,0,0,0
NACC005058,2.175,1,0.736,262.22,0,0,0
NACC005059,1.602,2,0.949,631.02,0,0,0
NACC005060,6.877,5,0.71,549.84,0,0,0
NACC005061,4.204,3,1.031,128.26,0,0,0
NACC005062,6.022,5,0.911,630.89,0,0,0
NACC005063,5.338,3,0.644,619.26,0,0,0
NACC005064,5.521,4,1.075,542.43,0,0,0
NACC005065,1.761,5,0.915,342.07,0,0,0
NACC005066,7.018,1,1.192,866.92,0,0,0
NACC005067,1.161,3,1.454,246.49,0,0,0
NACC005068,3.843,2,1.225,490.51,0,0,0
NACC005069,1.405,2,0.986,411.56,0,0,0
NACC005070,4.161,3,0.838,139.02,0,0,0
NACC005071,7.528,5,1.49,542.66,0,0,0
NACC005072,2.042,2,0.712,522.99,0,0,0
NACC005073,7.047,1,0.952,281.33,0,0,0
NACC005074,3.651,5,0.652,1007.95,0,0,0
NACC005075,0.828,4,0.602,320.43,0,0,0
NACC005076,3.519,3,1.426,192.23,0,0,0
NACC005077,5.068,5,1.002,821.68,0,0,0
NACC005078,3.619,5,0.831,298.56,0,0,0
NACC005079,5.228,3,1.449,382.36,0,0,0
NACC005080,2.852,2,1.297,329.44,0,0,0
NACC005081,3.137,4,0.679,371.23,0,0,0
NACC005082,2.209,4,1.065,427.92,0,0,0
NACC005083,1.462,4,1.388,629.9,0,0,0
NACC005084,4.895,5,0.787,421.61,0,0,0
NACC005085,1.367,2,0.651,276.22,0,0,0
NACC005086,0.541,5,1.264,243.55,0,0,0
NACC005087,2.147,1,0.612,477.09,0,0,0
NACC005088,0.958,3,0.866,453.39,0,0,0
NACC005089,1.328,5,1.108,504.54,0,0,0
NACC005090,5.794,3,1.355,485.67,0,0,0
NACC005091,4.042,4,0.927,839.01,0,0,0
NACC005092,1.283,5,1.268,584.23,0,0,0
NACC005093,3.027,1,1.478,395.26,0,0,0
NACC005094,7.763,4,1.454,149.61,0,0,0
NACC005095,2.001,3,0.699,819.82,0,0,0
NACC005096,4.295,4,1.286,477.2,0,0,0
NACC005097,2.881,5,0.65,360.16,0,0,0
NACC005098,6.467,2,0.613,567.58,0,0,0
NACC005099,1.525,2,1.021,429.44,0,0,0
NACC005100,1.302,2,0.634,323.2,0,0,0
NACC005101,1.795,5,1.031,403.48,0,0,0
NACC005102,4.954,4,1.223,611.69,0,0,0
NACC005103,4.399,2,0.743,418.08,0,0,0
NACC005104,1.067,1,0.813,230.64,0,0,0
NACC005105,4.248,1,0.728,809.87,0,0,0
NACC005106,2.452,2,0.682,287.96,0,0,0
NACC005107,1.236,3,0.998,842.47,0,0,0
NACC005108,2.555,4,0.828,228.57,0,0,0
NACC005109,0.499,5,1.369,248.12,0,0,0
NACC005110,1.765,1,1.184,660.17,0,0,0
NACC005111,2.222,4,1.07,864.57,0,0,0
NACC005112,0.055,5,0.987,307.28,0,0,0
NACC005113,0.706,1,1.019,472.18,0,0,0
NACC005114,1.006,5,0.728,380.46,0,0,0
NACC005115,3.504,1,1.273,610.24,0,0,0
NACC005116,3.62,1,1.236,465.59,0,0,0
NACC005117,2.371,1,1.486,420.04,0,0,0
NACC005118,1.071,4,1.191,432.51,0,0,0
NACC005119,1.847,1,0.675,309.3,0,0,0
NACC005120,0.893,2,1.03,310.52,0,0,0
NACC005121,2.959,5,1.495,294.9,0,0,0
NACC005122,0.661,3,0.693,187.28,0,0,0
NACC005123,1.011,3,1.144,298.92,0,0,0
NACC005124,0.524,4,1.21,799.24,0,0,0
NACC005125,1.611,4,1.153,299.55,0,0,0
NACC005126,1.805,2,1.39,492.41,0,0,0
NACC005127,1.98,5,1.419,311.87,0,0,0
NACC005128,2.65,1,1.421,496.57,0,0,0
NACC005129,1.455,5,1.204,472.12,0,0,0
NACC005130,4.448,2,0.771,810.48,0,0,0
NACC005131,6.531,1,1.214,374.57,0,0,0
NACC005132,1.54,4,0.808,1368.2,0,0,0
NACC005133,4.842,3,1.285,318.4,0,0,0
NACC005134,1.739,3,1.176,301.78,0,0,0
NACC005135,6.084,3,1.49,694.52,0,0,0
NACC005136,2.475,5,1.381,728.38,0,0,0
NACC005137,1.326,1,1.118,663.96,0,0,0
NACC005138,0.825,3,0.829,566.34,0,0,0
NACC005139,0.779,3,0.671,603.76,0,0,0
NACC005140,4.765,5,1.046,509.15,0,0,0
NACC005141,4.026,2,0.913,896.43,0,0,0
NACC005142,5.795,3,1.427,226.04,0,0,0
NACC005143,0.182,1,1.351,341.32,0,0,0
NACC005144,2.059,5,1.374,285.37,0,0,0
NACC005145,3.427,2,1.307,423.94,0,0,0
NACC005146,3.74,2,1.169,137.07,0,0,0
NACC005147,3.741,5,0.89,517.65,0,0,0
NACC005148,2.439,5,1.223,574.09,0,0,0
NACC005149,1.022,2,0.883,337.43,0,0,0
NACC005150,2.414,5,0.785,484.39,0,0,0
NACC005151,1.262,4,1.306,287.83,0,0,0
NACC005152,2.311,5,1.042,529.18,0,0,0
NACC005153,6.164,1,1.383,74.18,0,0,0
NACC005154,1.306,3,1.358,676.66,0,0,0
NACC005155,1.835,4,0.864,551.27,0,0,0
NACC005156,3.456,4,1.363,364.25,0,0,0
NACC005157,1.866,3,1.49,455.72,0,0,0
NACC005158,2.65,3,0.891,765.79,0,0,0
NACC005159,1.318,1,0.951,240.74,0,0,0
NACC005160,1.844,5,1.42,299.77,0,0,0
NACC005161,1.693,2,1.101,660.6,0,0,0
NACC005162,0.415,5,1.345,569.02,0,0,0
NACC005163,3.998,5,1.288,657.86,0,0,0
NACC005164,5.087,3,1.495,183.76,0,0,0
NACC005165,0.698,5,1.342,243.06,0,0,0
NACC005166,2.734,5,1.014,654.97,0,0,0
NACC005167,2.295,3,1.452,41.21,0,0,0
NACC005168,0.114,2,0.785,491.91,0,0,0
NACC005169,1.76,3,1.234,1213.34,0,0,0
NACC005170,1.496,1,1.346,941.71,0,0,0
NACC005171,4.614,4,1.019,403.96,0,0,0
NACC005172,0.165,2,0.887,624.26,0,0,0
NACC005173,2.652,5,0.746,743.71,0,0,0
NACC005174,0.794,5,1.303,1094.48,0,0,0
NACC005175,1.878,3,1.05,132.95,0,0,0
NACC005176,6.116,4,1.017,232.91,0,0,0
NACC005177,3.506,3,1.459,469.21,0,0,0
NACC005178,3.007,4,0.787,807.22,0,0,0
NACC005179,2.267,5,1.148,357.01,0,0,0
NACC005180,3.023,5,0.979,386.63,0,0,0
NACC005181,3.296,4,1.05,297.66,0,0,0
NACC005182,4.925,2,0.813,627.75,0,0,0
NACC005183,1.258,1,0.695,236.36,0,0,0
NACC005184,0.828,4,1.35,248.06,0,0,0
NACC005185,1.496,1,1.125,868.7,0,0,0
NACC005186,3.399,5,0.85,584.67,0,0,0
NACC005187,2.762,5,1.396,643.3,0,0,0
NACC005188,2.439,3,0.716,1064.88,0,0,0
NACC005189,4.757,4,1.454,671.12,0,0,0
NACC005190,5.59,3,1.192,878.54,0,0,0
NACC005191,1.058,3,0.712,600.92,0,0,0
NACC005192,4.385,5,0.648,603.98,0,0,0
NACC005193,1.229,2,0.962,150.6,0,0,0
NACC005194,4.59,5,0.675,458.03,0,0,0
NACC005195,2.203,2,1.343,468.65,0,0,0
NACC005196,1.092,3,1.219,130.21,0,0,0
NACC005197,2.336,1,1.413,352.01,0,0,0
NACC005198,0.533,5,1.051,365.99,0,0,0
NACC005199,1.129,1,1.128,444.66,0,0,0
NACC005200,4.147,3,0.944,992.81,0,0,0
NACC005201,2.858,1,0.829,801.59,0,0,0
NACC005202,1.792,5,1.011,643.07,0,0,0
NACC005203,2.563,4,1.299,569.02,0,0,0
NACC005204,1.054,2,0.812,179.32,0,0,0
NACC005205,3.63,4,1.247,531.56,0,0,0
NACC005206,1.258,1,0.637,626.71,0,0,0
NACC005207,10.629,4,1.31,240.12,0,0,0
NACC005208,2.825,1,0.907,273.13,0,0,0
NACC005209,4.053,5,1.455,548.79,0,0,0
NACC005210,0.268,2,1.349,128.61,0,0,0
NACC005211,0.749,4,0.681,85.57,0,0,0
NACC005212,5.741,5,0.942,355.14,0,0,0
NACC005213,1.83,3,1.34,705.45,0,0,0
NACC005214,1.184,2,0.781,322.67,0,0,0
NACC005215,0.481,1,0.983,310.4,0,0,0
NACC005216,2.24,5,0.835,337.63,0,0,0
NACC005217,0.608,3,0.667,558.67,0,0,0
NACC005218,1.153,4,0.965,145.85,0,0,0
NACC005219,2.218,3,1.441,135.41,0,0,0
NACC005220,2.364,1,1.349,567.43,0,0,0
NACC005221,1.224,2,0.896,523.06,0,0,0
NACC005222,4.24,3,1.499,842.24,0,0,0
NACC005223,10.697,2,1.184,823.61,0,0,0
NACC005224,5.709,3,1.202,736.85,0,0,0
NACC005225,3.246,4,0.958,149.07,0,0,0
NACC005226,5.521,5,1.315,509.74,0,0,0
NACC005227,1.775,5,1.09,578.39,0,0,0
NACC005228,0.794,2,0.909,329.45,0,0,0
NACC005229,1.059,1,1.214,962.69,0,0,0
NACC005230,3.953,5,0.898,596.58,0,0,0
NACC005231,1.277,4,0.927,102.4,0,0,0
NACC005232,2.86,5,1.332,227.89,0,0,0
NACC005233,5.937,5,1.411,522.53,0,0,0
NACC005234,2.258,2,1.104,256.54,0,0,0
NACC005235,0.296,3,1.465,527.77,0,0,0
NACC005236,1.2,2,0.876,912.86,0,0,0
NACC005237,3.646,3,1.202,246.17,0,0,0
NACC005238,3.316,3,0.651,202.21,0,0,0
NACC005239,3.829,2,0.683,820.54,0,0,0
NACC005240,1.497,5,0.619,319.23,0,0,0
NACC005241,1.438,3,0.744,248.03,0,0,0
NACC005242,2.867,5,1.276,437.43,0,0,0
NACC005243,5.1,2,1.17,1057.58,0,0,0
NACC005244,1.133,3,1.335,580.33,0,0,0
NACC005245,0.845,1,0.606,585.8,0,0,0
NACC005246,0.581,5,0.699,378.37,0,0,0
NACC005247,3.264,2,0.901,419.2,0,0,0
NACC005248,5.251,5,0.807,318.36,0,0,0
NACC005249,3.601,1,1.102,514.79,0,0,0
NACC005250,0.891,5,0.654,216.65,0,0,0
NACC005251,0.632,5,1.103,508.45,0,0,0
NACC005252,1.558,3,1.336,1241.5,0,0,0
NACC005253,0.828,3,1.092,458.86,0,0,0
NACC005254,1.402,5,0.956,430.63,0,0,0
NACC005255,2.295,1,1.479,642.9,0,0,0
NACC005256,0.722,3,1.355,333.55,0,0,0
NACC005257,1.203,4,0.848,324.5,0,0,0
NACC005258,0.507,5,0.977,292.88,0,0,0
NACC005259,2.085,4,0.69,412.37,0,0,0
NACC005260,1.641,3,0.783,163.66,0,0,0
NACC005261,0.782,4,1.361,294.62,0,0,0
NACC005262,0.495,4,0.892,767.82,0,0,0
NACC005263,2.386,5,0.883,356.34,0,0,0
NACC005264,2.064,2,0.701,229.09,0,0,0
NACC005265,1.017,4,1.386,212.23,0,0,0
NACC005266,0.503,4,0.678,295.65,0,0,0
NACC005267,0.325,5,1.236,588.56,0,0,0
NACC005268,2.056,3,0.66,214.86,0,0,0
NACC005269,1.273,1,0.96,861.1,0,0,0
NACC005270,2.458,5,0.773,380.42,0,0,0
NACC005271,1.042,2,1.189,389.54,0,0,0
NACC005272,3.226,2,1.255,273.46,0,0,0
NACC005273,0.72,4,0.603,369.86,0,0,0
NACC005274,3.149,5,1.04,452.79,0,0,0
NACC005275,1.267,1,0.777,708.04,0,0,0
NACC005276,2.63,4,0.608,570.68,0,0,0
NACC005277,0.314,4,0.866,329.5,0,0,0
NACC005278,2.991,2,0.842,992.02,0,0,0
NACC005279,1.102,2,1.215,819.84,0,0,0
NACC005280,2.792,1,1.479,432.62,0,0,0
NACC005281,1.255,3,0.977,782.98,0,0,0
NACC005282,3.275,4,1.061,457.95,0,0,0
NACC005283,3.324,5,1.047,148.96,0,0,0
NACC005284,1.719,5,1.361,471.25,0,0,0
NACC005285,0.646,1,0.744,720.27,0,0,0
NACC005286,4.105,3,0.908,535.55,0,0,0
NACC005287,1.468,1,1.391,984.46,0,0,0
NACC005288,4.624,3,1.34,858.25,0,0,0
NACC005289,2.513,5,1.407,590.16,0,0,0
NACC005290,0.704,3,0.61,829.59,0,0,0
NACC005291,1.033,3,1.454,75.63,0,0,0
NACC005292,1.657,3,1.429,261.23,0,0,0
NACC005293,4.278,1,0.882,453.44,0,0,0
NACC005294,2.359,5,1.189,458.91,0,0,0
NACC005295,0.795,4,0.901,787.82,0,0,0
NACC005296,1.137,4,1.028,234.38,0,0,0
NACC005297,2.283,5,0.707,1060.15,0,0,0
NACC005298,2.712,3,1.378,636.14,0,0,0
NACC005299,1.96,5,1.324,635.64,0,0,0
NACC005300,1.145,3,1.065,324.16,0,0,0
NACC005301,3.685,2,0.819,777.07,0,0,0
NACC005302,3.192,1,1.479,115.59,0,0,0
NACC005303,1.682,3,1.298,256.49,0,0,0
NACC005304,2.563,1,1.35,732.31,0,0,0
NACC005305,2.995,4,0.758,644.03,0,0,0
NACC005306,0.796,3,1.311,429.42,0,0,0
NACC005307,3.249,3,1.428,636.18,0,0,0
NACC005308,1.386,2,1.163,609.91,0,0,0
NACC005309,2.378,2,0.609,728.97,0,0,0
NACC005310,2.43,4,0.964,500.64,0,0,0
NACC005311,2.765,1,0.645,127.36,0,0,0
NACC005312,5.884,3,0.851,631.64,0,0,0
NACC005313,2.714,2,1.078,442.13,0,0,0
NACC005314,3.049,1,1.169,342.23,0,0,0
NACC005315,1.295,5,0.84,315.73,0,0,0
NACC005316,1.998,4,1.345,392.64,0,0,0
NACC005317,3.563,5,0.918,508.72,0,0,0
NACC005318,0.469,2,1.497,397.94,0,0,0
NACC005319,2.344,2,0.898,484.97,0,0,0
NACC005320,0.383,4,1.42,420.23,0,0,0
NACC005321,2.518,3,1.166,182.96,0,0,0
NACC005322,1.083,3,1.173,242.41,0,0,0
NACC005323,4.193,3,0.857,680.63,0,0,0
NACC005324,2.515,2,0.755,604.57,0,0,0
NACC005325,7.163,5,1.11,373.02,0,0,0
NACC005326,8.897,4,1.462,669.07,0,0,0
NACC005327,1.397,2,0.814,250.83,0,0,0
NACC005328,1.259,2,0.62,424.85,0,0,0
NACC005329,1.361,1,1.415,479.55,0,0,0
NACC005330,1.134,2,1.321,277.42,0,0,0
NACC005331,0.441,3,1.469,339.5,0,0,0
NACC005332,2.187,3,0.912,272.76,0,0,0
NACC005333,0.394,2,1.477,214.24,0,0,0
NACC005334,3.965,3,0.992,416.57,0,0,0
NACC005335,1.552,5,1.354,61.94,0,0,0
NACC005336,4.318,2,1.487,377.77,0,0,0
NACC005337,3.881,4,1.079,970.18,0,0,0
NACC005338,3.243,1,1.253,1030.19,0,0,0
NACC005339,1.601,4,0.698,757.74,0,0,0
NACC005340,2.623,1,1.421,724.95,0,0,0
NACC005341,4.724,1,0.879,317.66,0,0,0
NACC005342,0.955,3,1.253,214.11,0,0,0
NACC005343,1.6,5,1.394,949.47,0,0,0
NACC005344,1.727,2,1.151,1042.42,0,0,0
NACC005345,4.468,5,0.917,144.55,0,0,0
NACC005346,1.452,1,1.363,300.12,0,0,0
NACC005347,4.262,1,1.151,511.56,0,0,0
NACC005348,3.557,2,1.451,1172.48,0,0,0
NACC005349,1.856,1,1.172,428.37,0,0,0
NACC005350,0.79,3,1.474,541.8,0,0,0
NACC005351,2.548,1,1.439,822.77,0,0,0
NACC005352,0.89,2,0.699,341.67,0,0,0
NACC005353,1.945,4,1.2,389.18,0,0,0
NACC005354,2.254,5,1.013,309.75,0,0,0
NACC005355,1.556,3,1.129,185.56,0,0,0
NACC005356,2.545,5,0.981,610.02,0,0,0
NACC005357,0.752,4,1.04,480.14,0,0,0
NACC005358,9.279,5,1.21,291.55,0,0,0
NACC005359,1.031,1,1.277,191.05,0,0,0
NACC005360,0.433,4,0.716,757.61,0,0,0
NACC005361,3.732,3,0.684,527.59,0,0,0
NACC005362,0.538,3,1.385,290.95,0,0,0
NACC005363,5.587,3,0.611,812.56,0,0,0
NACC005364,2.963,5,0.801,765.58,0,0,0
NACC005365,2.296,4,0.694,148.04,0,0,0
NACC005366,1.257,2,1.055,659.68,0,0,0
NACC005367,1.4,3,0.814,142.99,0,0,0
NACC005368,0.889,2,1.045,312.56,0,0,0
NACC005369,5.542,5,1.354,244.31,0,0,0
NACC005370,5.699,3,1.201,712.51,0,0,0
NACC005371,3.698,2,1.006,528.31,0,0,0
NACC005372,4.754,4,1.419,196.79,0,0,0
NACC005373,2.647,1,0.649,332.54,0,0,0
NACC005374,2.083,5,1.13,739.45,0,0,0
NACC005375,1.471,3,0.981,796.36,0,0,0
NACC005376,3.2,2,0.731,713.98,0,0,0
NACC005377,1.875,5,1.4,691.84,0,0,0
NACC005378,4.078,1,0.755,649.31,0,0,0
NACC005379,2.218,5,0.883,602.88,0,0,0
NACC005380,4.714,4,1.447,488.59,0,0,0
NACC005381,3.775,3,0.758,574.24,0,0,0
NACC005382,2.244,3,1.253,503.26,0,0,0
NACC005383,1.734,5,0.894,610.53,0,0,0
NACC005384,1.285,1,0.825,338.06,0,0,0
NACC005385,0.876,1,1.462,212.5,0,0,0
NACC005386,2.275,3,1.208,260.37,0,0,0
NACC005387,1.1,4,0.716,461.11,0,0,0
NACC005388,3.192,4,1.011,510.78,0,0,0
NACC005389,2.253,5,1.132,125.85,0,0,0
NACC005390,5.409,5,1.08,435.49,0,0,0
NACC005391,0.804,4,1.297,545.09,0,0,0
NACC005392,6.424,1,1.274,619.09,0,0,0
NACC005393,0.429,1,0.978,290.39,0,0,0
NACC005394,1.628,3,0.94,498.64,0,0,0
NACC005395,5.623,4,1.146,385.98,0,0,0
NACC005396,4.547,4,0.652,133.69,0,0,0
NACC005397,5.385,5,0.919,416.9,0,0,0
NACC005398,4.601,2,0.732,623.44,0,0,0
NACC005399,1.776,4,0.824,560.44,0,0,0
NACC005400,2.271,5,1.125,704.61,0,0,0
NACC005401,2.458,4,1.01,630.47,0,0,0
NACC005402,6.96,3,1.191,778.35,0,0,0
NACC005403,5.081,2,1.063,836.1,0,0,0
NACC005404,3.214,1,1.483,700.51,0,0,0
NACC005405,1.988,5,1.141,408.27,0,0,0
NACC005406,2.415,1,0.86,1673.26,0,0,0
NACC005407,1.988,5,1.393,317.41,0,0,0
NACC005408,2.234,3,0.876,408.44,0,0,0
NACC005409,4.191,3,0.769,492.48,0,0,0
NACC005410,4.163,1,0.633,539.22,0,0,0
NACC005411,3.136,1,1.185,542.26,0,0,0
NACC005412,3.935,2,0.925,173.54,0,0,0
NACC005413,3.718,3,1.267,540.09,0,0,0
NACC005414,1.529,1,0.657,537.36,0,0,0
NACC005415,0.759,2,1.18,229.09,0,0,0
NACC005416,1.401,1,1.449,551.1,0,0,0
NACC005417,2.823,5,0.73,494.69,0,0,0
NACC005418,1.519,3,0.961,368.48,0,0,0
NACC005419,1.844,5,1.037,549.31,0,0,0
NACC005420,6.399,1,0.734,392.3,0,0,0
NACC005421,3.58,1,0.976,356.08,0,0,0
NACC005422,6.634,1,0.986,356.75,0,0,0
NACC005423,0.857,1,0.954,327.28,0,0,0
NACC005424,1.462,5,0.864,265.78,0,0,0
NACC005425,1.444,5,1.43,470.1,0,0,0
NACC005426,1.159,3,1.244,682.95,0,0,0
NACC005427,0.813,2,0.696,489.37,0,0,0
NACC005428,1.315,5,0.994,339.72,0,0,0
NACC005429,3.593,2,0.88,481.35,0,0,0
NACC005430,4.712,4,1.104,414.95,0,0,0
NACC005431,3.373,3,0.996,125.83,0,0,0
NACC005432,1.352,5,1.172,262.09,0,0,0
NACC005433,0.077,3,0.781,538.84,0,0,0
NACC005434,1.385,1,1.012,1186.13,0,0,0
NACC005435,3.916,3,0.673,350.56,0,0,0
NACC005436,1.348,4,0.84,625.35,0,0,0
NACC005437,1.349,4,0.713,1068.41,0,0,0
NACC005438,6.027,1,1.106,230.57,0,0,0
NACC005439,2.659,1,1.451,470.52,0,0,0
NACC005440,1.355,1,1.152,312.27,0,0,0
NACC005441,2.071,1,1.288,156.46,0,0,0
NACC005442,5.331,3,0.912,306.0,0,0,0
NACC005443,1.398,4,0.904,400.13,0,0,0
NACC005444,3.826,3,1.394,831.53,0,0,0
NACC005445,3.706,1,0.658,139.68,0,0,0
NACC005446,5.451,5,1.039,142.55,0,0,0
NACC005447,2.542,4,0.861,631.5,0,0,0
NACC005448,6.075,5,0.955,435.38,0,0,0
NACC005449,2.622,1,1.348,211.72,0,0,0
NACC005450,2.019,4,0.957,806.09,0,0,0
NACC005451,3.137,4,0.832,535.43,0,0,0
NACC005452,8.799,1,1.273,641.82,0,0,0
NACC005453,0.888,2,1.222,319.97,0,0,0
NACC005454,0.13,5,0.912,746.1,0,0,0
NACC005455,2.641,3,1.299,1205.74,0,0,0
NACC005456,2.318,1,0.803,331.42,0,0,0
NACC005457,1.089,1,0.664,181.51,0,0,0
NACC005458,2.544,2,1.151,276.0,0,0,0
NACC005459,1.644,1,1.204,484.81,0,0,0
NACC005460,1.376,3,0.666,411.29,0,0,0
NACC005461,2.205,3,1.206,171.12,0,0,0
NACC005462,4.107,1,0.858,1014.67,0,0,0
NACC005463,1.591,5,1.444,1097.55,0,0,0
NACC005464,2.722,5,1.368,789.77,0,0,0
NACC005465,2.192,3,0.836,387.12,0,0,0
NACC005466,1.816,2,0.709,216.15,0,0,0
NACC005467,2.164,5,1.203,526.86,0,0,0
NACC005468,3.546,4,0.828,565.46,0,0,0
NACC005469,1.007,4,0.959,431.96,0,0,0
NACC005470,2.123,2,1.088,335.01,0,0,0
NACC005471,1.631,3,1.405,462.48,0,0,0
NACC005472,1.649,5,0.604,307.83,0,0,0
NACC005473,1.962,5,0.731,79.34,0,0,0
NACC005474,1.455,1,1.415,365.72,0,0,0
NACC005475,1.702,3,0.789,197.52,0,0,0
NACC005476,0.343,5,0.988,656.76,0,0,0
NACC005477,2.499,4,0.996,373.22,0,0,0
NACC005478,2.35,4,0.77,655.03,0,0,0
NACC005479,0.187,5,1.042,498.68,0,0,0
NACC005480,0.328,1,0.887,162.16,0,0,0
NACC005481,0.828,4,1.266,451.69,0,0,0
NACC005482,2.282,3,0.895,144.88,0,0,0
NACC005483,4.226,5,0.762,277.84,0,0,0
NACC005484,2.841,3,1.345,404.64,0,0,0
NACC005485,0.931,3,0.668,333.26,0,0,0
NACC005486,2.247,2,1.339,201.66,0,0,0
NACC005487,1.977,1,1.441,630.3,0,0,0
NACC005488,3.551,2,0.626,807.63,0,0,0
NACC005489,5.734,5,0.826,481.59,0,0,0
NACC005490,2.558,2,0.929,329.21,0,0,0
NACC005491,1.389,3,0.61,588.31,0,0,0
NACC005492,2.124,2,1.178,348.35,0,0,0
NACC005493,0.56,2,1.142,277.91,0,0,0
NACC005494,2.631,1,0.738,527.05,0,0,0
NACC005495,2.895,4,0.625,579.01,0,0,0
NACC005496,0.115,4,1.092,428.23,0,0,0
NACC005497,2.277,4,0.849,473.93,0,0,0
NACC005498,0.158,1,0.905,275.26,0,0,0
NACC005499,4.259,2,0.916,549.96,0,0,0
NACC005500,0.585,1,0.75,427.29,0,0,0
NACC005501,3.926,2,1.175,400.24,0,0,0
NACC005502,0.766,2,0.601,250.44,0,0,0
NACC005503,2.551,3,0.79,394.34,0,0,0
NACC005504,2.242,4,1.098,602.87,0,0,0
NACC005505,4.198,5,1.31,639.05,0,0,0
NACC005506,4.472,5,1.302,552.93,0,0,0
NACC005507,2.751,5,0.965,1284.15,0,0,0
NACC005508,3.149,4,1.461,314.79,0,0,0
NACC005509,2.781,4,1.497,264.27,0,0,0
NACC005510,2.913,3,1.288,752.15,0,0,0
NACC005511,2.134,1,0.752,805.79,0,0,0
NACC005512,1.598,5,0.631,725.82,0,0,0
NACC005513,2.56,3,0.645,369.11,0,0,0
NACC005514,1.262,5,1.261,491.85,0,0,0
NACC005515,3.137,1,0.727,361.69,0,0,0
NACC005516,2.784,3,1.149,312.45,0,0,0
NACC005517,0.128,2,1.001,571.89,0,0,0
NACC005518,1.942,1,1.225,375.7,0,0,0
NACC005519,0.769,2,1.066,514.23,0,0,0
NACC005520,1.356,2,1.124,919.38,0,0,0
NACC005521,2.382,4,0.921,126.14,0,0,0
NACC005522,4.561,3,1.445,352.15,0,0,0
NACC005523,1.245,1,1.428,363.59,0,0,0
NACC005524,1.0,2,1.402,410.54,0,0,0
NACC005525,0.888,4,0.818,652.15,0,0,0
NACC005526,2.52,1,1.057,365.38,0,0,0
NACC005527,2.298,5,1.457,725.36,0,0,0
NACC005528,0.763,4,1.443,529.19,0,0,0
NACC005529,1.504,2,1.398,331.43,0,0,0
NACC005530,3.826,4,1.192,885.13,0,0,0
NACC005531,1.671,4,0.791,499.68,0,0,0
NACC005532,1.699,3,1.435,218.85,0,0,0
NACC005533,2.312,1,1.328,341.89,0,0,0
NACC005534,4.614,1,0.834,331.61,0,0,0
NACC005535,2.688,5,0.849,544.36,0,0,0
NACC005536,0.992,1,1.299,738.75,0,0,0
NACC005537,0.54,1,1.435,361.45,0,0,0
NACC005538,1.451,4,0.888,518.03,0,0,0
NACC005539,0.557,1,1.381,337.3,0,0,0
NACC005540,1.587,1,1.404,538.42,0,0,0
NACC005541,2.765,3,1.189,902.42,0,0,0
NACC005542,5.167,5,0.863,306.4,0,0,0
NACC005543,3.125,3,0.713,103.66,0,0,0
NACC005544,1.256,3,1.205,413.17,0,0,0
NACC005545,0.583,3,1.081,458.07,0,0,0
NACC005546,1.018,3,0.617,293.27,0,0,0
NACC005547,4.907,2,1.441,330.94,0,0,0
NACC005548,1.689,3,0.811,418.43,0,0,0
NACC005549,1.89,2,0.651,725.42,0,0,0
NACC005550,1.266,5,0.937,530.01,0,0,0
NACC005551,0.933,1,0.923,360.57,0,0,0
NACC005552,0.514,5,1.457,228.37,0,0,0
NACC005553,0.74,2,1.27,556.38,0,0,0
NACC005554,1.587,4,0.673,370.97,0,0,0
NACC005555,0.827,5,1.47,181.37,0,0,0
NACC005556,1.914,2,1.299,467.48,0,0,0
NACC005557,0.651,4,0.88,536.08,0,0,0
NACC005558,6.545,1,1.22,1145.8,0,0,0
NACC005559,3.167,1,1.106,645.49,0,0,0
NACC005560,2.735,4,0.632,268.48,0,0,0
NACC005561,1.664,4,0.87,418.18,0,0,0
NACC005562,1.763,3,1.324,399.1,0,0,0
NACC005563,0.694,1,0.693,706.45,0,0,0
NACC005564,0.537,4,1.214,275.63,0,0,0
NACC005565,1.356,2,1.365,367.79,0,0,0
NACC005566,1.096,1,0.954,353.55,0,0,0
NACC005567,2.131,3,0.805,1004.08,0,0,0
NACC005568,3.416,2,1.039,471.84,0,0,0
NACC005569,1.339,2,1.18,483.72,0,0,0
NACC005570,1.023,4,0.75,269.46,0,0,0
NACC005571,2.377,2,0.723,445.08,0,0,0
NACC005572,1.463,5,0.649,536.6,0,0,0
NACC005573,1.277,3,0.939,752.48,0,0,0
NACC005574,1.996,2,0.609,354.12,0,0,0
NACC005575,3.442,5,0.932,397.97,0,0,0
NACC005576,2.509,3,1.051,258.99,0,0,0
NACC005577,2.275,2,0.934,225.2,0,0,0
NACC005578,6.22,4,0.926,443.14,0,0,0
NACC005579,1.584,3,1.072,421.06,0,0,0
NACC005580,2.811,4,0.998,459.64,0,0,0
NACC005581,0.978,4,1.22,494.65,0,0,0
NACC005582,1.044,4,1.11,346.74,0,0,0
NACC005583,2.507,2,1.467,433.2,0,0,0
NACC005584,1.322,2,0.84,785.14,0,0,0
NACC005585,4.294,2,1.483,231.15,0,0,0
NACC005586,4.864,1,1.404,718.02,0,0,0
NACC005587,5.576,3,1.457,617.76,0,0,0
NACC005588,2.238,4,1.27,569.37,0,0,0
NACC005589,1.23,4,1.412,582.6,0,0,0
NACC005590,0.786,2,1.492,485.73,0,0,0
NACC005591,1.214,5,1.262,437.18,0,0,0
NACC005592,2.008,1,0.979,579.33,0,0,0
NACC005593,1.957,2,0.867,814.74,0,0,0
NACC005594,2.974,5,1.195,495.23,0,0,0
NACC005595,0.753,4,0.937,473.11,0,0,0
NACC005596,3.929,5,1.224,657.53,0,0,0
NACC005597,0.887,1,0.784,723.78,0,0,0
NACC005598,0.826,2,1.047,217.23,0,0,0
NACC005599,1.655,2,1.493,389.77,0,0,0
NACC005600,0.575,3,0.903,433.48,0,0,0
NACC005601,2.375,4,1.425,198.01,0,0,0
NACC005602,3.062,2,0.842,649.72,0,0,0
NACC005603,4.547,5,0.688,1066.01,0,0,0
NACC005604,1.443,4,0.665,357.86,0,0,0
NACC005605,2.58,3,1.236,785.46,0,0,0
NACC005606,1.687,2,1.375,445.77,0,0,0
NACC005607,3.517,4,0.985,421.95,0,0,0
NACC005608,0.409,3,1.046,386.28,0,0,0
NACC005609,4.816,2,1.382,306.37,0,0,0
NACC005610,3.901,3,1.464,530.47,0,0,0
NACC005611,5.416,2,1.266,260.65,0,0,0
NACC005612,2.776,4,1.431,312.33,0,0,0
NACC005613,3.548,3,1.497,321.46,0,0,0
NACC005614,1.986,2,1.432,692.0,0,0,0
NACC005615,0.407,4,1.235,408.34,0,0,0
NACC005616,1.944,5,1.487,239.66,0,0,0
NACC005617,1.338,4,0.903,151.16,0,0,0
NACC005618,2.24,2,0.921,364.46,0,0,0
NACC005619,2.038,1,0.745,417.26,0,0,0
NACC005620,0.711,5,0.797,661.33,0,0,0
NACC005621,5.485,5,1.388,831.81,0,0,0
NACC005622,5.244,1,1.4,412.48,0,0,0
NACC005623,2.179,5,0.812,131.75,0,0,0
NACC005624,2.188,2,1.444,447.25,0,0,0
NACC005625,2.356,4,1.196,561.49,0,0,0
NACC005626,5.493,1,1.031,863.21,0,0,0
NACC005627,4.898,1,0.923,894.55,0,0,0
NACC005628,1.827,5,1.155,427.07,0,0,0
NACC005629,1.149,1,1.02,935.49,0,0,0
NACC005630,4.188,5,1.148,318.01,0,0,0
NACC005631,1.57,3,1.016,190.38,0,0,0
NACC005632,4.349,2,0.889,159.24,0,0,0
NACC005633,1.552,4,1.418,495.84,0,0,0
NACC005634,1.637,3,1.115,561.61,0,0,0
NACC005635,3.855,1,1.248,108.96,0,0,0
NACC005636,7.879,2,1.338,286.3,0,0,0
NACC005637,3.558,2,0.975,427.38,0,0,0
NACC005638,1.553,4,0.884,552.81,0,0,0
NACC005639,2.78,4,0.851,501.73,0,0,0
NACC005640,0.348,2,1.118,528.76,0,0,0
NACC005641,5.392,1,0.726,192.14,0,0,0
NACC005642,0.733,1,1.237,335.53,0,0,0
NACC005643,1.13,4,1.035,530.94,0,0,0
NACC005644,2.429,5,1.042,1030.08,0,0,0
NACC005645,2.707,3,1.23,309.02,0,0,0
NACC005646,7.752,3,1.349,820.32,0,0,0
NACC005647,2.531,4,1.461,673.73,0,0,0
NACC005648,3.463,5,0.947,1129.86,0,0,0
NACC005649,2.654,2,1.065,403.45,0,0,0
NACC005650,1.979,3,1.478,305.43,0,0,0
NACC005651,4.283,1,0.827,504.42,0,0,0
NACC005652,4.374,5,1.171,587.83,0,0,0
NACC005653,1.725,1,1.425,230.71,0,0,0
NACC005654,0.202,1,1.194,901.01,0,0,0
NACC005655,4.681,4,1.346,220.31,0,0,0
NACC005656,7.629,5,1.226,511.47,0,0,0
NACC005657,2.16,2,1.336,540.13,0,0,0
NACC005658,0.992,3,0.654,809.06,0,0,0
NACC005659,0.221,4,1.423,360.24,0,0,0
NACC005660,1.53,5,1.152,871.54,0,0,0
NACC005661,2.484,1,1.239,914.29,0,0,0
NACC005662,1.608,5,1.216,432.41,0,0,0
NACC005663,0.913,4,0.703,248.11,0,0,0
NACC005664,1.498,4,0.927,494.26,0,0,0
NACC005665,0.559,3,0.791,245.54,0,0,0
NACC005666,2.818,5,1.122,1152.65,0,0,0
NACC005667,2.168,1,1.202,324.14,0,0,0
NACC005668,3.949,5,0.998,221.67,0,0,0
NACC005669,2.671,3,0.609,224.52,0,0,0
NACC005670,2.091,5,1.457,543.76,0,0,0
NACC005671,0.693,4,1.327,444.93,0,0,0
NACC005672,4.399,1,0.995,436.21,0,0,0
NACC005673,7.217,1,0.926,226.33,0,0,0
NACC005674,3.583,5,1.333,179.84,0,0,0
NACC005675,1.742,2,0.663,611.73,0,0,0
NACC005676,5.185,5,1.232,453.42,0,0,0
NACC005677,3.303,4,1.385,489.27,0,0,0
NACC005678,2.213,1,1.091,451.89,0,0,0
NACC005679,1.211,4,1.386,630.77,0,0,0
NACC005680,1.028,3,0.941,466.32,0,0,0
NACC005681,0.927,1,0.848,431.65,0,0,0
NACC005682,6.819,5,0.808,488.98,0,0,0
NACC005683,1.296,5,1.292,217.55,0,0,0
NACC005684,2.704,4,0.957,1052.0,0,0,0
NACC005685,3.08,5,1.392,559.05,0,0,0
NACC005686,1.052,1,0.724,294.9,0,0,0
NACC005687,1.934,5,1.22,239.98,0,0,0
NACC005688,1.094,2,1.234,470.32,0,0,0
NACC005689,0.606,2,1.161,543.28,0,0,0
NACC005690,2.386,5,1.203,1189.33,0,0,0
NACC005691,5.565,5,1.021,652.57,0,0,0
NACC005692,3.676,2,1.047,337.13,0,0,0
NACC005693,1.703,4,0.779,450.91,0,0,0
NACC005694,0.978,5,1.442,341.34,0,0,0
NACC005695,3.426,5,1.317,653.04,0,0,0
NACC005696,0.607,4,0.757,307.23,0,0,0
NACC005697,6.682,3,0.825,503.33,0,0,0
NACC005698,1.478,1,0.794,349.41,0,0,0
NACC005699,4.408,2,0.873,756.6,0,0,0
NACC005700,5.55,4,0.681,767.22,0,0,0
NACC005701,10.439,4,0.865,404.73,0,0,0
NACC005702,1.877,3,0.9,733.9,0,0,0
NACC005703,4.043,1,0.988,580.14,0,0,0
NACC005704,2.159,4,1.219,792.13,0,0,0
NACC005705,2.298,3,1.428,413.41,0,0,0
NACC005706,1.363,3,0.772,700.3,0,0,0
NACC005707,4.468,4,1.014,912.93,0,0,0
NACC005708,0.84,5,1.307,675.24,0,0,0
NACC005709,0.317,1,0.801,265.47,0,0,0
NACC005710,2.399,2,1.311,362.82,0,0,0
NACC005711,0.931,5,1.456,437.0,0,0,0
NACC005712,1.93,4,0.75,487.23,0,0,0
NACC005713,1.163,2,0.697,808.93,0,0,0
NACC005714,0.712,2,1.092,539.19,0,0,0
NACC005715,0.903,3,1.265,446.1,0,0,0
NACC005716,1.018,4,0.781,449.55,0,0,0
NACC005717,3.618,2,1.29,139.29,0,0,0
NACC005718,2.24,5,1.028,355.84,0,0,0
NACC005719,3.658,4,0.852,372.67,0,0,0
NACC005720,1.031,5,0.894,721.59,0,0,0
NACC005721,2.21,1,0.62,145.11,0,0,0
NACC005722,1.452,5,1.18,299.15,0,0,0
NACC005723,4.004,1,1.415,283.49,0,0,0
NACC005724,1.273,5,1.163,497.31,0,0,0
NACC005725,2.971,2,1.423,769.6,0,0,0
NACC005726,1.972,3,0.98,399.04,0,0,0
NACC005727,10.861,3,1.463,172.93,0,0,0
NACC005728,2.246,3,1.44,569.02,0,0,0
NACC005729,1.355,3,1.133,573.75,0,0,0
NACC005730,0.26,4,0.93,801.38,0,0,0
NACC005731,0.223,5,0.618,366.84,0,0,0
NACC005732,1.757,2,0.849,109.15,0,0,0
NACC005733,7.027,2,0.83,349.29,0,0,0
NACC005734,1.134,2,0.933,407.1,0,0,0
NACC005735,2.015,5,0.727,545.53,0,0,0
NACC005736,1.109,3,1.415,474.79,0,0,0
NACC005737,1.944,2,1.237,337.33,0,0,0
NACC005738,1.358,3,1.064,351.32,0,0,0
NACC005739,1.887,5,1.278,283.73,0,0,0
NACC005740,6.194,3,1.289,550.68,0,0,0
NACC005741,3.44,2,0.95,559.62,0,0,0
NACC005742,0.816,5,0.676,654.52,0,0,0
NACC005743,1.792,1,0.617,528.3,0,0,0
NACC005744,1.752,4,1.289,364.95,0,0,0
NACC005745,1.093,5,1.441,644.59,0,0,0
NACC005746,2.762,2,1.426,460.2,0,0,0
NACC005747,1.917,2,0.946,99.6,0,0,0
NACC005748,1.792,4,0.853,474.43,0,0,0
NACC005749,2.259,3,1.418,487.15,0,0,0
NACC005750,4.649,4,0.69,435.85,0,0,0
NACC005751,1.525,5,0.706,548.25,0,0,0
NACC005752,2.379,2,1.439,729.33,0,0,0
NACC005753,1.62,4,1.43,827.1,0,0,0
NACC005754,3.077,1,1.01,422.55,0,0,0
NACC005755,0.746,2,0.828,542.22,0,0,0
NACC005756,0.182,4,1.439,372.58,0,0,0
NACC005757,3.278,1,0.81,883.13,0,0,0
NACC005758,4.33,3,1.203,335.34,0,0,0
NACC005759,2.048,4,0.665,855.48,0,0,0
NACC005760,1.535,1,1.002,333.7,0,0,0
NACC005761,3.993,5,1.449,386.31,0,0,0
NACC005762,1.512,2,1.262,135.72,0,0,0
NACC005763,1.125,2,0.629,819.49,0,0,0
NACC005764,2.895,1,0.735,637.29,0,0,0
NACC005765,3.608,5,0.857,355.28,0,0,0
NACC005766,2.669,2,0.688,82.93,0,0,0
NACC005767,4.481,5,0.663,666.25,0,0,0
NACC005768,0.737,2,1.373,267.72,0,0,0
NACC005769,3.393,1,0.656,437.24,0,0,0
NACC005770,3.851,5,1.223,445.44,0,0,0
NACC005771,2.296,5,1.282,496.01,0,0,0
NACC005772,1.387,4,0.923,525.99,0,0,0
NACC005773,1.024,3,0.606,525.58,0,0,0
NACC005774,0.913,3,1.016,478.29,0,0,0
NACC005775,2.071,1,0.729,190.91,0,0,0
NACC005776,1.334,4,1.332,107.79,0,0,0
NACC005777,1.899,5,1.396,672.6,0,0,0
NACC005778,2.326,5,1.028,158.34,0,0,0
NACC005779,1.046,1,1.449,749.53,0,0,0
NACC005780,1.512,5,1.494,575.5,0,0,0
NACC005781,3.234,5,0.859,471.1,0,0,0
NACC005782,3.711,2,1.09,630.18,0,0,0
NACC005783,3.213,5,0.637,304.49,0,0,0
NACC005784,0.968,1,1.321,785.72,0,0,0
NACC005785,0.22,3,0.982,270.63,0,0,0
NACC005786,2.372,4,1.381,409.12,0,0,0
NACC005787,4.411,1,0.794,418.73,0,0,0
NACC005788,2.817,4,0.973,287.31,0,0,0
NACC005789,3.128,2,1.062,150.75,0,0,0
NACC005790,1.942,5,0.641,576.92,0,0,0
NACC005791,1.578,3,0.832,203.43,0,0,0
NACC005792,4.032,2,0.93,567.03,0,0,0
NACC005793,0.306,4,0.765,317.94,0,0,0
NACC005794,2.41,5,0.957,574.67,0,0,0
NACC005795,1.918,5,0.699,577.1,0,0,0
NACC005796,1.793,5,1.26,246.13,0,0,0
NACC005797,2.542,4,1.161,305.04,0,0,0
NACC005798,2.989,4,0.839,643.22,0,0,0
NACC005799,0.923,4,0.715,575.86,0,0,0
NACC005800,0.204,4,0.661,980.74,0,0,0
NACC005801,0.823,5,1.154,531.25,0,0,0
NACC005802,1.615,1,0.63,689.11,0,0,0
NACC005803,2.13,3,1.042,668.71,0,0,0
NACC005804,0.606,4,0.688,567.15,0,0,0
NACC005805,2.862,2,1.077,421.11,0,0,0
NACC005806,1.546,3,0.776,481.17,0,0,0
NACC005807,2.684,3,0.934,412.85,0,0,0
NACC005808,0.085,1,0.886,200.33,0,0,0
NACC005809,4.658,4,1.412,1079.49,0,0,0
NACC005810,0.993,3,1.226,475.43,0,0,0
NACC005811,3.233,1,1.475,740.64,0,0,0
NACC005812,2.206,5,1.45,242.61,0,0,0
NACC005813,1.825,5,1.014,556.24,0,0,0
NACC005814,2.601,4,0.652,376.83,0,0,0
NACC005815,1.636,1,1.165,156.73,0,0,0
NACC005816,0.945,4,0.61,335.02,0,0,0
NACC005817,1.063,3,1.411,772.38,0,0,0
NACC005818,4.428,4,0.974,299.0,0,0,0
NACC005819,2.58,2,0.647,96.53,0,0,0
NACC005820,3.392,1,1.086,280.94,0,0,0
NACC005821,0.942,1,1.335,775.97,0,0,0
NACC005822,1.663,3,0.767,261.02,0,0,0
NACC005823,0.217,3,0.868,291.14,0,0,0
NACC005824,0.472,5,1.137,470.64,0,0,0
NACC005825,4.925,3,1.06,920.03,0,0,0
NACC005826,1.32,4,1.109,905.66,0,0,0
NACC005827,1.255,1,0.624,521.46,0,0,0
NACC005828,2.361,4,0.972,373.65,0,0,0
NACC005829,2.164,1,0.674,162.47,0,0,0
NACC005830,2.031,5,0.702,567.58,0,0,0
NACC005831,5.512,3,0.974,175.19,0,0,0
NACC005832,0.808,3,1.31,131.93,0,0,0
NACC005833,5.569,2,0.92,228.97,0,0,0
NACC005834,1.147,4,0.638,219.67,0,0,0
NACC005835,0.944,1,0.992,457.14,0,0,0
NACC005836,0.994,3,0.892,641.06,0,0,0
NACC005837,1.083,4,1.098,545.17,0,0,0
NACC005838,2.43,1,0.81,369.79,0,0,0
NACC005839,0.581,3,0.85,332.41,0,0,0
NACC005840,1.565,2,0.878,1065.12,0,0,0
NACC005841,2.93,5,1.122,396.78,0,0,0
NACC005842,2.526,3,0.802,194.31,0,0,0
NACC005843,2.473,5,0.818,498.0,0,0,0
NACC005844,0.72,1,1.425,610.28,0,0,0
NACC005845,3.339,4,0.763,481.14,0,0,0
NACC005846,4.834,4,0.942,744.8,0,0,0
NACC005847,0.639,4,1.173,451.96,0,0,0
NACC005848,1.26,2,0.8,234.91,0,0,0
NACC005849,1.445,5,0.757,443.12,0,0,0
NACC005850,3.01,4,1.47,682.88,0,0,0
NACC005851,4.754,1,0.931,549.22,0,0,0
NACC005852,4.128,4,1.332,1150.07,0,0,0
NACC005853,1.869,4,1.348,623.25,0,0,0
NACC005854,4.104,3,1.11,474.05,0,0,0
NACC005855,0.847,3,0.787,643.03,0,0,0
NACC005856,2.584,4,1.387,569.42,0,0,0
NACC005857,1.627,1,0.853,667.26,0,0,0
NACC005858,1.647,5,1.335,273.35,0,0,0
NACC005859,0.975,5,0.679,172.18,0,0,0
NACC005860,4.914,5,1.153,513.82,0,0,0
NACC005861,2.757,1,0.604,893.85,0,0,0
NACC005862,2.081,1,0.757,710.02,0,0,0
NACC005863,2.133,4,1.208,313.01,0,0,0
NACC005864,3.143,5,1.406,570.71,0,0,0
NACC005865,3.202,1,1.095,660.85,0,0,0
NACC005866,0.95,1,1.452,661.74,0,0,0
NACC005867,0.88,3,0.688,142.88,0,0,0
NACC005868,2.399,4,1.43,457.37,0,0,0
NACC005869,2.473,2,0.796,376.69,0,0,0
NACC005870,1.516,4,1.123,191.56,0,0,0
NACC005871,1.508,3,0.733,216.01,0,0,0
NACC005872,2.478,5,1.406,441.17,0,0,0
NACC005873,2.382,1,1.256,172.52,0,0,0
NACC005874,2.354,5,1.128,628.82,0,0,0
NACC005875,3.505,2,1.198,728.12,0,0,0
NACC005876,3.101,4,0.657,496.63,0,0,0
NACC005877,2.329,1,1.196,582.52,0,0,0
NACC005878,1.901,5,0.711,228.4,0,0,0
NACC005879,2.9,1,1.498,810.57,0,0,0
NACC005880,0.376,2,0.662,657.14,0,0,0
NACC005881,1.273,2,0.93,1208.14,0,0,0
NACC005882,2.922,3,1.423,587.98,0,0,0
NACC005883,1.229,2,0.878,617.33,0,0,0
NACC005884,0.347,4,1.275,559.39,0,0,0
NACC005885,0.362,4,0.801,590.11,0,0,0
NACC005886,0.431,4,0.801,764.73,0,0,0
NACC005887,6.906,5,0.977,414.83,0,0,0
NACC005888,1.245,2,1.26,763.82,0,0,0
NACC005889,2.052,2,0.609,975.49,0,0,0
NACC005890,2.01,4,0.994,450.65,0,0,0
NACC005891,0.935,2,1.19,392.75,0,0,0
NACC005892,0.854,3,1.489,188.27,0,0,0
NACC005893,1.057,4,0.647,1053.67,0,0,0
NACC005894,1.866,2,0.695,923.87,0,0,0
NACC005895,2.622,1,0.643,488.99,0,0,0
NACC005896,1.19,3,0.919,514.05,0,0,0
NACC005897,3.542,2,1.388,652.71,0,0,0
NACC005898,5.129,4,1.407,720.98,0,0,0
NACC005899,2.929,5,1.046,318.35,0,0,0
NACC005900,1.279,3,0.783,409.62,0,0,0
NACC005901,2.673,4,0.819,602.75,0,0,0
NACC005902,7.319,4,1.239,687.3,0,0,0
NACC005903,0.868,2,1.138,281.79,0,0,0
NACC005904,2.907,2,0.936,123.66,0,0,0
NACC005905,2.219,1,1.48,362.96,0,0,0
NACC005906,1.361,3,0.739,745.39,0,0,0
NACC005907,0.397,3,1.222,448.32,0,0,0
NACC005908,1.477,2,0.766,356.46,0,0,0
NACC005909,1.568,2,1.118,298.77,0,0,0
NACC005910,0.455,1,1.268,238.68,0,0,0
NACC005911,1.558,2,1.241,307.32,0,0,0
NACC005912,2.684,3,1.157,394.7,0,0,0
NACC005913,1.474,3,0.892,420.05,0,0,0
NACC005914,1.066,2,1.143,119.4,0,0,0
NACC005915,2.129,2,0.964,365.57,0,0,0
NACC005916,1.131,5,1.199,215.42,0,0,0
NACC005917,1.51,2,1.412,930.97,0,0,0
NACC005918,3.207,4,0.851,350.9,0,0,0
NACC005919,3.645,4,0.635,314.59,0,0,0
NACC005920,2.241,3,1.356,495.83,0,0,0
NACC005921,1.25,5,1.117,910.23,0,0,0
NACC005922,3.943,2,1.476,801.24,0,0,0
NACC005923,3.504,2,1.376,346.33,0,0,0
NACC005924,0.997,4,1.337,285.27,0,0,0
NACC005925,4.434,4,0.863,779.01,0,0,0
NACC005926,1.58,1,1.103,315.6,0,0,0
NACC005927,1.675,4,1.238,459.35,0,0,0
NACC005928,4.432,4,0.743,364.6,0,0,0
NACC005929,1.459,5,1.468,276.55,0,0,0
NACC005930,4.358,3,0.744,336.6,0,0,0
NACC005931,2.25,2,0.947,575.41,0,0,0
NACC005932,2.208,1,1.442,959.9,0,0,0
NACC005933,1.476,2,1.128,527.05,0,0,0
NACC005934,1.2,4,1.402,692.35,0,0,0
NACC005935,4.642,4,0.94,225.7,0,0,0
NACC005936,2.47,4,0.821,624.49,0,0,0
NACC005937,3.834,1,1.131,263.5,0,0,0
NACC005938,2.34,5,0.777,330.61,0,0,0
NACC005939,7.216,1,1.041,345.24,0,0,0
NACC005940,8.511,2,1.078,356.79,0,0,0
NACC005941,1.289,5,0.616,541.22,0,0,0
NACC005942,0.346,1,1.136,641.65,0,0,0
NACC005943,2.565,1,1.136,793.04,0,0,0
NACC005944,1.309,4,1.243,331.85,0,0,0
NACC005945,1.733,4,1.291,753.44,0,0,0
NACC005946,0.346,4,0.82,415.06,0,0,0
NACC005947,1.974,4,1.292,167.77,0,0,0
NACC005948,1.157,5,1.306,308.51,0,0,0
NACC005949,3.97,2,1.347,369.92,0,0,0
NACC005950,5.353,3,1.177,553.18,0,0,0
NACC005951,5.229,1,0.946,836.34,0,0,0
NACC005952,1.396,2,1.171,491.36,0,0,0
NACC005953,6.053,3,1.439,405.33,0,0,0
NACC005954,2.994,3,1.268,283.18,0,0,0
NACC005955,2.139,1,0.61,323.62,0,0,0
NACC005956,2.099,2,1.355,1002.96,0,0,0
NACC005957,2.25,3,0.813,558.91,0,0,0
NACC005958,1.56,1,0.843,411.24,0,0,0
NACC005959,2.646,5,1.334,243.65,0,0,0
NACC005960,0.871,2,1.097,402.95,0,0,0
NACC005961,2.953,4,1.484,856.96,0,0,0
NACC005962,4.19,3,0.674,338.15,0,0,0
NACC005963,0.448,3,1.486,928.11,0,0,0
NACC005964,2.395,1,0.766,149.41,0,0,0
NACC005965,1.528,3,1.095,664.35,0,0,0
NACC005966,0.775,4,0.866,765.68,0,0,0
NACC005967,1.565,4,0.654,600.26,0,0,0
NACC005968,0.818,4,1.107,161.81,0,0,0
NACC005969,1.678,1,1.13,134.43,0,0,0
NACC005970,2.084,5,1.387,599.09,0,0,0
NACC005971,1.466,1,1.059,210.54,0,0,0
NACC005972,2.364,4,1.124,549.03,0,0,0
NACC005973,0.829,4,0.825,532.15,0,0,0
NACC005974,3.324,3,1.139,522.79,0,0,0
NACC005975,3.989,5,1.053,303.36,0,0,0
NACC005976,4.139,2,1.281,396.89,0,0,0
NACC005977,3.212,1,0.969,230.75,0,0,0
NACC005978,3.91,3,0.7,220.61,0,0,0
NACC005979,7.044,2,1.158,233.56,0,0,0
NACC005980,0.066,1,0.882,1025.88,0,0,0
NACC005981,0.323,3,0.865,680.4,0,0,0
NACC005982,0.407,4,1.025,342.11,0,0,0
NACC005983,1.294,3,0.731,480.5,0,0,0
NACC005984,0.425,4,0.635,164.09,0,0,0
NACC005985,5.865,1,1.386,390.11,0,0,0
NACC005986,0.853,2,1.429,460.74,0,0,0
NACC005987,3.135,5,0.658,664.78,0,0,0
NACC005988,1.471,3,1.408,129.53,0,0,0
NACC005989,2.014,2,1.463,284.03,0,0,0
NACC005990,6.152,4,0.608,283.81,0,0,0
NACC005991,0.419,3,1.055,780.24,0,0,0
NACC005992,1.529,5,0.644,504.99,0,0,0
NACC005993,2.034,2,0.951,748.84,0,0,0
NACC005994,5.751,2,1.393,678.02,0,0,0
NACC005995,1.128,2,1.403,430.72,0,0,0
NACC005996,0.49,5,1.304,589.75,0,0,0
NACC005997,2.961,4,1.218,282.27,0,0,0
NACC005998,3.446,3,0.694,356.96,0,0,0
NACC005999,3.822,4,0.813,707.11,0,0,0
NACC006000,5.691,5,1.463,231.71,0,0,0
NACC006001,1.355,2,0.953,401.95,0,0,0
NACC006002,1.543,3,0.868,484.31,0,0,0
NACC006003,1.947,5,1.393,429.97,0,0,0
NACC006004,0.244,1,1.446,383.34,0,0,0
NACC006005,3.553,1,0.697,389.11,0,0,0
NACC006006,2.442,4,1.252,303.98,0,0,0
NACC006007,1.478,3,1.196,291.7,0,0,0
NACC006008,6.317,2,1.366,967.27,0,0,0
NACC006009,2.12,1,0.784,257.06,0,0,0
NACC006010,2.431,2,1.125,502.88,0,0,0
NACC006011,1.324,2,1.48,424.57,0,0,0
NACC006012,2.938,4,1.491,492.55,0,0,0
NACC006013,1.806,4,0.907,633.42,0,0,0
NACC006014,2.824,5,1.006,605.02,0,0,0
NACC006015,2.791,3,1.03,742.45,0,0,0
NACC006016,6.229,5,1.317,433.09,0,0,0
NACC006017,1.801,3,1.132,318.92,0,0,0
NACC006018,1.514,3,1.072,573.15,0,0,0
NACC006019,4.767,1,1.056,767.53,0,0,0
NACC006020,4.972,2,1.138,582.41,0,0,0
NACC006021,2.297,4,1.233,189.9,0,0,0
NACC006022,1.272,3,1.347,751.41,0,0,0
NACC006023,2.948,4,1.148,302.0,0,0,0
NACC006024,4.656,4,1.33,362.35,0,0,0
NACC006025,2.89,5,1.402,845.92,0,0,0
NACC006026,2.626,1,1.47,726.67,0,0,0
NACC006027,0.943,4,0.826,357.37,0,0,0
NACC006028,0.296,5,0.881,671.53,0,0,0
NACC006029,3.952,5,1.108,532.74,0,0,0
NACC006030,3.426,5,1.136,1090.8,0,0,0
NACC006031,0.762,2,1.432,382.91,0,0,0
NACC006032,3.427,5,0.804,278.02,0,0,0
NACC006033,2.842,1,0.889,634.39,0,0,0
NACC006034,1.802,1,1.031,420.21,0,0,0
NACC006035,4.937,4,0.615,766.29,0,0,0
NACC006036,6.051,2,1.235,697.07,0,0,0
NACC006037,3.737,1,1.349,442.42,0,0,0
NACC006038,0.524,5,0.69,356.97,0,0,0
NACC006039,2.038,3,0.724,420.14,0,0,0
NACC006040,0.484,5,1.028,612.45,0,0,0
NACC006041,2.979,3,0.609,300.01,0,0,0
NACC006042,2.74,5,1.325,171.52,0,0,0
NACC006043,3.609,3,0.733,619.23,0,0,0
NACC006044,1.596,3,1.009,452.29,0,0,0
NACC006045,1.227,4,0.996,131.78,0,0,0
NACC006046,3.183,4,0.781,449.31,0,0,0
NACC006047,1.295,2,1.155,134.6,0,0,0
NACC006048,1.571,4,1.167,264.12,0,0,0
NACC006049,1.719,4,0.632,386.12,0,0,0
NACC006050,3.347,3,1.044,444.73,0,0,0
NACC006051,2.773,3,1.472,246.26,0,0,0
NACC006052,1.567,5,0.827,525.58,0,0,0
NACC006053,2.21,4,0.661,831.93,0,0,0
NACC006054,3.837,2,0.657,444.28,0,0,0
NACC006055,0.845,5,1.43,551.18,0,0,0
NACC006056,1.263,5,1.4,811.99,0,0,0
NACC006057,4.259,3,0.731,637.76,0,0,0
NACC006058,0.734,3,1.278,260.89,0,0,0
NACC006059,1.687,3,0.793,488.92,0,0,0
NACC006060,0.204,1,1.473,546.86,0,0,0
NACC006061,4.131,2,1.019,601.91,0,0,0
NACC006062,0.673,5,0.669,402.6,0,0,0
NACC006063,5.633,2,0.806,430.9,0,0,0
NACC006064,0.534,1,1.434,384.44,0,0,0
NACC006065,2.21,2,0.743,213.46,0,0,0
NACC006066,2.461,5,0.679,171.01,0,0,0
NACC006067,3.095,4,0.981,850.32,0,0,0
NACC006068,5.64,1,0.686,283.95,0,0,0
NACC006069,1.304,4,1.046,692.35,0,0,0
NACC006070,5.979,5,0.776,227.52,0,0,0
NACC006071,0.344,2,1.039,593.65,0,0,0
NACC006072,0.692,2,1.162,401.17,0,0,0
NACC006073,4.444,2,1.002,389.35,0,0,0
NACC006074,2.476,5,0.989,356.86,0,0,0
NACC006075,1.529,3,1.018,662.39,0,0,0
NACC006076,4.482,2,1.469,633.05,0,0,0
NACC006077,2.03,4,1.127,622.27,0,0,0
NACC006078,1.719,4,1.06,666.65,0,0,0
NACC006079,2.46,2,0.628,302.62,0,0,0
NACC006080,0.475,1,0.85,430.62,0,0,0
NACC006081,10.517,4,0.678,406.35,0,0,0
NACC006082,2.325,5,0.783,493.18,0,0,0
NACC006083,3.084,5,0.691,809.05,0,0,0
NACC006084,1.714,1,1.293,267.59,0,0,0
NACC006085,2.082,2,1.306,212.27,0,0,0
NACC006086,3.281,3,1.071,370.35,0,0,0
NACC006087,2.046,5,1.292,566.06,0,0,0
NACC006088,5.174,4,1.333,724.79,0,0,0
NACC006089,3.629,4,0.852,222.78,0,0,0
NACC006090,1.433,3,1.273,407.04,0,0,0
NACC006091,0.99,2,0.679,629.3,0,0,0
NACC006092,2.314,1,1.085,372.63,0,0,0
NACC006093,0.201,3,0.736,352.66,0,0,0
NACC006094,3.192,2,0.742,265.0,0,0,0
NACC006095,0.889,3,0.862,339.89,0,0,0
NACC006096,1.217,4,1.328,242.45,0,0,0
NACC006097,4.104,2,0.742,639.37,0,0,0
NACC006098,1.715,1,0.775,299.26,0,0,0
NACC006099,2.859,4,0.719,363.97,0,0,0
NACC006100,3.812,4,1.335,902.03,0,0,0
NACC006101,1.341,1,0.614,446.4,0,0,0
NACC006102,4.082,2,0.783,90.59,0,0,0
NACC006103,1.694,2,1.091,295.21,0,0,0
NACC006104,3.04,2,1.098,281.05,0,0,0
NACC006105,1.304,1,1.395,779.9,0,0,0
NACC006106,1.621,3,1.414,534.41,0,0,0
NACC006107,1.774,4,0.664,426.81,0,0,0
NACC006108,2.332,4,1.415,480.45,0,0,0
NACC006109,1.09,3,0.823,238.96,0,0,0
NACC006110,4.689,3,0.998,301.86,0,0,0
NACC006111,1.018,4,1.142,342.98,0,0,0
NACC006112,5.989,5,1.134,498.65,0,0,0
NACC006113,2.778,5,0.792,536.47,0,0,0
NACC006114,1.952,4,1.1,458.67,0,0,0
NACC006115,4.84,1,0.983,163.98,0,0,0
NACC006116,2.162,5,1.209,301.97,0,0,0
NACC006117,1.095,5,1.303,214.78,0,0,0
NACC006118,1.978,3,1.402,426.11,0,0,0
NACC006119,4.445,1,1.401,317.18,0,0,0
NACC006120,2.591,3,1.067,449.53,0,0,0
NACC006121,0.772,4,0.695,949.98,0,0,0
NACC006122,3.953,4,1.021,215.65,0,0,0
NACC006123,2.653,5,1.285,692.32,0,0,0
NACC006124,1.059,2,0.687,506.18,0,0,0
NACC006125,2.162,3,1.139,469.86,0,0,0
NACC006126,1.748,3,0.858,517.99,0,0,0
NACC006127,4.171,2,1.373,211.17,0,0,0
NACC006128,1.5,1,1.087,381.41,0,0,0
NACC006129,2.796,5,0.721,490.08,0,0,0
NACC006130,2.268,4,1.46,635.39,0,0,0
NACC006131,3.156,1,0.988,511.51,0,0,0
NACC006132,1.726,3,1.471,481.81,0,0,0
NACC006133,2.218,2,1.166,305.12,0,0,0
NACC006134,2.331,4,1.438,332.76,0,0,0
NACC006135,1.37,4,1.268,491.06,0,0,0
NACC006136,2.244,5,1.131,490.45,0,0,0
NACC006137,1.759,5,0.914,639.49,0,0,0
NACC006138,1.437,5,1.363,435.11,0,0,0
NACC006139,5.437,3,0.77,204.47,0,0,0
NACC006140,2.784,2,0.857,320.14,0,0,0
NACC006141,4.223,1,1.487,735.48,0,0,0
NACC006142,3.049,2,1.463,285.81,0,0,0
NACC006143,0.86,3,1.042,164.38,0,0,0
NACC006144,3.339,2,1.289,195.84,0,0,0
NACC006145,7.038,1,1.1,535.67,0,0,0
NACC006146,2.2,3,0.776,251.81,0,0,0
NACC006147,0.175,1,1.223,64.14,0,0,0
NACC006148,3.057,3,1.376,309.43,0,0,0
NACC006149,1.125,1,0.936,1286.86,0,0,0
NACC006150,0.209,4,0.845,111.84,0,0,0
NACC006151,3.089,2,1.077,224.74,0,0,0
NACC006152,1.98,4,0.914,211.78,0,0,0
NACC006153,6.712,2,0.703,311.57,0,0,0
NACC006154,2.212,4,0.759,103.27,0,0,0
NACC006155,5.109,2,1.443,489.26,0,0,0
NACC006156,4.256,3,1.413,212.65,0,0,0
NACC006157,2.723,5,1.465,302.45,0,0,0
NACC006158,2.549,3,0.723,356.31,0,0,0
NACC006159,0.596,4,1.095,722.77,0,0,0
NACC006160,1.754,4,1.203,561.52,0,0,0
NACC006161,1.269,3,0.602,621.81,0,0,0
NACC006162,3.315,3,1.379,783.72,0,0,0
NACC006163,1.607,3,0.898,214.44,0,0,0
NACC006164,3.728,5,1.491,258.11,0,0,0
NACC006165,4.883,1,1.148,420.11,0,0,0
NACC006166,3.863,4,0.604,633.98,0,0,0
NACC006167,2.955,2,1.44,684.84,0,0,0
NACC006168,1.484,5,0.708,191.59,0,0,0
NACC006169,1.49,5,1.477,576.0,0,0,0
NACC006170,0.686,3,0.851,487.72,0,0,0
NACC006171,3.614,1,1.15,417.24,0,0,0
NACC006172,0.817,4,1.235,527.29,0,0,0
NACC006173,1.192,1,1.265,480.7,0,0,0
NACC006174,1.4,1,0.81,207.07,0,0,0
NACC006175,0.817,2,0.723,819.03,0,0,0
NACC006176,2.834,4,1.344,435.25,0,0,0
NACC006177,1.911,2,0.973,956.3,0,0,0
NACC006178,5.806,4,1.063,617.78,0,0,0
NACC006179,1.436,1,0.799,297.77,0,0,0
NACC006180,2.476,2,1.015,297.08,0,0,0
NACC006181,6.015,1,0.607,235.5,0,0,0
NACC006182,1.991,2,1.354,455.14,0,0,0
NACC006183,5.052,4,0.827,303.89,0,0,0
NACC006184,2.399,1,1.389,263.03,0,0,0
NACC006185,2.235,4,0.619,152.54,0,0,0
NACC006186,1.723,4,1.02,517.64,0,0,0
NACC006187,1.673,1,1.371,269.92,0,0,0
NACC006188,1.043,2,0.658,1161.39,0,0,0
NACC006189,0.971,1,1.156,386.77,0,0,0
NACC006190,1.691,3,0.734,799.98,0,0,0
NACC006191,1.717,1,1.403,899.48,0,0,0
NACC006192,0.89,4,1.421,387.68,0,0,0
NACC006193,0.974,3,1.048,496.3,0,0,0
NACC006194,0.956,1,1.227,686.97,0,0,0
NACC006195,0.416,4,1.491,777.33,0,0,0
NACC006196,5.188,2,0.982,190.62,0,0,0
NACC006197,1.697,3,1.265,578.31,0,0,0
NACC006198,1.629,2,0.846,599.24,0,0,0
NACC006199,0.812,2,1.257,239.16,0,0,0
NACC006200,3.068,4,0.959,253.31,0,0,0
NACC006201,0.735,5,1.486,393.82,0,0,0
NACC006202,0.836,4,1.418,97.85,0,0,0
NACC006203,3.698,4,1.298,497.04,0,0,0
NACC006204,1.008,1,1.231,364.8,0,0,0
NACC006205,0.63,1,0.637,631.12,0,0,0
NACC006206,2.381,4,1.17,542.39,0,0,0
NACC006207,0.879,4,1.099,566.6,0,0,0
NACC006208,4.136,2,0.772,595.93,0,0,0
NACC006209,1.532,5,0.949,337.15,0,0,0
NACC006210,1.324,1,1.25,333.45,0,0,0
NACC006211,0.27,4,0.744,260.12,0,0,0
NACC006212,1.042,4,0.913,134.96,0,0,0
NACC006213,1.282,3,0.95,572.33,0,0,0
NACC006214,3.528,2,0.882,646.13,0,0,0
NACC006215,2.469,2,1.248,814.09,0,0,0
NACC006216,4.623,3,1.234,469.87,0,0,0
NACC006217,4.309,2,1.279,271.5,0,0,0
NACC006218,1.369,5,1.359,169.09,0,0,0
NACC006219,3.649,5,1.302,827.41,0,0,0
NACC006220,1.331,5,0.816,126.4,0,0,0
NACC006221,4.694,1,1.28,309.28,0,0,0
NACC006222,4.129,1,1.391,166.38,0,0,0
NACC006223,3.484,4,0.767,526.02,0,0,0
NACC006224,4.363,4,1.442,396.81,0,0,0
NACC006225,3.953,5,0.894,550.91,0,0,0
NACC006226,3.752,5,1.262,376.62,0,0,0
NACC006227,0.967,1,1.455,483.69,0,0,0
NACC006228,3.952,5,1.056,850.33,0,0,0
NACC006229,3.09,1,1.028,529.62,0,0,0
NACC006230,2.28,2,1.442,96.41,0,0,0
NACC006231,3.842,1,0.889,524.87,0,0,0
NACC006232,0.69,3,1.212,635.84,0,0,0
NACC006233,1.691,5,1.438,619.61,0,0,0
NACC006234,2.605,4,1.3,569.31,0,0,0
NACC006235,4.519,5,1.383,392.22,0,0,0
NACC006236,2.235,1,1.25,374.3,0,0,0
NACC006237,0.703,3,0.929,400.85,0,0,0
NACC006238,2.519,5,1.266,175.6,0,0,0
NACC006239,2.439,1,0.759,822.03,0,0,0
NACC006240,1.234,2,0.795,896.76,0,0,0
NACC006241,1.893,3,1.237,293.82,0,0,0
NACC006242,1.295,5,1.417,721.87,0,0,0
NACC006243,1.049,4,0.64,466.84,0,0,0
NACC006244,5.793,2,1.483,45.86,0,0,0
NACC006245,5.383,2,0.993,126.81,0,0,0
NACC006246,1.889,3,1.37,1088.76,0,0,0
NACC006247,2.264,4,1.034,485.9,0,0,0
NACC006248,1.817,5,1.116,672.4,0,0,0
NACC006249,1.047,4,0.927,276.38,0,0,0
NACC006250,4.491,3,1.023,777.37,0,0,0
NACC006251,2.494,1,0.957,223.96,0,0,0
NACC006252,2.391,3,1.236,604.45,0,0,0
NACC006253,0.759,3,0.891,544.96,0,0,0
NACC006254,6.468,5,0.666,713.46,0,0,0
NACC006255,3.544,5,1.06,478.52,0,0,0
NACC006256,3.76,3,1.241,527.16,0,0,0
NACC006257,3.652,5,1.014,1070.41,0,0,0
NACC006258,4.396,1,0.822,506.7,0,0,0
NACC006259,1.246,1,1.144,795.21,0,0,0
NACC006260,2.155,3,0.711,480.52,0,0,0
NACC006261,1.961,4,0.759,503.04,0,0,0
NACC006262,4.984,3,1.488,530.2,0,0,0
NACC006263,1.451,4,1.066,448.82,0,0,0
NACC006264,2.298,2,1.26,229.97,0,0,0
NACC006265,3.733,2,0.823,307.25,0,0,0
NACC006266,1.664,1,1.468,192.23,0,0,0
NACC006267,0.416,1,0.806,781.19,0,0,0
NACC006268,3.183,4,1.133,998.82,0,0,0
NACC006269,10.319,5,1.286,365.54,0,0,0
NACC006270,5.14,4,0.856,704.32,0,0,0
NACC006271,1.236,3,1.197,463.32,0,0,0
NACC006272,2.76,1,1.219,135.94,0,0,0
NACC006273,2.345,2,1.094,601.54,0,0,0
NACC006274,1.484,3,0.823,426.52,0,0,0
NACC006275,1.086,3,0.804,846.9,0,0,0
NACC006276,0.931,4,0.94,444.88,0,0,0
NACC006277,2.165,4,1.241,241.14,0,0,0
NACC006278,9.694,4,0.686,484.21,0,0,0
NACC006279,3.828,4,1.437,798.21,0,0,0
NACC006280,0.693,5,0.707,499.83,0,0,0
NACC006281,0.868,5,1.209,455.24,0,0,0
NACC006282,1.582,5,0.676,423.68,0,0,0
NACC006283,3.932,5,0.959,411.97,0,0,0
NACC006284,2.146,3,1.215,451.54,0,0,0
NACC006285,0.841,2,1.286,295.04,0,0,0
NACC006286,6.748,3,0.748,992.1,0,0,0
NACC006287,5.035,4,1.152,454.37,0,0,0
NACC006288,0.51,5,0.764,700.66,0,0,0
NACC006289,2.834,1,1.344,315.43,0,0,0
NACC006290,1.299,5,0.668,296.43,0,0,0
NACC006291,2.011,2,0.896,704.29,0,0,0
NACC006292,3.298,5,0.736,138.1,0,0,0
NACC006293,2.809,2,0.973,572.63,0,0,0
NACC006294,0.309,4,0.614,191.92,0,0,0
NACC006295,4.371,4,0.672,274.32,0,0,0
NACC006296,1.825,3,1.253,726.04,0,0,0
NACC006297,2.742,4,0.846,224.11,0,0,0
NACC006298,3.458,1,1.187,129.86,0,0,0
NACC006299,3.503,3,0.725,631.31,0,0,0
NACC006300,1.715,1,1.414,438.5,0,0,0
NACC006301,2.354,2,1.451,353.42,0,0,0
NACC006302,1.29,5,1.452,314.75,0,0,0
NACC006303,1.424,2,0.614,621.08,0,0,0
NACC006304,1.154,3,0.773,342.3,0,0,0
NACC006305,4.82,1,1.156,204.48,0,0,0
NACC006306,1.144,3,0.783,434.7,0,0,0
NACC006307,4.329,2,0.601,371.2,0,0,0
NACC006308,0.518,3,1.292,816.3,0,0,0
NACC006309,8.654,2,1.407,499.5,0,0,0
NACC006310,4.021,1,0.757,199.8,0,0,0
NACC006311,2.005,2,1.043,289.44,0,0,0
NACC006312,3.659,2,1.447,570.73,0,0,0
NACC006313,2.357,2,0.842,1366.22,0,0,0
NACC006314,0.791,5,1.232,740.9,0,0,0
NACC006315,3.447,1,1.209,142.54,0,0,0
NACC006316,4.096,4,0.899,306.35,0,0,0
NACC006317,1.976,2,1.113,264.93,0,0,0
NACC006318,1.589,4,1.166,354.82,0,0,0
NACC006319,1.293,1,0.955,262.22,0,0,0
NACC006320,0.859,3,0.886,396.62,0,0,0
NACC006321,4.178,5,1.084,193.04,0,0,0
NACC006322,0.686,1,0.97,737.73,0,0,0
NACC006323,2.783,4,1.444,389.7,0,0,0
NACC006324,0.693,1,0.938,428.46,0,0,0
NACC006325,0.911,3,0.998,121.8,0,0,0
NACC006326,0.294,1,0.871,271.44,0,0,0
NACC006327,4.716,1,1.12,522.02,0,0,0
NACC006328,2.879,2,0.698,488.36,0,0,0
NACC006329,0.303,5,1.482,292.75,0,0,0
NACC006330,6.456,3,1.209,594.86,0,0,0
NACC006331,1.398,2,1.068,637.68,0,0,0
NACC006332,1.613,1,0.819,506.28,0,0,0
NACC006333,0.966,5,1.087,406.1,0,0,0
NACC006334,0.358,4,1.322,224.61,0,0,0
NACC006335,12.285,3,1.011,439.65,0,0,0
NACC006336,3.444,1,1.143,266.1,0,0,0
NACC006337,1.851,3,0.985,501.94,0,0,0
NACC006338,1.94,1,0.919,391.31,0,0,0
NACC006339,6.161,4,0.948,135.89,0,0,0
NACC006340,1.999,5,1.494,513.5,0,0,0
NACC006341,5.279,3,0.95,550.32,0,0,0
NACC006342,2.897,2,0.873,193.45,0,0,0
NACC006343,1.195,2,0.784,604.44,0,0,0
NACC006344,1.812,5,1.449,356.78,0,0,0
NACC006345,4.005,5,0.901,868.45,0,0,0
NACC006346,1.72,3,1.469,633.16,0,0,0
NACC006347,1.501,4,1.166,171.96,0,0,0
NACC006348,1.33,1,1.407,322.49,0,0,0
NACC006349,4.304,3,1.056,672.86,0,0,0
NACC006350,0.166,1,1.422,441.82,0,0,0
NACC006351,6.843,2,1.254,800.25,0,0,0
NACC006352,0.498,3,0.973,350.92,0,0,0
NACC006353,0.419,1,1.155,443.47,0,0,0
NACC006354,1.168,4,0.654,673.04,0,0,0
NACC006355,2.686,1,1.213,383.39,0,0,0
NACC006356,5.502,2,0.894,436.82,0,0,0
NACC006357,1.643,2,1.043,766.74,0,0,0
NACC006358,1.225,4,0.96,589.2,0,0,0
NACC006359,2.768,4,0.628,473.84,0,0,0
NACC006360,0.83,3,0.72,361.19,0,0,0
NACC006361,1.499,5,0.83,624.66,0,0,0
NACC006362,1.292,3,1.266,442.4,0,0,0
NACC006363,1.651,4,1.112,343.64,0,0,0
NACC006364,6.952,5,1.208,353.5,0,0,0
NACC006365,0.888,3,0.867,245.8,0,0,0
NACC006366,1.442,3,1.017,493.12,0,0,0
NACC006367,2.728,4,1.381,319.21,0,0,0
NACC006368,4.436,2,1.364,446.56,0,0,0
NACC006369,2.487,4,1.211,537.97,0,0,0
NACC006370,1.035,3,0.931,221.01,0,0,0
NACC006371,1.709,4,0.951,368.77,0,0,0
NACC006372,2.484,5,1.262,174.05,0,0,0
NACC006373,3.501,3,0.754,221.9,0,0,0
NACC006374,2.138,1,1.438,303.56,0,0,0
NACC006375,1.331,2,1.222,815.97,0,0,0
NACC006376,0.823,3,1.367,515.57,0,0,0
NACC006377,5.241,5,0.767,781.32,0,0,0
NACC006378,4.796,1,1.191,254.78,0,0,0
NACC006379,2.417,2,0.807,339.49,0,0,0
NACC006380,3.213,4,0.948,199.64,0,0,0
NACC006381,2.812,5,1.303,417.5,0,0,0
NACC006382,3.68,5,1.454,310.79,0,0,0
NACC006383,1.625,3,1.215,353.42,0,0,0
NACC006384,3.46,5,1.12,766.98,0,0,0
NACC006385,5.799,1,1.1,392.06,0,0,0
NACC006386,0.64,5,0.893,238.79,0,0,0
NACC006387,0.638,4,1.264,392.11,0,0,0
NACC006388,1.466,5,1.003,374.21,0,0,0
NACC006389,4.601,1,1.461,375.67,0,0,0
NACC006390,1.042,2,1.049,325.86,0,0,0
NACC006391,1.535,5,1.327,871.94,0,0,0
NACC006392,4.977,2,0.903,364.19,0,0,0
NACC006393,2.816,4,1.284,215.68,0,0,0
NACC006394,1.471,2,1.02,437.07,0,0,0
NACC006395,4.792,1,1.215,520.19,0,0,0
NACC006396,3.043,1,0.987,293.32,0,0,0
NACC006397,4.443,4,1.496,405.83,0,0,0
NACC006398,1.31,1,1.294,710.8,0,0,0
NACC006399,1.6,2,0.856,654.32,0,0,0
NACC006400,0.449,4,1.332,698.32,0,0,0
NACC006401,2.254,1,1.289,586.74,0,0,0
NACC006402,1.905,2,1.34,676.37,0,0,0
NACC006403,1.987,5,0.896,601.89,0,0,0
NACC006404,2.501,5,0.631,361.31,0,0,0
NACC006405,0.437,1,0.898,213.82,0,0,0
NACC006406,0.7,3,1.153,251.9,0,0,0
NACC006407,4.61,3,0.834,619.81,0,0,0
NACC006408,3.445,5,1.283,277.52,0,0,0
NACC006409,1.775,4,1.385,481.12,0,0,0
NACC006410,2.031,5,0.981,754.05,0,0,0
NACC006411,1.563,5,1.076,284.96,0,0,0
NACC006412,1.934,1,0.919,870.41,0,0,0
NACC006413,1.88,2,1.408,437.7,0,0,0
NACC006414,5.059,4,1.418,337.72,0,0,0
NACC006415,2.251,5,1.28,965.59,0,0,0
NACC006416,2.391,1,0.602,918.8,0,0,0
NACC006417,2.296,2,1.481,428.81,0,0,0
NACC006418,0.928,4,1.309,301.61,0,0,0
NACC006419,0.739,4,1.393,289.45,0,0,0
NACC006420,2.28,5,1.258,603.91,0,0,0
NACC006421,9.978,4,0.875,507.22,0,0,0
NACC006422,2.154,2,1.373,780.77,0,0,0
NACC006423,0.36,2,1.125,496.68,0,0,0
NACC006424,6.531,2,0.988,548.68,0,0,0
NACC006425,2.015,1,1.269,484.94,0,0,0
NACC006426,4.588,3,0.702,546.92,0,0,0
NACC006427,0.761,3,1.205,462.03,0,0,0
NACC006428,0.19,3,0.603,492.03,0,0,0
NACC006429,1.526,2,1.498,477.61,0,0,0
NACC006430,1.321,4,1.233,675.16,0,0,0
NACC006431,0.663,1,0.718,889.23,0,0,0
NACC006432,3.345,3,0.828,681.37,0,0,0
NACC006433,0.453,3,1.156,503.22,0,0,0
NACC006434,1.158,3,1.476,487.58,0,0,0
NACC006435,2.016,2,0.833,86.28,0,0,0
NACC006436,1.476,2,0.785,620.65,0,0,0
NACC006437,1.204,1,0.702,793.66,0,0,0
NACC006438,1.263,1,1.072,289.14,0,0,0
NACC006439,1.631,1,0.757,786.79,0,0,0
NACC006440,1.396,1,1.364,571.81,0,0,0
NACC006441,2.962,2,0.708,618.93,0,0,0
NACC006442,1.265,1,1.116,429.77,0,0,0
NACC006443,1.941,5,0.827,177.46,0,0,0
NACC006444,2.618,1,0.81,437.75,0,0,0
NACC006445,3.878,3,1.299,348.43,0,0,0
NACC006446,1.706,5,1.158,938.77,0,0,0
NACC006447,3.012,2,0.612,425.68,0,0,0
NACC006448,1.651,3,0.742,613.82,0,0,0
NACC006449,1.213,2,0.851,731.88,0,0,0
NACC006450,2.077,3,0.685,862.34,0,0,0
NACC006451,1.791,3,0.619,224.21,0,0,0
NACC006452,2.879,2,1.042,347.0,0,0,0
NACC006453,1.897,4,1.317,292.55,0,0,0
NACC006454,2.777,2,1.067,468.54,0,0,0
NACC006455,4.712,5,0.917,581.52,0,0,0
NACC006456,3.097,4,1.225,233.98,0,0,0
NACC006457,2.265,4,0.698,322.07,0,0,0
NACC006458,0.951,5,1.243,380.44,0,0,0
NACC006459,1.17,2,1.397,460.5,0,0,0
NACC006460,3.036,3,0.782,404.36,0,0,0
NACC006461,1.148,4,0.832,187.22,0,0,0
NACC006462,4.836,2,1.487,726.06,0,0,0
NACC006463,2.069,3,1.185,859.59,0,0,0
NACC006464,0.93,3,0.831,737.39,0,0,0
NACC006465,0.889,1,1.186,271.94,0,0,0
NACC006466,2.165,3,0.766,424.58,0,0,0
NACC006467,2.361,1,0.701,986.03,0,0,0
NACC006468,1.8,3,0.981,110.01,0,0,0
NACC006469,2.8,1,0.766,193.72,0,0,0
NACC006470,0.697,1,1.059,216.09,0,0,0
NACC006471,0.343,3,0.942,674.02,0,0,0
NACC006472,2.257,3,0.793,287.31,0,0,0
NACC006473,0.715,4,0.742,636.93,0,0,0
NACC006474,2.174,5,0.656,998.07,0,0,0
NACC006475,2.1,3,1.475,656.89,0,0,0
NACC006476,0.54,2,0.61,152.61,0,0,0
NACC006477,2.557,3,1.359,651.18,0,0,0
NACC006478,1.579,2,0.962,561.83,0,0,0
NACC006479,3.144,4,0.676,423.05,0,0,0
NACC006480,4.615,1,1.025,379.22,0,0,0
NACC006481,0.736,4,0.716,222.24,0,0,0
NACC006482,1.993,3,1.182,560.3,0,0,0
NACC006483,1.074,4,1.483,480.56,0,0,0
NACC006484,3.21,1,1.429,213.71,0,0,0
NACC006485,3.994,5,0.999,474.75,0,0,0
NACC006486,1.166,2,1.433,347.28,0,0,0
NACC006487,1.002,1,0.969,192.48,0,0,0
NACC006488,1.327,1,0.812,292.11,0,0,0
NACC006489,0.078,3,0.855,474.6,0,0,0
NACC006490,3.038,1,1.307,991.7,0,0,0
NACC006491,5.438,2,1.471,718.18,0,0,0
NACC006492,3.273,5,0.849,961.62,0,0,0
NACC006493,4.546,1,1.136,344.04,0,0,0
NACC006494,0.917,2,1.333,254.68,0,0,0
NACC006495,4.864,3,1.311,735.94,0,0,0
NACC006496,2.319,5,1.151,307.71,0,0,0
NACC006497,0.765,1,0.753,952.97,0,0,0
NACC006498,4.033,4,0.992,180.54,0,0,0
NACC006499,1.86,4,1.458,499.72,0,0,0
NACC006500,2.072,4,0.71,279.38,0,0,0
NACC006501,0.666,4,1.301,553.38,0,0,0
NACC006502,1.846,3,1.358,158.57,0,0,0
NACC006503,0.903,4,0.995,749.32,0,0,0
NACC006504,5.267,5,0.954,208.87,0,0,0
NACC006505,2.102,2,1.055,530.08,0,0,0
NACC006506,0.934,3,1.241,700.18,0,0,0
NACC006507,1.129,5,1.384,260.96,0,0,0
NACC006508,4.998,5,0.651,575.51,0,0,0
NACC006509,0.217,4,1.101,276.58,0,0,0
NACC006510,2.048,3,1.069,265.29,0,0,0
NACC006511,2.303,4,1.478,534.46,0,0,0
NACC006512,2.939,2,1.17,450.36,0,0,0
NACC006513,1.425,2,1.365,652.1,0,0,0
NACC006514,1.042,5,1.251,467.38,0,0,0
NACC006515,1.97,3,1.044,639.68,0,0,0
NACC006516,1.552,4,0.915,416.59,0,0,0
NACC006517,0.55,4,1.232,439.86,0,0,0
NACC006518,3.727,5,0.849,124.35,0,0,0
NACC006519,1.369,2,1.443,406.75,0,0,0
NACC006520,7.119,4,1.105,569.48,0,0,0
NACC006521,1.009,1,0.63,532.17,0,0,0
NACC006522,1.019,3,0.99,358.07,0,0,0
NACC006523,2.556,2,0.796,575.22,0,0,0
NACC006524,3.169,2,0.652,357.55,0,0,0
NACC006525,1.501,4,1.147,1050.19,0,0,0
NACC006526,3.594,3,0.636,271.44,0,0,0
NACC006527,2.751,3,1.396,484.72,0,0,0
NACC006528,0.214,1,0.859,138.21,0,0,0
NACC006529,1.823,3,0.816,450.39,0,0,0
NACC006530,4.01,3,0.655,995.5,0,0,0
NACC006531,3.814,1,0.946,270.5,0,0,0
NACC006532,1.865,1,0.879,349.23,0,0,0
NACC006533,0.709,3,0.835,299.07,0,0,0
NACC006534,2.24,1,0.8,444.59,0,0,0
NACC006535,2.966,4,0.817,605.98,0,0,0
NACC006536,1.249,5,0.766,1070.05,0,0,0
NACC006537,1.486,2,0.843,519.55,0,0,0
NACC006538,1.024,3,1.311,355.24,0,0,0
NACC006539,1.553,1,0.656,283.97,0,0,0
NACC006540,3.237,4,0.794,384.08,0,0,0
NACC006541,4.005,2,0.952,573.73,0,0,0
NACC006542,2.372,4,0.997,349.69,0,0,0
NACC006543,1.775,1,0.996,146.36,0,0,0
NACC006544,3.967,5,1.377,475.62,0,0,0
NACC006545,1.507,4,1.249,361.24,0,0,0
NACC006546,0.484,4,0.683,463.82,0,0,0
NACC006547,0.791,3,0.842,391.8,0,0,0
NACC006548,0.809,5,1.226,687.6,0,0,0
NACC006549,1.082,2,1.454,354.27,0,0,0
NACC006550,1.782,5,0.852,149.9,0,0,0
NACC006551,9.473,2,0.734,596.69,0,0,0
NACC006552,4.988,4,0.998,556.36,0,0,0
NACC006553,1.976,4,0.996,237.11,0,0,0
NACC006554,1.21,1,1.363,376.54,0,0,0
NACC006555,3.838,1,1.46,385.3,0,0,0
NACC006556,3.289,5,0.609,230.2,0,0,0
NACC006557,0.284,5,0.692,404.73,0,0,0
NACC006558,2.167,4,0.834,258.55,0,0,0
NACC006559,1.767,4,1.351,280.51,0,0,0
NACC006560,0.859,5,0.909,465.03,0,0,0
NACC006561,3.0,1,0.642,514.44,0,0,0
NACC006562,1.637,1,0.646,382.39,0,0,0
NACC006563,5.492,4,1.317,334.16,0,0,0
NACC006564,2.876,3,0.744,312.74,0,0,0
NACC006565,0.337,2,1.052,293.92,0,0,0
NACC006566,1.701,4,0.613,406.43,0,0,0
NACC006567,2.637,3,1.386,614.15,0,0,0
NACC006568,2.035,4,0.878,604.25,0,0,0
NACC006569,5.134,4,0.74,351.66,0,0,0
NACC006570,0.108,4,1.087,948.36,0,0,0
NACC006571,6.062,1,0.985,515.52,0,0,0
NACC006572,1.543,3,1.056,671.01,0,0,0
NACC006573,7.647,4,1.242,614.45,0,0,0
NACC006574,2.586,3,1.021,475.02,0,0,0
NACC006575,1.255,4,0.939,395.21,0,0,0
NACC006576,1.036,2,1.481,290.1,0,0,0
NACC006577,3.595,5,1.299,956.88,0,0,0
NACC006578,1.201,4,1.297,339.12,0,0,0
NACC006579,0.445,1,0.887,1155.7,0,0,0
NACC006580,2.856,3,0.969,646.98,0,0,0
NACC006581,1.303,4,1.186,344.73,0,0,0
NACC006582,1.381,4,0.924,813.66,0,0,0
NACC006583,0.722,5,0.78,630.79,0,0,0
NACC006584,1.003,1,0.674,501.41,0,0,0
NACC006585,1.839,4,0.962,922.34,0,0,0
NACC006586,4.994,2,0.921,297.69,0,0,0
NACC006587,2.103,3,1.277,691.91,0,0,0
NACC006588,0.932,4,0.916,157.61,0,0,0
NACC006589,1.564,3,1.235,479.3,0,0,0
NACC006590,2.322,1,1.453,460.44,0,0,0
NACC006591,1.697,3,1.469,180.89,0,0,0
NACC006592,1.211,2,1.03,450.54,0,0,0
NACC006593,2.015,5,1.067,760.03,0,0,0
NACC006594,1.166,2,0.824,438.59,0,0,0
NACC006595,1.49,3,0.725,157.93,0,0,0
NACC006596,0.813,3,0.607,322.63,0,0,0
NACC006597,3.313,1,0.771,640.34,0,0,0
NACC006598,3.369,3,1.172,683.66,0,0,0
NACC006599,1.574,1,1.04,457.86,0,0,0
NACC006600,1.841,2,0.742,593.63,0,0,0
NACC006601,1.599,2,0.701,534.79,0,0,0
NACC006602,3.329,2,0.727,334.78,0,0,0
NACC006603,3.879,2,0.868,607.08,0,0,0
NACC006604,0.39,5,0.797,301.59,0,0,0
NACC006605,2.369,5,1.378,145.21,0,0,0
NACC006606,6.118,4,1.384,705.53,0,0,0
NACC006607,3.422,3,0.877,261.85,0,0,0
NACC006608,5.062,3,0.905,375.13,0,0,0
NACC006609,1.39,3,1.022,381.64,0,0,0
NACC006610,2.949,2,1.407,435.82,0,0,0
NACC006611,3.952,2,0.632,350.67,0,0,0
NACC006612,0.811,2,1.178,176.57,0,0,0
NACC006613,2.622,2,0.948,393.68,0,0,0
NACC006614,1.475,1,1.006,328.57,0,0,0
NACC006615,1.872,5,0.871,386.39,0,0,0
NACC006616,1.795,1,1.275,478.65,0,0,0
NACC006617,0.654,2,1.302,881.39,0,0,0
NACC006618,3.288,4,0.648,853.74,0,0,0
NACC006619,0.743,4,1.169,452.95,0,0,0
NACC006620,0.537,5,1.13,268.75,0,0,0
NACC006621,1.005,2,1.42,278.66,0,0,0
NACC006622,3.555,4,0.602,782.08,0,0,0
NACC006623,2.074,4,0.925,477.47,0,0,0
NACC006624,3.317,5,0.723,448.56,0,0,0
NACC006625,2.985,4,0.743,258.28,0,0,0
NACC006626,1.611,2,0.836,367.64,0,0,0
NACC006627,0.085,2,1.357,275.9,0,0,0
NACC006628,2.035,3,1.039,743.57,0,0,0
NACC006629,3.239,4,1.023,1447.93,0,0,0
NACC006630,3.411,4,0.723,567.06,0,0,0
NACC006631,1.818,1,0.989,455.6,0,0,0
NACC006632,0.259,1,1.282,548.22,0,0,0
NACC006633,1.875,2,1.325,411.63,0,0,0
NACC006634,2.406,3,1.086,617.2,0,0,0
NACC006635,1.529,3,1.402,326.38,0,0,0
NACC006636,2.172,3,0.891,486.11,0,0,0
NACC006637,2.05,3,0.6,415.89,0,0,0
NACC006638,2.143,1,1.197,147.37,0,0,0
NACC006639,0.546,3,1.376,104.44,0,0,0
NACC006640,0.817,4,1.389,422.7,0,0,0
NACC006641,0.986,2,0.826,791.03,0,0,0
NACC006642,0.633,3,0.85,286.28,0,0,0
NACC006643,5.218,1,0.83,543.67,0,0,0
NACC006644,1.068,3,0.62,564.31,0,0,0
NACC006645,2.77,2,0.979,671.35,0,0,0
NACC006646,3.418,3,1.477,768.17,0,0,0
NACC006647,1.69,2,1.252,343.0,0,0,0
NACC006648,2.406,1,0.781,84.7,0,0,0
NACC006649,0.59,1,1.286,339.84,0,0,0
NACC006650,2.343,3,0.766,699.22,0,0,0
NACC006651,2.423,5,0.666,590.57,0,0,0
NACC006652,1.445,2,1.005,627.57,0,0,0
NACC006653,1.079,1,0.891,135.66,0,0,0
NACC006654,1.06,2,1.449,205.98,0,0,0
NACC006655,0.145,3,1.432,401.66,0,0,0
NACC006656,6.683,2,1.07,576.94,0,0,0
NACC006657,2.145,3,0.822,560.76,0,0,0
NACC006658,0.361,4,0.927,278.32,0,0,0
NACC006659,4.06,5,1.164,307.68,0,0,0
NACC006660,3.224,3,1.44,349.69,0,0,0
NACC006661,4.919,4,1.4,224.82,0,0,0
NACC006662,5.355,1,1.494,473.61,0,0,0
NACC006663,5.794,2,1.103,640.29,0,0,0
NACC006664,2.308,4,0.655,554.45,0,0,0
NACC006665,3.044,4,0.835,292.07,0,0,0
NACC006666,2.133,4,0.67,434.96,0,0,0
NACC006667,2.501,1,1.455,477.13,0,0,0
NACC006668,2.351,5,1.31,647.12,0,0,0
NACC006669,3.169,5,1.382,507.23,0,0,0
NACC006670,1.278,2,0.81,379.36,0,0,0
NACC006671,1.678,4,0.652,582.38,0,0,0
NACC006672,3.177,4,1.036,536.16,0,0,0
NACC006673,1.207,5,0.788,198.2,0,0,0
NACC006674,1.52,3,0.984,233.76,0,0,0
NACC006675,0.94,3,1.102,506.18,0,0,0
NACC006676,3.245,3,1.212,761.2,0,0,0
NACC006677,2.604,2,0.704,412.55,0,0,0
NACC006678,1.706,1,0.911,494.81,0,0,0
NACC006679,3.783,5,1.236,525.03,0,0,0
NACC006680,3.045,4,0.77,1147.4,0,0,0
NACC006681,4.089,1,1.239,131.79,0,0,0
NACC006682,3.936,2,0.79,357.65,0,0,0
NACC006683,3.376,3,0.836,200.18,0,0,0
NACC006684,0.664,5,0.963,335.42,0,0,0
NACC006685,2.212,1,0.636,650.2,0,0,0
NACC006686,2.989,4,1.375,191.37,0,0,0
NACC006687,1.086,2,0.663,418.63,0,0,0
NACC006688,2.693,3,1.014,619.39,0,0,0
NACC006689,3.644,4,0.712,528.69,0,0,0
NACC006690,4.148,3,1.004,111.09,0,0,0
NACC006691,2.668,3,1.43,1017.66,0,0,0
NACC006692,2.136,1,0.62,342.05,0,0,0
NACC006693,1.711,5,0.771,1086.11,0,0,0
NACC006694,4.853,1,0.754,410.94,0,0,0
NACC006695,0.769,1,1.303,545.7,0,0,0
NACC006696,0.271,1,1.061,395.27,0,0,0
NACC006697,6.154,4,0.709,706.89,0,0,0
NACC006698,1.552,2,1.237,770.55,0,0,0
NACC006699,1.296,2,0.959,394.44,0,0,0
NACC006700,3.624,1,1.191,424.81,0,0,0
NACC006701,3.475,1,1.233,442.49,0,0,0
NACC006702,8.24,4,1.271,280.84,0,0,0
NACC006703,3.506,4,1.356,534.85,0,0,0
NACC006704,2.368,4,1.063,224.59,0,0,0
NACC006705,2.291,1,1.488,276.77,0,0,0
NACC006706,0.183,3,1.002,670.62,0,0,0
NACC006707,0.664,4,1.04,696.36,0,0,0
NACC006708,4.73,5,1.428,420.7,0,0,0
NACC006709,4.253,2,1.242,738.3,0,0,0
NACC006710,1.132,1,1.176,152.5,0,0,0
NACC006711,3.581,1,0.72,609.67,0,0,0
NACC006712,1.287,3,1.021,413.31,0,0,0
NACC006713,1.761,4,0.795,486.27,0,0,0
NACC006714,1.321,3,0.966,352.56,0,0,0
NACC006715,2.008,2,1.024,421.64,0,0,0
NACC006716,0.265,1,0.788,747.79,0,0,0
NACC006717,1.957,1,1.125,355.26,0,0,0
NACC006718,1.4,1,0.77,235.27,0,0,0
NACC006719,4.657,2,1.107,680.69,0,0,0
NACC006720,0.553,3,0.806,290.73,0,0,0
NACC006721,4.408,4,0.863,344.93,0,0,0
NACC006722,2.825,3,1.112,409.26,0,0,0
NACC006723,2.042,5,0.883,763.41,0,0,0
NACC006724,4.143,5,0.944,608.63,0,0,0
NACC006725,1.835,1,1.346,176.37,0,0,0
NACC006726,0.974,4,0.873,603.05,0,0,0
NACC006727,0.108,1,1.497,480.9,0,0,0
NACC006728,1.655,1,0.965,505.33,0,0,0
NACC006729,1.144,4,1.001,743.79,0,0,0
NACC006730,0.866,2,0.872,428.28,0,0,0
NACC006731,3.234,1,1.038,351.06,0,0,0
NACC006732,5.347,3,1.236,1224.49,0,0,0
NACC006733,0.79,3,1.045,1006.46,0,0,0
NACC006734,0.759,3,0.948,573.82,0,0,0
NACC006735,1.066,3,1.332,505.13,0,0,0
NACC006736,4.0,5,1.481,902.68,0,0,0
NACC006737,4.127,5,1.002,331.27,0,0,0
NACC006738,1.972,1,0.862,468.73,0,0,0
NACC006739,2.382,1,0.797,617.94,0,0,0
NACC006740,4.507,2,0.703,262.3,0,0,0
NACC006741,1.581,1,1.031,267.02,0,0,0
NACC006742,1.577,3,1.323,541.39,0,0,0
NACC006743,3.153,2,0.642,722.58,0,0,0
NACC006744,0.405,2,1.055,938.31,0,0,0
NACC006745,2.047,5,0.63,758.08,0,0,0
NACC006746,0.135,1,0.947,467.7,0,0,0
NACC006747,2.235,3,0.85,793.22,0,0,0
NACC006748,2.079,4,0.967,1060.85,0,0,0
NACC006749,2.328,4,1.304,281.72,0,0,0
NACC006750,2.814,4,1.19,230.42,0,0,0
NACC006751,7.023,2,1.083,596.73,0,0,0
NACC006752,5.488,2,1.46,228.74,0,0,0
NACC006753,2.059,2,1.392,144.88,0,0,0
NACC006754,3.868,3,1.04,217.3,0,0,0
NACC006755,2.554,1,0.726,905.86,0,0,0
NACC006756,0.908,4,1.24,338.62,0,0,0
NACC006757,3.888,2,1.171,309.12,0,0,0
NACC006758,1.308,4,0.954,380.69,0,0,0
NACC006759,1.36,2,1.113,790.99,0,0,0
NACC006760,2.096,2,0.628,442.3,0,0,0
NACC006761,2.341,1,1.148,521.15,0,0,0
NACC006762,2.41,2,0.934,380.29,0,0,0
NACC006763,3.611,4,1.347,807.39,0,0,0
NACC006764,0.926,4,1.201,287.48,0,0,0
NACC006765,2.1,5,0.856,453.17,0,0,0
NACC006766,5.541,5,1.377,255.38,0,0,0
NACC006767,9.914,1,0.819,401.29,0,0,0
NACC006768,1.943,1,1.313,289.35,0,0,0
NACC006769,0.797,3,0.761,340.37,0,0,0
NACC006770,1.037,3,1.306,434.13,0,0,0
NACC006771,3.523,3,1.287,1049.83,0,0,0
NACC006772,3.211,5,0.937,239.0,0,0,0
NACC006773,7.66,1,1.251,348.51,0,0,0
NACC006774,2.372,4,0.847,623.39,0,0,0
NACC006775,1.178,2,1.26,373.85,0,0,0
NACC006776,0.879,3,0.898,266.33,0,0,0
NACC006777,1.063,4,1.18,1019.68,0,0,0
NACC006778,0.499,5,1.462,573.43,0,0,0
NACC006779,0.488,1,1.019,748.7,0,0,0
NACC006780,2.576,3,1.324,992.14,0,0,0
NACC006781,0.944,4,0.861,431.39,0,0,0
NACC006782,0.757,5,1.054,205.01,0,0,0
NACC006783,7.093,1,1.144,204.89,0,0,0
NACC006784,4.637,1,0.911,483.32,0,0,0
NACC006785,0.902,3,1.214,168.12,0,0,0
NACC006786,2.912,5,0.785,655.92,0,0,0
NACC006787,1.875,4,1.319,586.74,0,0,0
NACC006788,0.916,4,0.675,1021.06,0,0,0
NACC006789,7.783,1,0.997,233.38,0,0,0
NACC006790,1.926,3,0.999,362.58,0,0,0
NACC006791,1.473,5,1.412,312.73,0,0,0
NACC006792,5.671,4,0.77,1052.49,0,0,0
NACC006793,4.145,5,1.304,986.03,0,0,0
NACC006794,1.628,5,1.378,619.12,0,0,0
NACC006795,3.836,1,0.669,450.27,0,0,0
NACC006796,0.735,4,1.487,474.3,0,0,0
NACC006797,0.795,4,1.098,382.66,0,0,0
NACC006798,2.674,3,1.241,457.22,0,0,0
NACC006799,1.819,4,1.019,817.01,0,0,0
NACC006800,2.647,2,1.18,719.45,0,0,0
NACC006801,11.809,2,1.138,547.89,0,0,0
NACC006802,1.716,2,1.048,1078.93,0,0,0
NACC006803,0.73,1,0.977,598.3,0,0,0
NACC006804,5.94,1,1.19,733.93,0,0,0
NACC006805,1.377,4,1.488,603.97,0,0,0
NACC006806,2.973,5,0.632,847.02,0,0,0
NACC006807,1.783,3,0.642,694.17,0,0,0
NACC006808,2.026,2,0.82,387.41,0,0,0
NACC006809,2.097,2,1.106,327.98,0,0,0
NACC006810,1.751,3,1.443,261.45,0,0,0
NACC006811,0.618,3,1.475,812.65,0,0,0
NACC006812,2.978,5,1.323,445.26,0,0,0
NACC006813,0.603,5,1.049,236.74,0,0,0
NACC006814,3.708,4,0.822,424.08,0,0,0
NACC006815,2.48,1,1.108,261.89,0,0,0
NACC006816,2.658,1,1.45,637.24,0,0,0
NACC006817,0.633,5,1.236,509.35,0,0,0
NACC006818,0.709,3,1.332,1030.62,0,0,0
NACC006819,2.487,5,0.936,712.22,0,0,0
NACC006820,1.865,4,1.098,729.72,0,0,0
NACC006821,0.519,4,1.336,106.39,0,0,0
NACC006822,6.934,3,0.694,902.23,0,0,0
NACC006823,1.158,4,0.684,427.78,0,0,0
NACC006824,3.926,4,0.702,477.7,0,0,0
NACC006825,0.699,4,0.733,123.77,0,0,0
NACC006826,0.203,2,1.203,355.91,0,0,0
NACC006827,1.722,5,0.791,433.94,0,0,0
NACC006828,3.101,3,1.247,591.05,0,0,0
NACC006829,0.982,1,0.76,955.83,0,0,0
NACC006830,2.331,4,0.995,52.74,0,0,0
NACC006831,1.381,1,1.105,1018.82,0,0,0
NACC006832,2.914,1,1.278,324.75,0,0,0
NACC006833,0.751,5,0.636,606.74,0,0,0
NACC006834,1.917,4,0.874,475.3,0,0,0
NACC006835,1.876,4,1.419,686.99,0,0,0
NACC006836,3.174,4,0.895,488.2,0,0,0
NACC006837,0.167,1,1.27,609.79,0,0,0
NACC006838,1.258,1,0.691,264.73,0,0,0
NACC006839,2.239,2,0.717,461.55,0,0,0
NACC006840,2.618,1,0.711,687.54,0,0,0
NACC006841,1.721,5,1.194,409.98,0,0,0
NACC006842,2.181,1,1.18,571.64,0,0,0
NACC006843,4.206,4,1.136,402.66,0,0,0
NACC006844,1.111,3,0.853,399.85,0,0,0
NACC006845,3.757,2,0.744,448.19,0,0,0
NACC006846,1.388,2,1.351,600.43,0,0,0
NACC006847,2.619,4,1.457,356.69,0,0,0
NACC006848,1.134,5,1.312,536.41,0,0,0
NACC006849,2.555,2,0.604,432.51,0,0,0
NACC006850,0.855,5,1.341,216.52,0,0,0
NACC006851,0.366,5,0.953,529.67,0,0,0
NACC006852,2.381,4,1.479,175.56,0,0,0
NACC006853,3.76,1,1.351,319.44,0,0,0
NACC006854,0.939,5,0.615,466.21,0,0,0
NACC006855,5.153,4,1.022,208.48,0,0,0
NACC006856,3.501,4,0.944,479.61,0,0,0
NACC006857,1.999,3,0.952,201.18,0,0,0
NACC006858,3.499,4,1.223,231.42,0,0,0
NACC006859,1.593,4,0.978,856.89,0,0,0
NACC006860,1.672,3,1.33,455.04,0,0,0
NACC006861,4.034,5,1.315,611.54,0,0,0
NACC006862,3.202,5,0.975,214.43,0,0,0
NACC006863,2.236,2,1.394,541.34,0,0,0
NACC006864,1.747,2,1.201,424.6,0,0,0
NACC006865,2.124,2,1.072,343.02,0,0,0
NACC006866,1.338,2,1.331,530.69,0,0,0
NACC006867,3.269,1,1.085,344.13,0,0,0
NACC006868,2.389,5,0.969,279.4,0,0,0
NACC006869,0.853,3,1.388,386.12,0,0,0
NACC006870,0.726,1,0.789,239.34,0,0,0
NACC006871,0.949,5,0.72,201.03,0,0,0
NACC006872,4.976,2,1.237,734.73,0,0,0
NACC006873,0.876,5,1.166,544.24,0,0,0
NACC006874,2.896,2,1.125,717.34,0,0,0
NACC006875,5.58,5,1.242,237.18,0,0,0
NACC006876,1.25,5,0.601,665.79,0,0,0
NACC006877,3.251,2,1.432,118.95,0,0,0
NACC006878,1.6,1,1.3,922.06,0,0,0
NACC006879,0.97,3,1.161,588.48,0,0,0
NACC006880,4.892,1,0.739,301.77,0,0,0
NACC006881,4.688,2,1.003,687.58,0,0,0
NACC006882,1.685,5,1.476,422.74,0,0,0
NACC006883,1.917,4,0.803,346.52,0,0,0
NACC006884,0.786,5,1.051,280.55,0,0,0
NACC006885,1.723,2,1.191,392.02,0,0,0
NACC006886,7.024,4,0.608,351.39,0,0,0
NACC006887,1.685,4,1.236,832.99,0,0,0
NACC006888,1.008,1,1.312,783.18,0,0,0
NACC006889,1.021,2,0.847,468.36,0,0,0
NACC006890,1.678,4,1.174,205.47,0,0,0
NACC006891,0.615,4,0.888,121.09,0,0,0
NACC006892,3.436,2,0.795,737.71,0,0,0
NACC006893,1.493,2,0.933,552.92,0,0,0
NACC006894,2.101,5,1.416,550.53,0,0,0
NACC006895,1.276,2,1.109,354.15,0,0,0
NACC006896,1.504,2,0.919,899.15,0,0,0
NACC006897,1.612,3,0.908,450.95,0,0,0
NACC006898,1.415,3,0.721,753.56,0,0,0
NACC006899,2.749,5,1.337,248.02,0,0,0
NACC006900,0.443,3,1.214,627.7,0,0,0
NACC006901,1.902,3,1.282,326.04,0,0,0
NACC006902,0.768,4,1.443,282.27,0,0,0
NACC006903,0.068,3,0.835,535.83,0,0,0
NACC006904,2.23,2,1.091,553.14,0,0,0
NACC006905,1.027,1,0.946,620.77,0,0,0
NACC006906,0.885,4,0.746,432.63,0,0,0
NACC006907,1.589,4,1.348,329.39,0,0,0
NACC006908,1.515,5,1.488,1020.75,0,0,0
NACC006909,1.348,3,1.431,367.4,0,0,0
NACC006910,1.713,5,1.158,459.11,0,0,0
NACC006911,3.462,2,0.68,346.81,0,0,0
NACC006912,1.318,5,1.186,681.14,0,0,0
NACC006913,0.447,4,0.687,195.45,0,0,0
NACC006914,1.698,2,0.712,612.32,0,0,0
NACC006915,0.077,5,0.985,499.59,0,0,0
NACC006916,3.329,5,1.233,224.07,0,0,0
NACC006917,0.826,3,1.351,536.02,0,0,0
NACC006918,8.372,4,1.243,251.32,0,0,0
NACC006919,3.238,1,0.822,389.52,0,0,0
NACC006920,3.828,2,1.498,259.8,0,0,0
NACC006921,1.263,5,1.212,435.86,0,0,0
NACC006922,0.425,4,1.168,389.62,0,0,0
NACC006923,7.173,4,0.602,527.5,0,0,0
NACC006924,1.842,5,0.738,327.08,0,0,0
NACC006925,2.276,2,0.742,751.06,0,0,0
NACC006926,3.635,5,0.974,153.0,0,0,0
NACC006927,1.997,3,1.053,628.82,0,0,0
NACC006928,0.805,2,0.963,220.67,0,0,0
NACC006929,2.881,2,0.88,450.47,0,0,0
NACC006930,0.85,4,1.343,193.6,0,0,0
NACC006931,2.148,5,0.965,605.85,0,0,0
NACC006932,0.385,4,0.859,352.79,0,0,0
NACC006933,1.883,1,1.007,583.81,0,0,0
NACC006934,4.172,1,0.705,364.04,0,0,0
NACC006935,2.322,1,0.608,413.18,0,0,0
NACC006936,2.077,3,1.334,479.99,0,0,0
NACC006937,4.091,1,1.225,441.39,0,0,0
NACC006938,1.314,3,1.136,499.88,0,0,0
NACC006939,2.916,2,1.018,1503.94,0,0,0
NACC006940,1.845,3,1.474,311.96,0,0,0
NACC006941,1.264,2,0.93,376.75,0,0,0
NACC006942,3.081,5,1.208,402.14,0,0,0
NACC006943,3.106,5,1.274,751.2,0,0,0
NACC006944,1.111,2,1.367,539.46,0,0,0
NACC006945,1.991,4,1.459,219.65,0,0,0
NACC006946,1.946,5,1.428,422.99,0,0,0
NACC006947,6.619,5,1.372,194.86,0,0,0
NACC006948,1.758,1,1.258,294.18,0,0,0
NACC006949,1.5,5,1.009,466.55,0,0,0
NACC006950,1.474,2,0.658,558.97,0,0,0
NACC006951,2.457,1,1.457,273.71,0,0,0
NACC006952,1.41,1,0.844,323.94,0,0,0
NACC006953,7.037,3,1.202,446.0,0,0,0
NACC006954,2.593,5,0.859,686.04,0,0,0
NACC006955,2.728,1,1.08,497.1,0,0,0
NACC006956,1.136,2,1.256,224.28,0,0,0
NACC006957,6.84,3,1.493,403.0,0,0,0
NACC006958,1.655,3,1.159,584.88,0,0,0
NACC006959,3.19,5,1.01,406.84,0,0,0
NACC006960,2.308,4,0.662,790.99,0,0,0
NACC006961,2.751,3,0.747,385.48,0,0,0
NACC006962,2.451,1,1.402,222.94,0,0,0
NACC006963,2.796,1,1.206,349.11,0,0,0
NACC006964,4.445,2,0.712,735.09,0,0,0
NACC006965,0.519,2,0.845,173.13,0,0,0
NACC006966,3.01,5,1.24,410.54,0,0,0
NACC006967,0.226,5,1.461,773.01,0,0,0
NACC006968,2.905,2,0.932,177.24,0,0,0
NACC006969,0.986,5,1.311,750.89,0,0,0
NACC006970,2.191,2,1.184,428.82,0,0,0
NACC006971,0.471,2,1.207,507.63,0,0,0
NACC006972,1.53,1,1.193,527.87,0,0,0
NACC006973,7.99,4,0.926,416.13,0,0,0
NACC006974,1.886,4,0.728,206.38,0,0,0
NACC006975,0.854,5,1.302,414.39,0,0,0
NACC006976,3.699,5,0.832,244.22,0,0,0
NACC006977,0.507,4,1.293,660.63,0,0,0
NACC006978,2.887,5,1.317,493.54,0,0,0
NACC006979,11.339,4,0.624,516.31,0,0,0
NACC006980,1.172,3,0.937,318.36,0,0,0
NACC006981,1.14,3,0.622,560.17,0,0,0
NACC006982,0.938,2,0.907,459.14,0,0,0
NACC006983,0.954,5,1.22,254.74,0,0,0
NACC006984,3.22,5,1.292,223.9,0,0,0
NACC006985,3.722,3,0.953,462.68,0,0,0
NACC006986,1.828,2,1.451,412.45,0,0,0
NACC006987,1.619,4,1.367,515.53,0,0,0
NACC006988,3.498,3,1.187,645.41,0,0,0
NACC006989,0.122,3,0.889,339.24,0,0,0
NACC006990,0.038,3,1.017,181.04,0,0,0
NACC006991,0.778,5,1.282,469.21,0,0,0
NACC006992,0.993,5,1.163,495.2,0,0,0
NACC006993,2.018,2,1.079,786.62,0,0,0
NACC006994,1.591,2,1.337,165.43,0,0,0
NACC006995,1.167,5,1.478,442.2,0,0,0
NACC006996,1.118,3,0.783,220.04,0,0,0
NACC006997,1.064,2,1.097,360.66,0,0,0
NACC006998,0.311,4,1.217,268.22,0,0,0
NACC006999,2.294,2,1.391,273.21,0,0,0
NACC007000,1.72,5,1.309,334.5,0,0,0
NACC007001,3.457,2,0.693,511.49,0,0,0
NACC007002,1.149,1,0.739,383.17,0,0,0
NACC007003,3.119,1,0.938,452.46,0,0,0
NACC007004,3.69,4,0.627,1124.29,0,0,0
NACC007005,2.01,4,1.373,519.6,0,0,0
NACC007006,1.421,1,1.41,1197.49,0,0,0
NACC007007,3.286,1,0.605,400.2,0,0,0
NACC007008,2.79,3,0.998,352.49,0,0,0
NACC007009,3.13,2,0.669,90.15,0,0,0
NACC007010,0.943,3,1.348,282.09,0,0,0
NACC007011,2.962,1,0.813,263.87,0,0,0
NACC007012,1.145,2,0.663,451.95,0,0,0
NACC007013,3.444,4,1.074,285.82,0,0,0
NACC007014,2.739,1,0.881,995.11,0,0,0
NACC007015,1.313,4,1.118,426.55,0,0,0
NACC007016,3.222,4,0.946,607.98,0,0,0
NACC007017,0.74,3,1.366,146.15,0,0,0
NACC007018,1.951,4,0.707,266.54,0,0,0
NACC007019,1.68,5,1.384,236.09,0,0,0
NACC007020,0.224,3,1.211,629.39,0,0,0
NACC007021,2.046,1,1.318,324.7,0,0,0
NACC007022,6.431,1,0.928,113.96,0,0,0
NACC007023,2.614,3,0.837,436.73,0,0,0
NACC007024,3.672,4,1.36,505.52,0,0,0
NACC007025,2.231,4,0.966,278.55,0,0,0
NACC007026,1.211,1,0.829,581.53,0,0,0
NACC007027,1.243,4,0.901,602.3,0,0,0
NACC007028,5.467,4,1.246,747.46,0,0,0
NACC007029,5.42,2,1.418,667.47,0,0,0
NACC007030,1.596,4,1.313,438.7,0,0,0
NACC007031,2.02,5,1.252,447.33,0,0,0
NACC007032,0.378,2,1.155,316.3,0,0,0
NACC007033,2.201,3,1.004,732.92,0,0,0
NACC007034,1.045,5,1.235,604.95,0,0,0
NACC007035,1.653,3,1.024,466.14,0,0,0
NACC007036,2.456,2,0.658,262.14,0,0,0
NACC007037,3.297,4,0.939,512.78,0,0,0
NACC007038,2.677,4,0.836,834.1,0,0,0
NACC007039,1.3,3,1.188,482.79,0,0,0
NACC007040,2.496,3,0.618,445.39,0,0,0
NACC007041,2.967,4,0.66,1550.03,0,0,0
NACC007042,2.186,3,1.184,416.05,0,0,0
NACC007043,1.129,4,0.925,131.02,0,0,0
NACC007044,0.501,3,0.809,577.89,0,0,0
NACC007045,1.436,1,0.644,393.06,0,0,0
NACC007046,3.322,3,0.842,618.58,0,0,0
NACC007047,0.791,1,0.826,435.63,0,0,0
NACC007048,1.274,1,0.915,425.36,0,0,0
NACC007049,1.292,3,0.887,258.88,0,0,0
NACC007050,3.965,2,0.877,257.32,0,0,0
NACC007051,1.667,3,1.301,301.07,0,0,0
NACC007052,5.217,1,1.415,611.65,0,0,0
NACC007053,0.734,1,1.219,528.96,0,0,0
NACC007054,1.808,3,1.394,502.58,0,0,0
NACC007055,5.821,4,0.624,389.02,0,0,0
NACC007056,1.85,3,0.736,416.87,0,0,0
NACC007057,1.331,2,0.738,773.98,0,0,0
NACC007058,3.499,4,0.874,1362.48,0,0,0
NACC007059,1.205,2,1.258,397.8,0,0,0
NACC007060,2.207,1,1.188,445.04,0,0,0
NACC007061,0.171,1,0.778,357.42,0,0,0
NACC007062,4.881,1,1.307,226.32,0,0,0
NACC007063,2.88,1,1.042,597.49,0,0,0
NACC007064,0.473,1,1.132,290.02,0,0,0
NACC007065,1.305,2,0.871,715.53,0,0,0
NACC007066,0.496,2,1.109,352.71,0,0,0
NACC007067,0.913,2,1.073,847.27,0,0,0
NACC007068,3.554,5,1.286,487.36,0,0,0
NACC007069,1.221,4,0.633,705.86,0,0,0
NACC007070,0.331,1,1.286,119.72,0,0,0
NACC007071,0.453,3,1.462,224.52,0,0,0
NACC007072,3.251,2,1.273,408.35,0,0,0
NACC007073,2.498,4,0.844,300.86,0,0,0
NACC007074,1.898,5,1.277,205.82,0,0,0
NACC007075,0.554,4,0.767,353.01,0,0,0
NACC007076,0.919,5,0.67,530.97,0,0,0
NACC007077,2.385,1,0.639,403.48,0,0,0
NACC007078,4.358,1,0.716,268.93,0,0,0
NACC007079,0.48,2,1.368,215.18,0,0,0
NACC007080,5.513,3,1.471,204.17,0,0,0
NACC007081,4.312,3,1.19,480.1,0,0,0
NACC007082,2.652,5,1.466,707.89,0,0,0
NACC007083,1.789,2,0.889,183.14,0,0,0
NACC007084,1.387,4,1.356,397.82,0,0,0
NACC007085,1.137,1,0.997,386.91,0,0,0
NACC007086,1.155,5,1.435,433.91,0,0,0
NACC007087,10.876,5,0.781,555.33,0,0,0
NACC007088,2.784,5,0.771,714.74,0,0,0
NACC007089,1.135,1,0.641,618.18,0,0,0
NACC007090,2.864,1,0.737,1137.06,0,0,0
NACC007091,2.908,5,1.221,953.41,0,0,0
NACC007092,3.205,1,0.885,240.6,0,0,0
NACC007093,1.176,3,1.218,478.51,0,0,0
NACC007094,1.197,5,0.965,312.79,0,0,0
NACC007095,0.549,1,0.671,602.57,0,0,0
NACC007096,2.592,1,0.762,603.92,0,0,0
NACC007097,2.162,1,0.812,430.16,0,0,0
NACC007098,2.613,1,1.135,347.42,0,0,0
NACC007099,1.774,5,0.931,579.62,0,0,0
NACC007100,0.549,4,0.755,1101.46,0,0,0
NACC007101,1.098,5,1.049,966.49,0,0,0
NACC007102,0.599,2,1.357,242.25,0,0,0
NACC007103,1.119,3,1.316,369.27,0,0,0
NACC007104,2.662,3,1.466,597.94,0,0,0
NACC007105,2.52,3,1.18,191.06,0,0,0
NACC007106,0.807,2,1.49,565.5,0,0,0
NACC007107,3.388,4,0.761,467.0,0,0,0
NACC007108,0.842,4,0.667,394.17,0,0,0
NACC007109,1.271,3,0.891,404.58,0,0,0
NACC007110,3.247,2,1.384,319.23,0,0,0
NACC007111,1.008,5,1.287,633.1,0,0,0
NACC007112,0.154,1,1.316,938.36,0,0,0
NACC007113,0.633,5,0.7,400.28,0,0,0
NACC007114,2.757,3,1.269,535.0,0,0,0
NACC007115,2.308,4,1.136,575.11,0,0,0
NACC007116,1.333,4,1.134,227.42,0,0,0
NACC007117,2.825,5,0.924,287.5,0,0,0
NACC007118,1.168,1,1.276,369.52,0,0,0
NACC007119,0.15,3,1.026,742.49,0,0,0
NACC007120,2.548,2,1.376,577.29,0,0,0
NACC007121,2.423,5,0.871,1065.59,0,0,0
NACC007122,2.359,2,1.413,340.19,0,0,0
NACC007123,6.991,5,0.67,452.48,0,0,0
NACC007124,0.418,3,0.873,547.14,0,0,0
NACC007125,0.501,3,1.388,389.89,0,0,0
NACC007126,4.534,4,1.221,419.56,0,0,0
NACC007127,2.456,3,1.071,329.86,0,0,0
NACC007128,1.995,1,0.664,639.9,0,0,0
NACC007129,4.521,5,0.936,621.81,0,0,0
NACC007130,3.017,5,1.296,368.91,0,0,0
NACC007131,4.094,5,0.841,611.74,0,0,0
NACC007132,1.895,1,1.366,407.71,0,0,0
NACC007133,1.47,1,0.631,367.36,0,0,0
NACC007134,1.121,4,0.837,278.49,0,0,0
NACC007135,7.355,3,0.781,221.7,0,0,0
NACC007136,3.481,2,0.803,379.5,0,0,0
NACC007137,2.262,5,1.069,479.14,0,0,0
NACC007138,1.626,1,0.827,327.74,0,0,0
NACC007139,2.872,4,0.719,379.19,0,0,0
NACC007140,4.8,5,0.752,807.81,0,0,0
NACC007141,2.512,3,1.442,587.95,0,0,0
NACC007142,1.676,4,1.489,284.1,0,0,0
NACC007143,2.372,4,0.681,996.53,0,0,0
NACC007144,2.245,2,1.069,469.99,0,0,0
NACC007145,2.425,1,1.014,494.87,0,0,0
NACC007146,6.171,5,0.791,669.23,0,0,0
NACC007147,2.306,5,1.049,594.89,0,0,0
NACC007148,2.164,3,1.382,647.45,0,0,0
NACC007149,2.025,5,1.058,143.03,0,0,0
NACC007150,1.486,2,1.115,329.65,0,0,0
NACC007151,4.038,3,0.876,645.08,0,0,0
NACC007152,3.026,2,1.101,492.15,0,0,0
NACC007153,1.498,3,1.231,1242.97,0,0,0
NACC007154,0.924,1,1.376,654.15,0,0,0
NACC007155,2.143,3,0.657,494.01,0,0,0
NACC007156,0.068,2,0.858,777.48,0,0,0
NACC007157,1.575,5,0.801,740.78,0,0,0
NACC007158,0.099,2,0.868,880.03,0,0,0
NACC007159,2.251,4,0.812,522.57,0,0,0
NACC007160,1.728,4,1.427,427.33,0,0,0
NACC007161,2.445,2,1.448,393.79,0,0,0
NACC007162,0.619,1,0.855,543.44,0,0,0
NACC007163,8.234,1,1.496,495.3,0,0,0
NACC007164,2.794,3,0.876,1139.02,0,0,0
NACC007165,0.714,5,0.764,558.86,0,0,0
NACC007166,2.959,3,1.243,980.08,0,0,0
NACC007167,5.727,5,1.094,478.27,0,0,0
NACC007168,3.583,4,0.912,685.93,0,0,0
NACC007169,1.312,1,1.428,817.43,0,0,0
NACC007170,5.359,2,0.988,551.41,0,0,0
NACC007171,0.391,2,1.24,429.47,0,0,0
NACC007172,8.809,4,1.433,604.49,0,0,0
NACC007173,0.752,3,1.054,560.08,0,0,0
NACC007174,0.583,5,0.797,468.8,0,0,0
NACC007175,1.684,3,1.348,459.8,0,0,0
NACC007176,1.172,2,0.916,449.09,0,0,0
NACC007177,1.084,3,1.151,373.23,0,0,0
NACC007178,2.046,1,0.686,803.94,0,0,0
NACC007179,1.38,5,1.251,267.62,0,0,0
NACC007180,2.234,3,1.48,379.29,0,0,0
NACC007181,1.657,2,0.745,208.6,0,0,0
NACC007182,4.582,1,1.154,191.25,0,0,0
NACC007183,1.92,3,1.255,400.6,0,0,0
NACC007184,3.546,5,0.759,412.31,0,0,0
NACC007185,5.304,5,1.492,210.18,0,0,0
NACC007186,0.467,2,1.177,623.8,0,0,0
NACC007187,0.943,2,1.211,343.87,0,0,0
NACC007188,6.392,3,1.206,458.17,0,0,0
NACC007189,1.96,4,0.744,716.23,0,0,0
NACC007190,1.664,2,1.178,239.24,0,0,0
NACC007191,4.201,3,1.366,111.73,0,0,0
NACC007192,1.321,2,1.456,839.96,0,0,0
NACC007193,1.679,1,1.491,212.32,0,0,0
NACC007194,3.558,3,1.149,379.31,0,0,0
NACC007195,4.173,3,0.961,928.73,0,0,0
NACC007196,2.768,4,1.404,428.3,0,0,0
NACC007197,1.346,5,1.062,431.09,0,0,0
NACC007198,5.365,5,0.797,566.51,0,0,0
NACC007199,1.314,1,1.143,596.93,0,0,0
NACC007200,1.048,1,1.02,282.0,0,0,0
NACC007201,2.358,5,0.986,276.28,0,0,0
NACC007202,1.958,2,0.871,585.54,0,0,0
NACC007203,1.843,3,0.633,654.37,0,0,0
NACC007204,3.333,5,1.361,165.76,0,0,0
NACC007205,2.048,3,1.452,431.47,0,0,0
NACC007206,0.745,3,1.263,316.8,0,0,0
NACC007207,0.352,4,0.68,104.62,0,0,0
NACC007208,3.155,1,1.2,309.8,0,0,0
NACC007209,6.047,3,0.661,294.96,0,0,0
NACC007210,0.413,4,0.698,482.62,0,0,0
NACC007211,2.382,5,1.432,234.32,0,0,0
NACC007212,1.089,2,0.976,425.39,0,0,0
NACC007213,0.711,5,1.194,214.25,0,0,0
NACC007214,1.54,1,0.849,806.21,0,0,0
NACC007215,1.111,5,0.792,562.37,0,0,0
NACC007216,1.582,2,0.885,248.6,0,0,0
NACC007217,1.799,5,1.379,524.07,0,0,0
NACC007218,0.962,4,1.398,678.23,0,0,0
NACC007219,1.906,2,1.004,184.27,0,0,0
NACC007220,2.682,1,1.008,586.08,0,0,0
NACC007221,4.794,3,0.804,750.64,0,0,0
NACC007222,2.287,3,0.759,323.38,0,0,0
NACC007223,6.979,2,1.13,621.41,0,0,0
NACC007224,3.69,4,1.48,346.01,0,0,0
NACC007225,4.149,4,1.332,735.59,0,0,0
NACC007226,3.953,3,0.729,358.21,0,0,0
NACC007227,3.196,4,0.949,497.06,0,0,0
NACC007228,3.362,3,0.729,698.46,0,0,0
NACC007229,0.93,3,1.283,992.84,0,0,0
NACC007230,0.983,5,0.888,418.22,0,0,0
NACC007231,2.878,4,1.334,399.28,0,0,0
NACC007232,8.829,5,1.282,419.03,0,0,0
NACC007233,1.1,1,0.698,254.24,0,0,0
NACC007234,1.154,3,0.787,254.29,0,0,0
NACC007235,0.634,5,0.991,980.1,0,0,0
NACC007236,1.325,3,0.728,259.68,0,0,0
NACC007237,4.213,3,0.993,196.03,0,0,0
NACC007238,1.447,2,1.299,694.92,0,0,0
NACC007239,1.008,3,0.792,336.52,0,0,0
NACC007240,3.281,4,0.952,797.65,0,0,0
NACC007241,3.299,3,1.171,390.71,0,0,0
NACC007242,2.717,1,0.905,670.28,0,0,0
NACC007243,0.394,4,0.779,338.53,0,0,0
NACC007244,2.511,5,1.29,708.52,0,0,0
NACC007245,2.541,1,1.182,725.42,0,0,0
NACC007246,2.109,2,1.342,166.12,0,0,0
NACC007247,0.743,4,0.683,178.6,0,0,0
NACC007248,3.193,5,0.768,250.48,0,0,0
NACC007249,2.361,4,1.313,1087.36,0,0,0
NACC007250,2.957,4,1.09,732.19,0,0,0
NACC007251,3.738,3,0.773,420.27,0,0,0
NACC007252,0.972,4,0.7,969.01,0,0,0
NACC007253,2.974,3,0.809,343.04,0,0,0
NACC007254,3.341,3,1.494,161.43,0,0,0
NACC007255,1.627,4,0.949,363.6,0,0,0
NACC007256,3.434,3,0.662,448.39,0,0,0
NACC007257,3.06,2,0.943,647.75,0,0,0
NACC007258,4.4,2,1.098,384.68,0,0,0
NACC007259,5.17,5,1.11,1197.57,0,0,0
NACC007260,3.8,3,1.179,664.26,0,0,0
NACC007261,2.206,5,1.004,565.1,0,0,0
NACC007262,4.159,2,0.909,226.28,0,0,0
NACC007263,0.938,4,1.133,194.06,0,0,0
NACC007264,5.185,1,1.09,169.98,0,0,0
NACC007265,4.348,3,0.794,911.47,0,0,0
NACC007266,3.29,2,0.884,372.82,0,0,0
NACC007267,1.528,2,1.398,260.64,0,0,0
NACC007268,2.262,5,1.09,487.05,0,0,0
NACC007269,0.972,1,0.99,542.34,0,0,0
NACC007270,3.176,4,0.732,408.86,0,0,0
NACC007271,0.051,2,0.915,553.13,0,0,0
NACC007272,4.524,3,0.882,211.08,0,0,0
NACC007273,1.311,1,1.163,366.0,0,0,0
NACC007274,0.823,1,1.326,942.28,0,0,0
NACC007275,0.739,4,1.373,229.45,0,0,0
NACC007276,1.745,3,1.158,489.2,0,0,0
NACC007277,0.538,5,0.682,104.28,0,0,0
NACC007278,2.833,3,0.935,260.7,0,0,0
NACC007279,1.652,4,1.247,342.84,0,0,0
NACC007280,1.026,3,0.753,235.96,0,0,0
NACC007281,0.597,2,1.459,218.49,0,0,0
NACC007282,1.956,5,0.6,800.99,0,0,0
NACC007283,1.592,3,0.635,376.74,0,0,0
NACC007284,2.327,2,1.303,207.39,0,0,0
NACC007285,1.423,2,0.81,257.46,0,0,0
NACC007286,1.027,1,1.046,477.72,0,0,0
NACC007287,1.487,2,0.879,548.97,0,0,0
NACC007288,5.914,4,1.125,338.26,0,0,0
NACC007289,2.023,1,1.359,271.92,0,0,0
NACC007290,0.192,3,0.944,896.95,0,0,0
NACC007291,3.333,1,1.405,698.54,0,0,0
NACC007292,9.735,1,0.667,771.36,0,0,0
NACC007293,7.303,1,0.666,168.55,0,0,0
NACC007294,1.235,2,1.484,406.77,0,0,0
NACC007295,3.211,3,0.962,201.74,0,0,0
NACC007296,2.98,1,0.96,203.87,0,0,0
NACC007297,3.299,1,0.92,613.58,0,0,0
NACC007298,1.709,2,0.97,156.68,0,0,0
NACC007299,0.465,1,1.028,399.89,0,0,0
NACC007300,2.03,5,1.27,668.59,0,0,0
NACC007301,3.772,3,0.7,410.99,0,0,0
NACC007302,4.609,3,0.63,553.67,0,0,0
NACC007303,0.45,5,0.632,277.85,0,0,0
NACC007304,4.308,1,0.65,498.64,0,0,0
NACC007305,1.532,1,0.988,115.6,0,0,0
NACC007306,0.975,1,1.128,365.33,0,0,0
NACC007307,0.73,5,1.118,438.49,0,0,0
NACC007308,2.136,2,0.929,99.94,0,0,0
NACC007309,2.792,5,0.799,440.65,0,0,0
NACC007310,3.562,5,1.32,563.35,0,0,0
NACC007311,1.819,2,0.634,506.76,0,0,0
NACC007312,2.799,4,1.026,858.94,0,0,0
NACC007313,0.512,3,1.217,758.7,0,0,0
NACC007314,4.213,5,1.085,526.93,0,0,0
NACC007315,1.892,3,0.765,513.54,0,0,0
NACC007316,0.915,3,1.12,622.82,0,0,0
NACC007317,0.887,1,0.658,357.18,0,0,0
NACC007318,6.457,5,1.454,137.23,0,0,0
NACC007319,1.269,1,0.603,407.04,0,0,0
NACC007320,4.22,4,1.125,289.17,0,0,0
NACC007321,3.475,3,1.076,598.88,0,0,0
NACC007322,4.797,4,0.9,616.38,0,0,0
NACC007323,3.602,1,0.628,1231.52,0,0,0
NACC007324,2.249,3,1.318,349.52,0,0,0
NACC007325,5.244,1,1.283,621.36,0,0,0
NACC007326,0.24,3,0.996,511.87,0,0,0
NACC007327,1.071,3,1.3,501.29,0,0,0
NACC007328,1.811,4,0.832,867.82,0,0,0
NACC007329,3.908,2,1.023,352.4,0,0,0
NACC007330,2.782,1,1.071,555.44,0,0,0
NACC007331,1.94,3,1.408,190.12,0,0,0
NACC007332,0.156,1,0.759,350.85,0,0,0
NACC007333,2.005,5,0.691,709.92,0,0,0
NACC007334,3.487,5,0.62,387.39,0,0,0
NACC007335,0.466,3,1.478,360.0,0,0,0
NACC007336,1.039,2,0.824,409.51,0,0,0
NACC007337,3.801,4,1.484,101.84,0,0,0
NACC007338,1.394,1,1.461,432.44,0,0,0
NACC007339,5.208,4,1.245,765.31,0,0,0
NACC007340,0.739,3,0.604,363.13,0,0,0
NACC007341,0.225,5,1.259,373.6,0,0,0
NACC007342,0.56,5,0.821,1280.65,0,0,0
NACC007343,3.503,4,1.08,337.05,0,0,0
NACC007344,1.622,3,0.857,528.51,0,0,0
NACC007345,2.991,2,1.435,411.92,0,0,0
NACC007346,1.733,1,0.658,354.23,0,0,0
NACC007347,3.649,5,0.716,530.43,0,0,0
NACC007348,1.389,5,1.457,286.94,0,0,0
NACC007349,3.498,1,1.266,72.78,0,0,0
NACC007350,1.735,3,0.895,872.46,0,0,0
NACC007351,5.352,2,0.602,434.42,0,0,0
NACC007352,2.433,1,0.937,218.88,0,0,0
NACC007353,1.337,5,0.886,496.43,0,0,0
NACC007354,1.784,5,1.049,414.15,0,0,0
NACC007355,3.581,2,1.038,852.84,0,0,0
NACC007356,2.897,5,1.152,336.19,0,0,0
NACC007357,3.476,4,0.908,239.57,0,0,0
NACC007358,2.318,3,1.192,323.95,0,0,0
NACC007359,7.321,3,0.747,407.15,0,0,0
NACC007360,5.281,2,1.082,582.05,0,0,0
NACC007361,5.43,1,1.307,859.13,0,0,0
NACC007362,3.166,3,1.139,443.91,0,0,0
NACC007363,0.944,3,1.31,701.32,0,0,0
NACC007364,0.949,3,0.693,852.47,0,0,0
NACC007365,1.302,2,1.006,308.56,0,0,0
NACC007366,3.508,4,1.11,743.99,0,0,0
NACC007367,1.32,1,0.975,273.77,0,0,0
NACC007368,3.467,1,1.351,396.59,0,0,0
NACC007369,0.872,3,0.96,480.92,0,0,0
NACC007370,3.67,1,1.072,301.85,0,0,0
NACC007371,1.595,4,0.838,533.89,0,0,0
NACC007372,1.585,1,1.382,590.47,0,0,0
NACC007373,1.773,3,0.612,518.89,0,0,0
NACC007374,5.446,5,1.104,892.05,0,0,0
NACC007375,2.739,2,0.624,749.58,0,0,0
NACC007376,4.653,2,0.977,561.17,0,0,0
NACC007377,1.386,5,0.804,648.39,0,0,0
NACC007378,1.184,1,1.424,191.99,0,0,0
NACC007379,0.979,4,1.162,232.64,0,0,0
NACC007380,1.012,2,1.33,308.56,0,0,0
NACC007381,2.35,5,1.225,389.43,0,0,0
NACC007382,4.436,4,1.344,197.84,0,0,0
NACC007383,1.636,1,0.919,336.06,0,0,0
NACC007384,2.653,2,0.662,182.35,0,0,0
NACC007385,4.481,1,1.476,596.08,0,0,0
NACC007386,2.941,5,0.905,329.18,0,0,0
NACC007387,0.371,5,0.956,766.17,0,0,0
NACC007388,1.92,3,1.236,428.82,0,0,0
NACC007389,4.834,3,0.664,107.76,0,0,0
NACC007390,1.987,4,0.749,510.57,0,0,0
NACC007391,3.359,5,0.724,494.48,0,0,0
NACC007392,4.572,2,0.663,192.39,0,0,0
NACC007393,1.034,4,0.795,766.79,0,0,0
NACC007394,3.479,3,0.743,438.52,0,0,0
NACC007395,1.877,4,1.277,703.2,0,0,0
NACC007396,4.012,2,0.855,705.09,0,0,0
NACC007397,1.38,5,0.67,715.69,0,0,0
NACC007398,5.393,4,0.899,51.86,0,0,0
NACC007399,4.739,1,1.107,435.53,0,0,0
NACC007400,0.598,2,1.457,604.32,0,0,0
NACC007401,2.854,1,1.241,606.33,0,0,0
NACC007402,4.03,1,1.214,376.91,0,0,0
NACC007403,4.965,3,1.046,538.47,0,0,0
NACC007404,3.145,2,0.732,181.09,0,0,0
NACC007405,1.14,1,1.05,367.06,0,0,0
NACC007406,0.88,1,1.463,543.55,0,0,0
NACC007407,1.885,3,1.025,563.76,0,0,0
NACC007408,4.529,1,1.206,519.45,0,0,0
NACC007409,3.352,2,1.133,539.87,0,0,0
NACC007410,5.348,5,1.184,915.02,0,0,0
NACC007411,5.354,1,1.439,671.28,0,0,0
NACC007412,0.627,4,0.978,521.55,0,0,0
NACC007413,4.956,5,1.111,601.81,0,0,0
NACC007414,1.993,2,1.23,384.48,0,0,0
NACC007415,1.045,5,1.033,547.79,0,0,0
NACC007416,5.228,1,1.257,376.96,0,0,0
NACC007417,3.706,3,1.058,844.65,0,0,0
NACC007418,1.49,3,1.47,459.51,0,0,0
NACC007419,4.41,1,0.697,911.03,0,0,0
NACC007420,2.781,2,0.654,432.63,0,0,0
NACC007421,2.857,5,0.809,682.53,0,0,0
NACC007422,3.186,2,1.395,174.76,0,0,0
NACC007423,1.6,1,1.118,256.52,0,0,0
NACC007424,1.707,5,1.366,310.02,0,0,0
NACC007425,1.518,2,1.056,272.4,0,0,0
NACC007426,2.633,5,1.128,366.17,0,0,0
NACC007427,1.792,4,1.223,609.57,0,0,0
NACC007428,0.981,3,1.361,602.54,0,0,0
NACC007429,3.024,4,1.32,553.84,0,0,0
NACC007430,2.9,3,0.869,614.09,0,0,0
NACC007431,1.114,2,1.309,259.14,0,0,0
NACC007432,3.271,2,1.068,321.6,0,0,0
NACC007433,2.22,1,0.951,506.18,0,0,0
NACC007434,2.926,3,0.916,225.84,0,0,0
NACC007435,1.728,3,1.089,688.76,0,0,0
NACC007436,1.25,4,0.967,709.3,0,0,0
NACC007437,1.4,2,0.841,510.44,0,0,0
NACC007438,2.702,2,0.87,266.23,0,0,0
NACC007439,4.535,3,0.771,308.37,0,0,0
NACC007440,3.182,5,1.33,427.03,0,0,0
NACC007441,1.369,4,1.412,130.58,0,0,0
NACC007442,0.514,1,1.482,453.34,0,0,0
NACC007443,1.083,2,1.166,349.98,0,0,0
NACC007444,1.975,4,0.612,599.71,0,0,0
NACC007445,1.867,1,1.053,678.23,0,0,0
NACC007446,0.58,2,1.294,549.21,0,0,0
NACC007447,4.65,4,0.746,314.78,0,0,0
NACC007448,1.651,3,1.436,419.79,0,0,0
NACC007449,0.9,4,0.686,512.92,0,0,0
NACC007450,1.569,2,1.258,1335.4,0,0,0
NACC007451,2.668,3,0.802,175.47,0,0,0
NACC007452,0.519,3,0.785,443.99,0,0,0
NACC007453,2.039,3,1.109,310.19,0,0,0
NACC007454,2.025,3,0.648,413.67,0,0,0
NACC007455,1.012,4,0.82,711.29,0,0,0
NACC007456,2.113,5,0.733,348.56,0,0,0
NACC007457,2.232,2,1.499,297.98,0,0,0
NACC007458,0.798,1,0.884,428.94,0,0,0
NACC007459,5.185,5,1.464,1329.36,0,0,0
NACC007460,4.987,5,1.307,865.0,0,0,0
NACC007461,0.991,3,0.684,582.18,0,0,0
NACC007462,0.575,4,1.397,855.28,0,0,0
NACC007463,0.727,4,0.82,313.37,0,0,0
NACC007464,2.101,4,1.307,165.08,0,0,0
NACC007465,1.219,5,1.184,148.39,0,0,0
NACC007466,0.524,3,0.644,195.19,0,0,0
NACC007467,5.092,4,0.712,256.42,0,0,0
NACC007468,3.053,3,0.944,852.09,0,0,0
NACC007469,2.564,5,1.086,983.92,0,0,0
NACC007470,1.527,1,1.07,506.48,0,0,0
NACC007471,2.402,3,1.138,607.26,0,0,0
NACC007472,1.9,5,0.74,220.57,0,0,0
NACC007473,6.313,3,0.652,549.93,0,0,0
NACC007474,6.486,2,0.829,386.78,0,0,0
NACC007475,6.244,4,0.796,956.95,0,0,0
NACC007476,2.626,1,1.427,580.0,0,0,0
NACC007477,2.576,4,1.031,712.15,0,0,0
NACC007478,1.05,2,1.064,419.7,0,0,0
NACC007479,0.714,4,0.903,160.23,0,0,0
NACC007480,1.178,5,0.846,529.82,0,0,0
NACC007481,2.746,2,1.042,590.98,0,0,0
NACC007482,1.047,2,1.143,621.31,0,0,0
NACC007483,4.068,2,1.179,591.59,0,0,0
NACC007484,1.557,2,0.83,775.04,0,0,0
NACC007485,0.914,5,0.649,302.23,0,0,0
NACC007486,0.778,4,1.427,899.36,0,0,0
NACC007487,4.546,2,1.058,319.85,0,0,0
NACC007488,2.603,3,1.46,695.33,0,0,0
NACC007489,0.62,5,1.489,600.68,0,0,0
NACC007490,0.457,3,1.39,604.75,0,0,0
NACC007491,0.835,1,1.231,718.56,0,0,0
NACC007492,0.645,5,0.703,754.98,0,0,0
NACC007493,2.126,2,0.817,708.76,0,0,0
NACC007494,1.96,3,0.786,254.05,0,0,0
NACC007495,0.343,2,1.305,452.65,0,0,0
NACC007496,3.433,4,1.38,589.97,0,0,0
NACC007497,0.774,1,0.843,636.37,0,0,0
NACC007498,2.42,2,0.999,553.23,0,0,0
NACC007499,1.522,3,1.384,136.27,0,0,0
NACC007500,0.967,5,0.686,338.03,0,0,0
NACC007501,1.788,2,1.096,149.79,0,0,0
NACC007502,0.88,5,0.977,380.48,0,0,0
NACC007503,5.128,4,0.792,510.99,0,0,0
NACC007504,2.165,1,0.962,640.5,0,0,0
NACC007505,0.779,2,1.1,283.89,0,0,0
NACC007506,2.586,5,0.912,682.26,0,0,0
NACC007507,4.9,5,1.024,369.08,0,0,0
NACC007508,5.387,1,1.008,477.87,0,0,0
NACC007509,0.131,2,1.473,173.41,0,0,0
NACC007510,2.404,5,0.926,141.82,0,0,0
NACC007511,1.941,5,0.714,498.28,0,0,0
NACC007512,1.253,5,0.639,939.86,0,0,0
NACC007513,1.332,5,1.039,789.91,0,0,0
NACC007514,2.391,1,1.208,468.04,0,0,0
NACC007515,2.884,5,1.401,166.06,0,0,0
NACC007516,2.409,4,1.235,401.99,0,0,0
NACC007517,2.782,1,0.84,251.34,0,0,0
NACC007518,0.297,3,0.759,718.33,0,0,0
NACC007519,1.115,5,1.049,377.13,0,0,0
NACC007520,7.444,2,0.811,756.99,0,0,0
NACC007521,0.405,5,1.253,226.65,0,0,0
NACC007522,1.979,4,0.693,377.24,0,0,0
NACC007523,3.289,2,1.389,371.24,0,0,0
NACC007524,4.049,4,0.904,288.8,0,0,0
NACC007525,4.587,5,0.934,265.03,0,0,0
NACC007526,2.035,1,0.618,94.99,0,0,0
NACC007527,1.537,5,0.697,207.58,0,0,0
NACC007528,1.323,2,1.351,666.79,0,0,0
NACC007529,2.857,3,1.068,280.8,0,0,0
NACC007530,1.28,4,0.604,437.26,0,0,0
NACC007531,2.505,1,0.971,449.95,0,0,0
NACC007532,0.835,3,1.367,306.24,0,0,0
NACC007533,5.629,3,1.426,311.85,0,0,0
NACC007534,1.631,1,1.069,408.78,0,0,0
NACC007535,0.949,3,0.675,463.59,0,0,0
NACC007536,1.153,1,0.854,199.29,0,0,0
NACC007537,1.808,2,0.736,292.85,0,0,0
NACC007538,2.853,5,1.155,430.09,0,0,0
NACC007539,1.213,3,0.782,282.8,0,0,0
NACC007540,1.435,3,0.624,309.12,0,0,0
NACC007541,2.488,4,1.096,666.2,0,0,0
NACC007542,0.919,1,1.28,463.5,0,0,0
NACC007543,1.699,3,0.623,388.18,0,0,0
NACC007544,0.611,3,1.075,422.02,0,0,0
NACC007545,0.717,1,0.739,555.17,0,0,0
NACC007546,2.764,5,1.114,378.06,0,0,0
NACC007547,2.094,1,1.462,797.26,0,0,0
NACC007548,1.155,3,0.68,491.52,0,0,0
NACC007549,4.724,5,0.836,516.14,0,0,0
NACC007550,4.221,2,0.968,237.41,0,0,0
NACC007551,1.367,2,1.474,555.59,0,0,0
NACC007552,0.921,4,0.757,316.15,0,0,0
NACC007553,3.194,1,0.868,752.31,0,0,0
NACC007554,0.34,4,0.922,335.91,0,0,0
NACC007555,4.692,2,1.265,387.17,0,0,0
NACC007556,1.317,3,0.703,590.79,0,0,0
NACC007557,1.38,5,0.982,185.37,0,0,0
NACC007558,1.072,3,0.744,535.5,0,0,0
NACC007559,2.549,3,1.219,553.94,0,0,0
NACC007560,1.341,5,1.424,825.73,0,0,0
NACC007561,0.876,3,1.438,456.69,0,0,0
NACC007562,1.277,1,1.407,594.2,0,0,0
NACC007563,1.84,5,0.718,522.29,0,0,0
NACC007564,1.078,3,1.296,496.08,0,0,0
NACC007565,1.571,3,1.13,641.64,0,0,0
NACC007566,5.338,4,1.317,567.54,0,0,0
NACC007567,1.584,1,1.428,487.66,0,0,0
NACC007568,2.32,5,1.238,488.99,0,0,0
NACC007569,4.291,3,1.02,249.38,0,0,0
NACC007570,2.136,1,1.162,476.5,0,0,0
NACC007571,1.043,3,1.467,465.26,0,0,0
NACC007572,2.327,1,1.311,180.89,0,0,0
NACC007573,2.55,5,1.385,286.57,0,0,0
NACC007574,0.301,5,0.987,355.46,0,0,0
NACC007575,4.661,2,1.281,346.37,0,0,0
NACC007576,3.825,1,1.307,702.68,0,0,0
NACC007577,0.271,3,0.678,548.47,0,0,0
NACC007578,3.765,5,1.205,1250.81,0,0,0
NACC007579,0.327,2,1.304,452.28,0,0,0
NACC007580,0.524,2,0.922,855.6,0,0,0
NACC007581,0.609,2,1.149,610.62,0,0,0
NACC007582,1.956,2,0.719,352.07,0,0,0
NACC007583,2.215,1,1.187,609.52,0,0,0
NACC007584,1.244,3,0.66,148.8,0,0,0
NACC007585,2.156,3,1.172,432.08,0,0,0
NACC007586,3.478,2,1.213,291.9,0,0,0
NACC007587,2.828,2,0.614,753.46,0,0,0
NACC007588,1.074,3,1.387,210.07,0,0,0
NACC007589,0.57,4,0.64,158.98,0,0,0
NACC007590,1.412,5,0.78,1150.12,0,0,0
NACC007591,1.364,3,1.008,887.5,0,0,0
NACC007592,0.326,4,1.091,714.94,0,0,0
NACC007593,3.728,1,0.702,289.28,0,0,0
NACC007594,1.247,5,1.477,221.33,0,0,0
NACC007595,0.871,4,0.791,563.95,0,0,0
NACC007596,10.344,2,0.699,999.49,0,0,0
NACC007597,2.795,1,1.325,525.25,0,0,0
NACC007598,6.117,4,0.726,911.28,0,0,0
NACC007599,6.923,4,0.695,651.5,0,0,0
NACC007600,1.438,3,0.72,313.96,0,0,0
NACC007601,0.955,3,0.786,323.13,0,0,0
NACC007602,2.809,3,0.82,576.36,0,0,0
NACC007603,0.702,4,0.905,435.18,0,0,0
NACC007604,1.122,1,0.617,372.94,0,0,0
NACC007605,2.473,3,1.34,657.67,0,0,0
NACC007606,3.047,4,1.363,177.3,0,0,0
NACC007607,2.654,1,1.241,388.54,0,0,0
NACC007608,2.34,5,0.812,686.11,0,0,0
NACC007609,2.234,2,1.191,521.99,0,0,0
NACC007610,0.859,3,0.802,408.11,0,0,0
NACC007611,1.25,3,1.439,519.85,0,0,0
NACC007612,1.329,3,1.406,171.31,0,0,0
NACC007613,2.785,1,1.255,622.01,0,0,0
NACC007614,2.222,5,1.363,438.12,0,0,0
NACC007615,2.065,1,0.971,668.65,0,0,0
NACC007616,2.865,1,1.437,235.87,0,0,0
NACC007617,0.887,3,0.659,639.67,0,0,0
NACC007618,3.192,1,0.987,435.76,0,0,0
NACC007619,1.527,1,0.925,534.48,0,0,0
NACC007620,1.408,2,1.122,308.22,0,0,0
NACC007621,2.055,2,1.392,603.53,0,0,0
NACC007622,2.845,1,0.709,502.15,0,0,0
NACC007623,2.526,5,0.751,325.39,0,0,0
NACC007624,0.796,4,0.709,857.84,0,0,0
NACC007625,3.991,2,1.002,521.9,0,0,0
NACC007626,0.794,1,1.368,394.35,0,0,0
NACC007627,1.91,5,1.414,324.56,0,0,0
NACC007628,5.046,2,0.609,305.26,0,0,0
NACC007629,1.429,1,0.722,485.86,0,0,0
NACC007630,1.999,2,1.472,313.95,0,0,0
NACC007631,1.366,5,1.265,444.21,0,0,0
NACC007632,0.855,2,1.011,831.67,0,0,0
NACC007633,1.26,1,0.701,312.53,0,0,0
NACC007634,0.12,3,0.928,999.26,0,0,0
NACC007635,0.838,2,1.341,794.57,0,0,0
NACC007636,3.841,5,1.433,973.39,0,0,0
NACC007637,1.98,2,1.182,658.54,0,0,0
NACC007638,3.674,4,0.677,519.42,0,0,0
NACC007639,3.98,1,0.927,641.2,0,0,0
NACC007640,0.715,2,1.096,432.75,0,0,0
NACC007641,4.481,2,0.647,497.73,0,0,0
NACC007642,2.315,1,1.013,539.34,0,0,0
NACC007643,6.489,3,1.379,521.46,0,0,0
NACC007644,3.798,1,1.386,288.91,0,0,0
NACC007645,0.491,4,1.457,333.44,0,0,0
NACC007646,2.128,5,1.108,617.52,0,0,0
NACC007647,2.854,3,0.986,149.02,0,0,0
NACC007648,0.417,3,1.403,446.92,0,0,0
NACC007649,3.378,4,1.321,657.95,0,0,0
NACC007650,4.598,2,0.634,263.07,0,0,0
NACC007651,2.404,5,1.401,268.2,0,0,0
NACC007652,1.104,4,0.638,265.93,0,0,0
NACC007653,3.212,1,1.47,376.3,0,0,0
NACC007654,2.91,3,1.299,812.34,0,0,0
NACC007655,0.72,3,0.839,501.6,0,0,0
NACC007656,2.373,3,1.49,546.56,0,0,0
NACC007657,4.608,3,0.763,390.4,0,0,0
NACC007658,3.426,5,1.013,302.4,0,0,0
NACC007659,0.715,3,1.219,441.91,0,0,0
NACC007660,0.718,1,0.991,455.96,0,0,0
NACC007661,4.264,1,1.335,816.89,0,0,0
NACC007662,1.021,3,1.1,215.24,0,0,0
NACC007663,4.758,2,0.862,132.98,0,0,0
NACC007664,5.602,3,0.798,219.81,0,0,0
NACC007665,1.744,3,1.482,621.17,0,0,0
NACC007666,0.728,3,0.798,317.34,0,0,0
NACC007667,0.252,3,1.227,392.06,0,0,0
NACC007668,2.467,4,0.68,483.93,0,0,0
NACC007669,0.418,3,1.428,218.12,0,0,0
NACC007670,8.21,2,0.847,511.19,0,0,0
NACC007671,0.245,4,1.117,325.31,0,0,0
NACC007672,1.099,4,0.797,390.66,0,0,0
NACC007673,0.914,2,1.033,379.1,0,0,0
NACC007674,2.133,3,1.047,433.67,0,0,0
NACC007675,1.368,2,1.432,613.45,0,0,0
NACC007676,2.104,5,0.947,1370.97,0,0,0
NACC007677,3.7,1,0.97,226.78,0,0,0
NACC007678,2.842,3,1.438,477.19,0,0,0
NACC007679,1.591,3,1.382,577.2,0,0,0
NACC007680,1.928,2,0.765,278.47,0,0,0
NACC007681,2.048,3,1.259,184.51,0,0,0
NACC007682,1.899,3,1.395,675.17,0,0,0
NACC007683,1.608,5,0.679,147.56,0,0,0
NACC007684,2.413,4,0.67,309.24,0,0,0
NACC007685,1.13,3,1.254,797.47,0,0,0
NACC007686,2.018,5,1.397,377.47,0,0,0
NACC007687,0.582,5,1.458,471.12,0,0,0
NACC007688,3.907,3,1.065,416.89,0,0,0
NACC007689,1.841,4,0.73,347.18,0,0,0
NACC007690,2.061,3,0.847,446.81,0,0,0
NACC007691,8.446,2,0.848,834.18,0,0,0
NACC007692,3.631,5,0.992,440.75,0,0,0
NACC007693,1.468,3,1.345,407.09,0,0,0
NACC007694,0.523,2,1.335,420.44,0,0,0
NACC007695,1.214,3,1.137,201.72,0,0,0
NACC007696,0.663,4,1.043,578.56,0,0,0
NACC007697,0.929,4,0.746,571.02,0,0,0
NACC007698,2.568,3,0.635,533.43,0,0,0
NACC007699,0.455,4,1.356,557.63,0,0,0
NACC007700,2.798,5,0.691,693.83,0,0,0
NACC007701,3.99,2,0.631,584.19,0,0,0
NACC007702,2.182,5,0.629,400.07,0,0,0
NACC007703,3.198,4,1.284,545.32,0,0,0
NACC007704,6.013,3,1.089,279.75,0,0,0
NACC007705,3.03,4,1.106,113.85,0,0,0
NACC007706,3.392,1,1.426,366.91,0,0,0
NACC007707,1.353,5,0.728,419.16,0,0,0
NACC007708,3.636,1,0.795,311.45,0,0,0
NACC007709,0.718,3,1.484,317.3,0,0,0
NACC007710,1.392,1,1.092,576.84,0,0,0
NACC007711,2.036,4,0.801,546.54,0,0,0
NACC007712,5.242,3,1.291,464.49,0,0,0
NACC007713,0.525,5,1.252,575.01,0,0,0
NACC007714,0.592,2,1.497,256.19,0,0,0
NACC007715,3.633,1,1.472,759.72,0,0,0
NACC007716,0.558,3,1.215,430.6,0,0,0
NACC007717,0.785,1,0.816,198.84,0,0,0
NACC007718,1.513,5,1.252,307.87,0,0,0
NACC007719,2.706,3,0.687,426.05,0,0,0
NACC007720,4.533,2,0.845,615.62,0,0,0
NACC007721,1.512,1,1.419,314.67,0,0,0
NACC007722,3.2,2,1.286,166.32,0,0,0
NACC007723,3.27,5,1.168,122.78,0,0,0
NACC007724,4.02,4,1.072,568.7,0,0,0
NACC007725,1.946,5,1.334,505.87,0,0,0
NACC007726,7.661,1,1.302,573.21,0,0,0
NACC007727,0.839,4,0.809,285.92,0,0,0
NACC007728,0.96,4,1.478,458.11,0,0,0
NACC007729,2.0,3,1.337,311.96,0,0,0
NACC007730,0.479,4,0.631,303.7,0,0,0
NACC007731,0.943,5,1.439,451.0,0,0,0
NACC007732,3.051,3,1.214,295.11,0,0,0
NACC007733,1.156,1,0.758,663.99,0,0,0
NACC007734,1.544,4,0.9,736.21,0,0,0
NACC007735,1.811,4,0.8,683.47,0,0,0
NACC007736,2.32,4,0.957,245.61,0,0,0
NACC007737,1.414,5,0.691,723.42,0,0,0
NACC007738,4.767,3,0.606,223.69,0,0,0
NACC007739,3.811,2,0.848,606.32,0,0,0
NACC007740,1.305,3,1.047,630.73,0,0,0
NACC007741,4.127,3,1.201,444.74,0,0,0
NACC007742,3.732,5,1.311,203.98,0,0,0
NACC007743,2.245,4,0.926,648.0,0,0,0
NACC007744,1.979,1,1.259,226.2,0,0,0
NACC007745,0.898,5,1.11,559.88,0,0,0
NACC007746,1.888,4,1.189,185.38,0,0,0
NACC007747,1.217,4,1.325,565.96,0,0,0
NACC007748,1.705,1,1.376,848.58,0,0,0
NACC007749,0.95,1,0.616,224.38,0,0,0
NACC007750,1.125,2,0.602,334.49,0,0,0
NACC007751,0.825,5,1.217,621.08,0,0,0
NACC007752,3.128,1,0.74,259.89,0,0,0
NACC007753,3.269,5,0.678,250.55,0,0,0
NACC007754,2.12,2,0.928,599.96,0,0,0
NACC007755,4.911,3,0.927,219.81,0,0,0
NACC007756,0.769,4,1.386,609.58,0,0,0
NACC007757,1.305,1,0.668,212.66,0,0,0
NACC007758,0.452,5,0.63,894.8,0,0,0
NACC007759,2.853,5,0.624,227.32,0,0,0
NACC007760,1.065,4,1.258,472.35,0,0,0
NACC007761,4.271,5,1.125,560.47,0,0,0
NACC007762,2.972,3,1.028,493.11,0,0,0
NACC007763,1.778,1,0.765,688.88,0,0,0
NACC007764,0.773,5,0.753,394.86,0,0,0
NACC007765,0.879,2,0.997,584.55,0,0,0
NACC007766,1.815,5,0.97,194.29,0,0,0
NACC007767,0.867,4,1.326,663.05,0,0,0
NACC007768,0.863,2,1.243,548.08,0,0,0
NACC007769,10.315,2,1.496,528.8,0,0,0
NACC007770,2.735,3,0.934,653.52,0,0,0
NACC007771,3.157,5,1.432,263.4,0,0,0
NACC007772,2.387,5,0.956,784.95,0,0,0
NACC007773,2.063,1,1.449,443.07,0,0,0
NACC007774,0.252,2,0.803,355.88,0,0,0
NACC007775,0.967,2,1.088,294.43,0,0,0
NACC007776,2.92,2,1.154,290.92,0,0,0
NACC007777,2.37,1,1.117,436.16,0,0,0
NACC007778,0.387,1,1.402,290.16,0,0,0
NACC007779,4.869,5,1.249,193.81,0,0,0
NACC007780,2.477,4,1.488,417.59,0,0,0
NACC007781,2.867,5,1.471,308.79,0,0,0
NACC007782,1.671,5,1.082,341.09,0,0,0
NACC007783,0.948,5,1.121,242.43,0,0,0
NACC007784,2.728,5,1.003,1117.27,0,0,0
NACC007785,0.237,3,1.202,498.84,0,0,0
NACC007786,2.212,2,0.641,879.28,0,0,0
NACC007787,4.72,1,1.174,335.12,0,0,0
NACC007788,0.901,1,1.441,552.14,0,0,0
NACC007789,1.987,1,0.999,588.01,0,0,0
NACC007790,3.005,2,1.111,531.47,0,0,0
NACC007791,0.869,4,1.285,1067.24,0,0,0
NACC007792,1.976,3,0.946,688.94,0,0,0
NACC007793,3.579,3,0.705,411.08,0,0,0
NACC007794,5.933,5,0.631,655.51,0,0,0
NACC007795,1.802,4,1.315,867.13,0,0,0
NACC007796,4.005,4,0.837,566.9,0,0,0
NACC007797,3.053,1,1.353,528.88,0,0,0
NACC007798,1.748,3,1.294,283.27,0,0,0
NACC007799,1.689,5,0.67,531.31,0,0,0
NACC007800,3.345,1,0.706,375.7,0,0,0
NACC007801,0.183,4,1.461,128.47,0,0,0
NACC007802,3.403,1,0.744,256.9,0,0,0
NACC007803,1.476,1,1.063,334.04,0,0,0
NACC007804,6.162,4,1.078,598.81,0,0,0
NACC007805,4.21,1,1.016,555.18,0,0,0
NACC007806,1.778,5,1.036,588.97,0,0,0
NACC007807,1.594,1,1.415,297.9,0,0,0
NACC007808,1.27,1,0.675,481.08,0,0,0
NACC007809,2.02,3,1.188,327.62,0,0,0
NACC007810,1.228,4,1.375,234.1,0,0,0
NACC007811,2.859,5,0.794,593.13,0,0,0
NACC007812,0.559,4,1.249,719.18,0,0,0
NACC007813,2.234,2,0.723,319.65,0,0,0
NACC007814,1.865,5,0.882,491.86,0,0,0
NACC007815,5.796,3,1.216,260.68,0,0,0
NACC007816,0.538,2,1.068,656.26,0,0,0
NACC007817,1.578,2,1.113,491.76,0,0,0
NACC007818,3.449,3,1.154,396.5,0,0,0
NACC007819,2.222,1,1.105,473.64,0,0,0
NACC007820,0.432,1,0.945,437.74,0,0,0
NACC007821,9.239,2,0.982,375.59,0,0,0
NACC007822,0.947,3,1.408,665.71,0,0,0
NACC007823,2.94,3,0.6,529.85,0,0,0
NACC007824,1.897,5,0.725,388.2,0,0,0
NACC007825,3.832,5,0.678,542.7,0,0,0
NACC007826,1.583,4,0.708,338.21,0,0,0
NACC007827,1.113,5,1.07,346.32,0,0,0
NACC007828,2.656,1,0.848,994.14,0,0,0
NACC007829,4.883,3,1.27,736.86,0,0,0
NACC007830,6.731,1,1.064,177.96,0,0,0
NACC007831,1.828,1,0.988,318.87,0,0,0
NACC007832,3.379,3,1.454,228.99,0,0,0
NACC007833,2.913,3,0.613,304.04,0,0,0
NACC007834,1.776,1,1.411,363.18,0,0,0
NACC007835,0.926,1,0.623,462.58,0,0,0
NACC007836,1.262,5,1.417,403.47,0,0,0
NACC007837,2.317,1,0.81,507.92,0,0,0
NACC007838,3.215,2,1.46,757.72,0,0,0
NACC007839,0.539,1,0.623,369.72,0,0,0
NACC007840,1.57,3,1.469,786.96,0,0,0
NACC007841,3.775,3,0.936,456.12,0,0,0
NACC007842,1.865,2,1.025,433.15,0,0,0
NACC007843,0.694,2,0.727,267.23,0,0,0
NACC007844,4.593,1,1.343,182.58,0,0,0
NACC007845,1.714,2,0.74,479.69,0,0,0
NACC007846,0.492,1,1.081,568.62,0,0,0
NACC007847,7.847,3,1.407,296.27,0,0,0
NACC007848,0.421,1,1.469,337.63,0,0,0
NACC007849,3.125,1,1.481,510.41,0,0,0
NACC007850,0.301,3,1.458,507.91,0,0,0
NACC007851,1.028,5,0.636,876.88,0,0,0
NACC007852,1.168,5,1.445,842.51,0,0,0
NACC007853,3.107,5,1.23,249.85,0,0,0
NACC007854,0.327,3,0.821,202.67,0,0,0
NACC007855,1.408,4,0.806,369.38,0,0,0
NACC007856,0.217,3,1.194,426.6,0,0,0
NACC007857,7.495,1,1.376,597.07,0,0,0
NACC007858,2.129,1,1.456,763.6,0,0,0
NACC007859,3.963,5,0.982,192.79,0,0,0
NACC007860,2.588,3,1.293,359.24,0,0,0
NACC007861,1.731,2,1.055,637.46,0,0,0
NACC007862,1.395,5,1.315,259.62,0,0,0
NACC007863,2.823,5,1.271,264.08,0,0,0
NACC007864,2.633,1,0.985,572.46,0,0,0
NACC007865,3.863,1,0.99,638.44,0,0,0
NACC007866,2.855,4,0.964,329.95,0,0,0
NACC007867,3.077,3,1.186,356.76,0,0,0
NACC007868,1.534,2,1.239,467.91,0,0,0
NACC007869,4.442,2,0.936,441.16,0,0,0
NACC007870,0.33,5,1.008,682.12,0,0,0
NACC007871,3.634,1,1.279,567.74,0,0,0
NACC007872,0.449,1,1.049,452.49,0,0,0
NACC007873,2.549,3,1.098,378.34,0,0,0
NACC007874,2.239,2,0.631,560.89,0,0,0
NACC007875,2.72,4,1.282,178.9,0,0,0
NACC007876,1.258,4,0.675,382.46,0,0,0
NACC007877,4.402,5,1.476,528.87,0,0,0
NACC007878,0.619,1,1.424,589.28,0,0,0
NACC007879,1.015,2,0.755,297.23,0,0,0
NACC007880,1.815,5,1.273,890.57,0,0,0
NACC007881,2.255,4,0.65,556.05,0,0,0
NACC007882,3.897,4,0.809,242.99,0,0,0
NACC007883,1.406,1,0.799,655.02,0,0,0
NACC007884,0.817,4,0.657,258.55,0,0,0
NACC007885,1.496,1,0.841,158.72,0,0,0
NACC007886,2.373,2,1.259,270.9,0,0,0
NACC007887,3.043,2,1.33,893.41,0,0,0
NACC007888,1.626,2,0.819,229.72,0,0,0
NACC007889,1.144,5,1.041,315.18,0,0,0
NACC007890,1.03,1,1.414,457.69,0,0,0
NACC007891,1.45,5,0.765,665.89,0,0,0
NACC007892,0.609,2,0.786,858.38,0,0,0
NACC007893,3.651,1,1.486,465.14,0,0,0
NACC007894,2.187,3,1.138,873.87,0,0,0
NACC007895,2.947,3,1.282,220.97,0,0,0
NACC007896,0.502,1,1.417,428.8,0,0,0
NACC007897,2.439,1,0.736,269.78,0,0,0
NACC007898,1.314,2,0.978,381.16,0,0,0
NACC007899,0.26,5,1.199,327.64,0,0,0
NACC007900,1.291,3,1.025,997.29,0,0,0
NACC007901,2.081,3,1.062,232.03,0,0,0
NACC007902,0.611,4,0.789,517.02,0,0,0
NACC007903,2.772,1,1.349,837.53,0,0,0
NACC007904,1.334,1,0.664,845.64,0,0,0
NACC007905,1.213,5,1.028,189.99,0,0,0
NACC007906,0.532,1,0.806,383.99,0,0,0
NACC007907,1.631,3,0.678,259.89,0,0,0
NACC007908,2.098,1,1.168,804.5,0,0,0
NACC007909,4.064,2,1.335,539.63,0,0,0
NACC007910,1.661,5,0.738,234.96,0,0,0
NACC007911,4.195,4,1.189,922.65,0,0,0
NACC007912,0.572,2,1.049,394.63,0,0,0
NACC007913,0.337,3,1.063,396.14,0,0,0
NACC007914,2.986,1,0.904,325.99,0,0,0
NACC007915,3.404,1,1.247,238.85,0,0,0
NACC007916,0.868,2,0.686,456.06,0,0,0
NACC007917,1.697,1,0.863,533.05,0,0,0
NACC007918,2.1,1,0.888,390.55,0,0,0
NACC007919,4.778,5,1.395,709.7,0,0,0
NACC007920,4.18,5,1.068,242.42,0,0,0
NACC007921,3.07,1,1.389,280.15,0,0,0
NACC007922,1.28,5,1.491,417.86,0,0,0
NACC007923,0.946,2,0.638,329.59,0,0,0
NACC007924,5.184,2,1.5,360.23,0,0,0
NACC007925,0.696,4,1.396,726.97,0,0,0
NACC007926,2.438,2,1.216,889.83,0,0,0
NACC007927,2.441,2,1.146,578.69,0,0,0
NACC007928,1.688,1,1.361,268.96,0,0,0
NACC007929,2.387,2,0.923,413.52,0,0,0
NACC007930,1.335,1,0.699,514.39,0,0,0
NACC007931,1.86,4,1.026,639.06,0,0,0
NACC007932,0.493,2,1.058,353.37,0,0,0
NACC007933,1.96,1,1.0,320.17,0,0,0
NACC007934,0.45,3,0.675,158.04,0,0,0
NACC007935,0.235,5,1.191,420.05,0,0,0
NACC007936,5.906,5,1.07,340.39,0,0,0
NACC007937,4.923,4,0.996,566.63,0,0,0
NACC007938,2.344,1,1.024,694.85,0,0,0
NACC007939,0.859,2,1.318,656.69,0,0,0
NACC007940,3.857,4,0.609,495.24,0,0,0
NACC007941,2.56,2,1.022,432.69,0,0,0
NACC007942,2.879,3,0.966,456.77,0,0,0
NACC007943,0.115,2,1.238,369.35,0,0,0
NACC007944,4.522,1,1.357,630.94,0,0,0
NACC007945,4.453,1,1.126,147.01,0,0,0
NACC007946,0.454,3,0.617,502.06,0,0,0
NACC007947,0.566,3,1.396,724.56,0,0,0
NACC007948,0.055,3,1.471,221.27,0,0,0
NACC007949,0.844,4,1.272,486.65,0,0,0
NACC007950,0.352,1,1.298,398.02,0,0,0
NACC007951,0.972,4,1.383,547.02,0,0,0
NACC007952,2.054,4,1.365,547.31,0,0,0
NACC007953,3.043,4,0.827,981.36,0,0,0
NACC007954,0.236,5,0.757,537.64,0,0,0
NACC007955,2.5,2,0.754,250.41,0,0,0
NACC007956,2.214,4,1.204,623.29,0,0,0
NACC007957,5.646,5,1.383,249.44,0,0,0
NACC007958,1.712,5,1.435,201.5,0,0,0
NACC007959,1.532,4,1.383,521.65,0,0,0
NACC007960,1.358,5,1.024,480.88,0,0,0
NACC007961,2.902,1,1.379,513.82,0,0,0
NACC007962,5.13,1,1.487,641.33,0,0,0
NACC007963,3.152,5,1.148,237.32,0,0,0
NACC007964,4.185,2,1.005,550.39,0,0,0
NACC007965,1.142,2,1.268,1000.78,0,0,0
NACC007966,3.133,4,0.631,900.68,0,0,0
NACC007967,1.756,5,1.33,223.67,0,0,0
NACC007968,3.88,1,0.623,747.68,0,0,0
NACC007969,0.607,2,1.234,318.95,0,0,0
NACC007970,2.394,1,0.896,1010.64,0,0,0
NACC007971,1.222,2,0.807,430.35,0,0,0
NACC007972,4.323,3,0.765,356.6,0,0,0
NACC007973,0.893,3,1.3,118.61,0,0,0
NACC007974,1.158,5,1.267,328.31,0,0,0
NACC007975,2.799,4,0.961,173.33,0,0,0
NACC007976,3.298,4,0.888,500.28,0,0,0
NACC007977,1.688,5,1.044,346.8,0,0,0
NACC007978,1.414,5,1.379,268.02,0,0,0
NACC007979,3.404,3,1.419,922.62,0,0,0
NACC007980,1.742,4,0.966,674.69,0,0,0
NACC007981,2.946,1,1.298,933.55,0,0,0
NACC007982,2.859,3,0.735,626.76,0,0,0
NACC007983,0.654,1,0.977,397.6,0,0,0
NACC007984,3.338,1,1.165,285.09,0,0,0
NACC007985,0.599,3,0.804,89.36,0,0,0
NACC007986,1.376,1,0.811,729.63,0,0,0
NACC007987,0.867,3,0.702,847.74,0,0,0
NACC007988,1.488,3,0.997,272.2,0,0,0
NACC007989,0.761,4,1.181,437.31,0,0,0
NACC007990,1.273,1,0.603,119.64,0,0,0
NACC007991,1.138,4,1.303,527.46,0,0,0
NACC007992,4.45,2,0.771,373.19,0,0,0
NACC007993,3.505,2,1.229,481.11,0,0,0
NACC007994,1.78,1,1.292,492.21,0,0,0
NACC007995,2.658,5,0.832,736.41,0,0,0
NACC007996,5.315,5,1.183,475.17,0,0,0
NACC007997,3.519,2,1.005,278.88,0,0,0
NACC007998,0.875,5,1.365,638.02,0,0,0
NACC007999,0.794,5,1.193,725.69,0,0,0
NACC008000,3.526,4,1.397,425.16,0,0,0
NACC008001,5.084,1,1.087,382.13,0,0,0
NACC008002,1.08,4,0.946,349.07,0,0,0
NACC008003,4.497,5,1.04,606.38,0,0,0
NACC008004,2.16,2,1.013,421.3,0,0,0
NACC008005,2.943,5,1.197,104.8,0,0,0
NACC008006,0.58,1,1.004,316.47,0,0,0
NACC008007,1.043,2,0.764,318.61,0,0,0
NACC008008,3.434,4,0.739,162.01,0,0,0
NACC008009,4.916,5,1.279,428.92,0,0,0
NACC008010,1.949,3,0.775,269.5,0,0,0
NACC008011,3.219,5,0.867,453.59,0,0,0
NACC008012,1.06,3,1.4,398.0,0,0,0
NACC008013,1.437,1,0.643,524.73,0,0,0
NACC008014,5.225,2,0.893,285.94,0,0,0
NACC008015,0.709,5,0.878,604.65,0,0,0
NACC008016,4.769,3,0.841,597.55,0,0,0
NACC008017,4.752,1,1.298,354.7,0,0,0
NACC008018,0.617,2,1.409,679.43,0,0,0
NACC008019,4.365,2,0.63,126.6,0,0,0
NACC008020,2.063,4,0.869,425.76,0,0,0
NACC008021,1.086,2,0.82,752.65,0,0,0
NACC008022,2.905,5,1.295,265.15,0,0,0
NACC008023,2.924,1,0.883,716.58,0,0,0
NACC008024,2.456,5,1.015,585.46,0,0,0
NACC008025,0.67,5,0.722,476.26,0,0,0
NACC008026,4.072,5,1.328,446.93,0,0,0
NACC008027,8.547,5,0.666,697.65,0,0,0
NACC008028,5.306,2,1.149,306.22,0,0,0
NACC008029,0.417,4,1.324,184.49,0,0,0
NACC008030,1.298,3,0.653,210.81,0,0,0
NACC008031,3.887,3,1.232,178.94,0,0,0
NACC008032,5.798,1,0.658,54.69,0,0,0
NACC008033,2.078,3,1.25,285.49,0,0,0
NACC008034,1.907,3,0.94,647.7,0,0,0
NACC008035,1.819,5,1.384,946.05,0,0,0
NACC008036,0.71,5,1.31,337.06,0,0,0
NACC008037,1.241,1,0.819,439.6,0,0,0
NACC008038,0.986,4,1.318,179.27,0,0,0
NACC008039,2.453,3,1.054,652.45,0,0,0
NACC008040,0.965,2,0.848,279.09,0,0,0
NACC008041,2.075,4,1.158,102.08,0,0,0
NACC008042,2.583,5,0.641,556.55,0,0,0
NACC008043,1.659,4,1.438,598.0,0,0,0
NACC008044,2.686,1,1.492,377.01,0,0,0
NACC008045,3.657,4,1.201,165.71,0,0,0
NACC008046,0.494,2,1.399,224.33,0,0,0
NACC008047,0.992,2,0.605,594.09,0,0,0
NACC008048,1.149,3,0.984,445.49,0,0,0
NACC008049,1.28,2,1.026,300.7,0,0,0
NACC008050,3.336,5,1.393,399.4,0,0,0
NACC008051,0.826,2,1.177,546.36,0,0,0
NACC008052,0.877,2,0.954,300.79,0,0,0
NACC008053,2.154,1,1.244,460.18,0,0,0
NACC008054,2.792,5,0.603,203.05,0,0,0
NACC008055,1.066,2,0.92,897.63,0,0,0
NACC008056,2.236,4,0.978,527.19,0,0,0
NACC008057,1.815,1,0.667,563.79,0,0,0
NACC008058,3.365,1,1.492,270.94,0,0,0
NACC008059,3.972,3,0.713,995.94,0,0,0
NACC008060,1.004,2,1.268,118.25,0,0,0
NACC008061,1.322,4,1.08,214.81,0,0,0
NACC008062,8.163,4,1.221,331.19,0,0,0
NACC008063,4.221,2,1.38,339.83,0,0,0
NACC008064,1.358,3,1.081,221.62,0,0,0
NACC008065,0.655,4,0.735,324.05,0,0,0
NACC008066,1.085,3,1.122,735.79,0,0,0
NACC008067,3.99,2,0.657,332.53,0,0,0
NACC008068,0.495,5,1.422,507.63,0,0,0
NACC008069,1.38,3,0.925,574.63,0,0,0
NACC008070,0.256,5,1.36,867.44,0,0,0
NACC008071,1.948,4,1.178,756.89,0,0,0
NACC008072,0.408,2,0.901,558.01,0,0,0
NACC008073,2.989,3,1.123,396.03,0,0,0
NACC008074,2.109,5,1.259,312.25,0,0,0
NACC008075,0.756,4,1.196,321.11,0,0,0
NACC008076,2.687,5,1.152,346.42,0,0,0
NACC008077,7.408,3,0.959,547.01,0,0,0
NACC008078,2.195,4,1.439,840.52,0,0,0
NACC008079,2.403,3,0.772,610.32,0,0,0
NACC008080,2.061,2,0.8,493.04,0,0,0
NACC008081,0.553,1,1.287,232.45,0,0,0
NACC008082,0.378,4,1.397,414.34,0,0,0
NACC008083,1.223,1,1.248,642.15,0,0,0
NACC008084,0.923,3,0.938,236.68,0,0,0
NACC008085,2.117,3,0.836,574.03,0,0,0
NACC008086,0.904,1,0.687,249.88,0,0,0
NACC008087,1.274,5,0.655,499.51,0,0,0
NACC008088,4.493,1,1.449,307.43,0,0,0
NACC008089,2.737,4,0.922,559.82,0,0,0
NACC008090,1.396,2,1.125,831.82,0,0,0
NACC008091,1.231,2,1.137,358.77,0,0,0
NACC008092,2.812,4,1.263,284.14,0,0,0
NACC008093,1.219,3,1.148,277.49,0,0,0
NACC008094,0.939,5,1.144,518.08,0,0,0
NACC008095,4.972,5,0.703,148.61,0,0,0
NACC008096,1.943,5,0.946,563.61,0,0,0
NACC008097,2.444,4,1.33,437.4,0,0,0
NACC008098,1.926,4,1.009,580.02,0,0,0
NACC008099,2.221,3,1.245,701.7,0,0,0
NACC008100,0.824,4,0.685,338.92,0,0,0
NACC008101,1.053,1,0.948,156.94,0,0,0
NACC008102,3.39,4,1.208,231.54,0,0,0
NACC008103,1.321,3,1.408,238.74,0,0,0
NACC008104,0.846,1,0.963,255.97,0,0,0
NACC008105,0.408,2,0.677,540.7,0,0,0
NACC008106,1.331,2,0.722,283.35,0,0,0
NACC008107,3.979,1,0.655,734.3,0,0,0
NACC008108,1.494,3,0.815,973.49,0,0,0
NACC008109,5.951,5,0.896,395.39,0,0,0
NACC008110,1.213,3,0.615,484.75,0,0,0
NACC008111,2.702,5,1.184,348.84,0,0,0
NACC008112,2.636,3,1.353,165.56,0,0,0
NACC008113,2.445,5,0.628,143.17,0,0,0
NACC008114,0.417,4,0.983,220.73,0,0,0
NACC008115,3.853,4,0.716,312.91,0,0,0
NACC008116,1.16,2,0.743,346.45,0,0,0
NACC008117,0.817,4,1.314,284.15,0,0,0
NACC008118,1.596,4,1.455,268.33,0,0,0
NACC008119,3.174,3,1.133,488.03,0,0,0
NACC008120,1.565,2,1.16,482.41,0,0,0
NACC008121,4.094,1,1.477,342.54,0,0,0
NACC008122,4.339,1,1.401,219.08,0,0,0
NACC008123,3.003,5,1.131,233.51,0,0,0
NACC008124,2.603,5,1.488,700.14,0,0,0
NACC008125,3.714,5,0.968,316.02,0,0,0
NACC008126,2.151,5,1.469,461.59,0,0,0
NACC008127,6.122,3,0.721,308.14,0,0,0
NACC008128,0.45,3,1.028,474.22,0,0,0
NACC008129,4.928,4,1.436,181.65,0,0,0
NACC008130,4.305,1,1.105,345.36,0,0,0
NACC008131,2.01,5,0.676,325.42,0,0,0
NACC008132,2.398,1,0.844,120.59,0,0,0
NACC008133,0.903,1,0.908,447.72,0,0,0
NACC008134,1.916,3,1.085,418.2,0,0,0
NACC008135,0.554,2,0.709,423.75,0,0,0
NACC008136,1.774,1,0.637,559.63,0,0,0
NACC008137,3.622,3,1.071,216.29,0,0,0
NACC008138,2.499,4,0.907,680.0,0,0,0
NACC008139,5.446,2,0.666,280.02,0,0,0
NACC008140,1.429,5,0.999,1187.13,0,0,0
NACC008141,4.799,1,1.406,1174.78,0,0,0
NACC008142,7.791,5,0.635,174.08,0,0,0
NACC008143,1.15,3,1.144,355.46,0,0,0
NACC008144,2.127,2,1.381,637.53,0,0,0
NACC008145,0.178,3,1.288,216.06,0,0,0
NACC008146,2.169,1,1.028,531.23,0,0,0
NACC008147,3.115,5,1.379,622.78,0,0,0
NACC008148,0.56,4,1.198,750.69,0,0,0
NACC008149,0.536,4,1.112,831.74,0,0,0
NACC008150,0.842,3,1.43,271.86,0,0,0
NACC008151,0.825,1,1.036,339.3,0,0,0
NACC008152,4.686,5,0.623,198.63,0,0,0
NACC008153,0.47,4,1.077,663.48,0,0,0
NACC008154,1.704,1,1.324,442.6,0,0,0
NACC008155,0.709,3,0.988,201.89,0,0,0
NACC008156,3.09,4,0.857,451.7,0,0,0
NACC008157,0.917,4,1.232,442.85,0,0,0
NACC008158,6.398,4,1.273,124.6,0,0,0
NACC008159,3.198,3,1.428,230.23,0,0,0
NACC008160,7.112,4,1.294,607.68,0,0,0
NACC008161,1.144,5,0.649,279.53,0,0,0
NACC008162,1.94,4,1.179,300.61,0,0,0
NACC008163,3.301,1,1.316,463.81,0,0,0
NACC008164,1.354,4,1.241,320.79,0,0,0
NACC008165,1.445,3,0.755,750.0,0,0,0
NACC008166,3.66,3,1.397,339.05,0,0,0
NACC008167,2.674,4,1.19,810.26,0,0,0
NACC008168,2.021,2,0.666,280.61,0,0,0
NACC008169,0.902,1,0.619,246.43,0,0,0
NACC008170,0.527,4,1.33,424.32,0,0,0
NACC008171,0.673,1,0.879,540.72,0,0,0
NACC008172,3.641,3,1.482,581.62,0,0,0
NACC008173,3.405,4,1.042,640.18,0,0,0
NACC008174,3.864,1,0.867,599.83,0,0,0
NACC008175,1.692,3,1.001,927.52,0,0,0
NACC008176,1.486,3,0.9,612.5,0,0,0
NACC008177,3.564,1,1.194,439.64,0,0,0
NACC008178,3.051,4,1.055,1091.02,0,0,0
NACC008179,4.368,3,1.219,267.68,0,0,0
NACC008180,4.069,2,0.866,343.2,0,0,0
NACC008181,4.122,5,1.485,364.06,0,0,0
NACC008182,2.081,5,1.201,656.24,0,0,0
NACC008183,1.037,4,0.937,450.71,0,0,0
NACC008184,0.965,3,0.662,416.76,0,0,0
NACC008185,1.837,3,1.103,411.0,0,0,0
NACC008186,5.846,5,1.33,654.92,0,0,0
NACC008187,2.013,3,1.46,572.67,0,0,0
NACC008188,0.841,2,0.962,477.43,0,0,0
NACC008189,1.527,3,0.917,243.49,0,0,0
NACC008190,4.224,5,1.295,494.98,0,0,0
NACC008191,3.313,5,0.842,370.7,0,0,0
NACC008192,2.585,5,1.02,473.53,0,0,0
NACC008193,2.632,3,0.676,783.76,0,0,0
NACC008194,3.678,1,1.395,889.83,0,0,0
NACC008195,2.029,2,0.884,1046.93,0,0,0
NACC008196,1.329,4,1.396,186.89,0,0,0
NACC008197,4.04,4,0.788,282.0,0,0,0
NACC008198,1.563,5,0.707,792.59,0,0,0
NACC008199,1.37,1,1.179,392.15,0,0,0
NACC008200,2.983,1,1.205,246.52,0,0,0
NACC008201,1.395,1,0.953,322.59,0,0,0
NACC008202,1.113,2,0.814,497.06,0,0,0
NACC008203,2.629,4,1.398,404.6,0,0,0
NACC008204,0.983,2,0.991,580.39,0,0,0
NACC008205,0.585,3,1.3,537.7,0,0,0
NACC008206,1.015,1,0.636,407.61,0,0,0
NACC008207,1.514,2,0.843,414.77,0,0,0
NACC008208,0.825,2,1.445,287.68,0,0,0
NACC008209,1.871,3,0.651,308.22,0,0,0
NACC008210,0.4,5,0.912,546.5,0,0,0
NACC008211,5.519,5,0.837,723.06,0,0,0
NACC008212,2.126,3,1.196,669.85,0,0,0
NACC008213,3.205,5,0.935,805.44,0,0,0
NACC008214,2.688,1,0.808,281.6,0,0,0
NACC008215,1.155,2,1.066,273.38,0,0,0
NACC008216,4.33,5,0.674,148.65,0,0,0
NACC008217,1.762,3,0.951,285.21,0,0,0
NACC008218,4.137,3,1.266,305.42,0,0,0
NACC008219,0.902,5,0.675,155.79,0,0,0
NACC008220,3.944,1,0.975,410.58,0,0,0
NACC008221,3.214,1,1.092,730.09,0,0,0
NACC008222,0.658,2,1.227,847.59,0,0,0
NACC008223,2.14,3,1.425,372.16,0,0,0
NACC008224,2.906,3,0.848,563.75,0,0,0
NACC008225,5.632,4,1.441,699.2,0,0,0
NACC008226,1.971,2,1.019,527.95,0,0,0
NACC008227,5.348,4,0.718,266.19,0,0,0
NACC008228,1.14,3,1.421,369.6,0,0,0
NACC008229,0.665,1,1.212,206.27,0,0,0
NACC008230,1.665,1,0.626,1273.9,0,0,0
NACC008231,1.787,4,0.672,620.28,0,0,0
NACC008232,2.431,3,1.023,579.09,0,0,0
NACC008233,3.666,5,0.698,327.24,0,0,0
NACC008234,6.435,3,1.336,386.78,0,0,0
NACC008235,1.314,3,0.654,363.14,0,0,0
NACC008236,1.848,3,1.016,486.3,0,0,0
NACC008237,3.939,3,0.914,173.43,0,0,0
NACC008238,0.93,2,1.425,234.25,0,0,0
NACC008239,4.184,3,0.879,429.31,0,0,0
NACC008240,4.858,1,1.498,589.65,0,0,0
NACC008241,4.189,1,0.851,190.86,0,0,0
NACC008242,1.581,1,0.989,591.25,0,0,0
NACC008243,1.366,3,1.112,552.15,0,0,0
NACC008244,0.914,4,1.047,666.89,0,0,0
NACC008245,2.317,5,0.937,969.04,0,0,0
NACC008246,1.291,1,0.743,373.88,0,0,0
NACC008247,0.424,2,1.395,769.53,0,0,0
NACC008248,1.401,1,0.813,377.01,0,0,0
NACC008249,0.446,5,0.615,431.67,0,0,0
NACC008250,0.454,5,0.819,571.81,0,0,0
NACC008251,0.915,5,0.869,738.58,0,0,0
NACC008252,1.576,4,0.908,359.28,0,0,0
NACC008253,5.41,2,0.82,185.3,0,0,0
NACC008254,2.026,5,0.619,648.01,0,0,0
NACC008255,3.194,1,0.742,779.07,0,0,0
NACC008256,2.922,1,1.43,110.16,0,0,0
NACC008257,2.987,2,1.365,367.93,0,0,0
NACC008258,1.074,3,1.029,289.0,0,0,0
NACC008259,1.745,5,1.164,676.68,0,0,0
NACC008260,2.993,3,0.668,435.81,0,0,0
NACC008261,4.107,3,0.614,177.24,0,0,0
NACC008262,4.672,1,0.797,774.02,0,0,0
NACC008263,3.07,4,1.377,439.38,0,0,0
NACC008264,2.858,3,1.425,254.92,0,0,0
NACC008265,1.21,4,0.876,574.58,0,0,0
NACC008266,1.452,4,1.322,276.38,0,0,0
NACC008267,0.97,2,1.026,218.52,0,0,0
NACC008268,1.613,4,0.888,734.86,0,0,0
NACC008269,3.856,5,1.14,315.28,0,0,0
NACC008270,2.809,4,0.645,400.68,0,0,0
NACC008271,1.775,2,1.365,618.66,0,0,0
NACC008272,1.39,2,1.467,556.27,0,0,0
NACC008273,1.192,3,0.852,621.94,0,0,0
NACC008274,3.286,5,0.601,286.36,0,0,0
NACC008275,2.806,1,1.102,245.54,0,0,0
NACC008276,2.524,1,0.956,532.42,0,0,0
NACC008277,3.63,2,1.176,1019.77,0,0,0
NACC008278,4.792,1,0.823,180.69,0,0,0
NACC008279,2.603,5,1.162,392.63,0,0,0
NACC008280,1.989,5,1.051,750.93,0,0,0
NACC008281,0.642,3,0.799,226.18,0,0,0
NACC008282,1.819,1,1.115,683.83,0,0,0
NACC008283,2.549,3,1.372,318.96,0,0,0
NACC008284,7.699,4,0.757,876.17,0,0,0
NACC008285,1.401,3,1.215,133.71,0,0,0
NACC008286,3.571,3,0.784,489.02,0,0,0
NACC008287,0.525,1,1.445,355.62,0,0,0
NACC008288,1.138,3,1.359,192.8,0,0,0
NACC008289,1.707,3,0.724,810.83,0,0,0
NACC008290,3.108,2,1.322,606.69,0,0,0
NACC008291,4.795,3,0.766,575.96,0,0,0
NACC008292,4.004,5,0.609,421.35,0,0,0
NACC008293,1.347,1,1.466,557.6,0,0,0
NACC008294,0.87,2,1.036,481.34,0,0,0
NACC008295,6.726,1,1.005,475.64,0,0,0
NACC008296,1.585,5,0.667,530.54,0,0,0
NACC008297,2.348,4,1.305,314.16,0,0,0
NACC008298,3.855,3,1.433,506.03,0,0,0
NACC008299,1.317,4,1.049,377.02,0,0,0
NACC008300,2.096,1,0.855,401.27,0,0,0
NACC008301,1.313,5,1.305,510.05,0,0,0
NACC008302,0.551,5,1.139,342.55,0,0,0
NACC008303,2.805,5,1.28,347.54,0,0,0
NACC008304,1.284,2,1.215,356.49,0,0,0
NACC008305,0.964,1,1.429,692.24,0,0,0
NACC008306,3.538,4,0.636,431.74,0,0,0
NACC008307,4.786,4,1.165,110.51,0,0,0
NACC008308,0.748,1,0.784,406.57,0,0,0
NACC008309,4.784,1,1.072,491.89,0,0,0
NACC008310,1.892,2,1.352,798.12,0,0,0
NACC008311,0.998,5,0.888,225.86,0,0,0
NACC008312,0.312,5,1.336,453.16,0,0,0
NACC008313,1.019,2,1.306,631.98,0,0,0
NACC008314,0.673,3,1.226,267.29,0,0,0
NACC008315,0.458,4,0.846,640.46,0,0,0
NACC008316,1.511,2,1.264,694.43,0,0,0
NACC008317,3.991,5,1.387,683.44,0,0,0
NACC008318,3.062,3,0.98,344.53,0,0,0
NACC008319,2.886,5,1.272,100.83,0,0,0
NACC008320,0.364,3,1.122,422.49,0,0,0
NACC008321,0.673,4,1.226,282.11,0,0,0
NACC008322,3.762,3,1.116,362.7,0,0,0
NACC008323,1.59,4,1.409,716.15,0,0,0
NACC008324,1.482,5,0.656,719.26,0,0,0
NACC008325,2.415,1,1.296,365.75,0,0,0
NACC008326,0.284,2,1.147,309.14,0,0,0
NACC008327,1.27,1,1.315,187.71,0,0,0
NACC008328,1.39,3,0.637,1174.15,0,0,0
NACC008329,1.318,2,0.995,287.94,0,0,0
NACC008330,1.493,3,1.273,220.08,0,0,0
NACC008331,5.166,3,1.352,561.7,0,0,0
NACC008332,1.572,3,0.917,191.46,0,0,0
NACC008333,0.916,2,0.847,492.92,0,0,0
NACC008334,1.142,5,1.04,79.7,0,0,0
NACC008335,0.053,2,0.85,297.78,0,0,0
NACC008336,1.263,4,0.812,539.84,0,0,0
NACC008337,0.845,3,1.319,624.03,0,0,0
NACC008338,1.427,5,0.777,389.5,0,0,0
NACC008339,1.149,1,1.464,300.68,0,0,0
NACC008340,2.592,5,0.961,221.79,0,0,0
NACC008341,1.486,2,1.013,404.23,0,0,0
NACC008342,5.766,5,0.734,895.01,0,0,0
NACC008343,2.414,1,1.455,555.16,0,0,0
NACC008344,1.389,1,1.299,654.15,0,0,0
NACC008345,1.502,2,1.091,863.47,0,0,0
NACC008346,0.581,4,0.865,418.96,0,0,0
NACC008347,1.31,5,0.645,419.45,0,0,0
NACC008348,0.514,5,1.185,957.55,0,0,0
NACC008349,2.839,1,1.075,839.08,0,0,0
NACC008350,1.131,1,1.129,427.91,0,0,0
NACC008351,1.037,1,1.062,641.01,0,0,0
NACC008352,0.791,5,1.427,970.4,0,0,0
NACC008353,2.692,1,0.66,707.18,0,0,0
NACC008354,1.997,1,1.391,316.46,0,0,0
NACC008355,5.12,2,0.954,512.49,0,0,0
NACC008356,1.164,3,1.328,621.8,0,0,0
NACC008357,1.011,4,0.908,1467.16,0,0,0
NACC008358,0.403,5,0.861,503.06,0,0,0
NACC008359,2.029,4,0.981,651.28,0,0,0
NACC008360,1.821,4,1.492,301.7,0,0,0
NACC008361,2.176,5,0.697,1163.16,0,0,0
NACC008362,3.677,1,1.03,415.17,0,0,0
NACC008363,1.405,1,1.379,882.02,0,0,0
NACC008364,1.863,5,1.354,494.76,0,0,0
NACC008365,3.228,4,1.389,341.67,0,0,0
NACC008366,7.129,2,1.206,314.47,0,0,0
NACC008367,1.827,4,1.308,350.34,0,0,0
NACC008368,3.11,1,1.106,825.92,0,0,0
NACC008369,4.278,2,0.966,435.65,0,0,0
NACC008370,1.368,5,1.475,443.53,0,0,0
NACC008371,1.264,4,1.04,551.13,0,0,0
NACC008372,3.871,2,1.343,731.09,0,0,0
NACC008373,5.459,4,1.38,913.27,0,0,0
NACC008374,6.982,5,1.319,317.37,0,0,0
NACC008375,1.971,4,1.291,486.73,0,0,0
NACC008376,1.294,3,1.18,484.49,0,0,0
NACC008377,1.863,2,1.396,441.52,0,0,0
NACC008378,3.281,2,1.15,571.29,0,0,0
NACC008379,8.0,4,1.151,798.1,0,0,0
NACC008380,1.148,4,1.199,225.81,0,0,0
NACC008381,2.617,4,0.723,1209.84,0,0,0
NACC008382,4.42,4,0.788,182.7,0,0,0
NACC008383,1.626,1,1.053,513.89,0,0,0
NACC008384,1.298,1,0.634,370.49,0,0,0
NACC008385,0.882,3,1.421,497.24,0,0,0
NACC008386,5.428,4,0.784,331.14,0,0,0
NACC008387,0.866,5,0.8,729.77,0,0,0
NACC008388,2.023,4,1.262,756.58,0,0,0
NACC008389,1.577,3,1.07,883.82,0,0,0
NACC008390,1.319,3,0.638,244.11,0,0,0
NACC008391,2.765,2,0.98,346.45,0,0,0
NACC008392,4.321,2,1.042,882.99,0,0,0
NACC008393,6.006,5,0.734,969.65,0,0,0
NACC008394,1.976,4,1.288,642.76,0,0,0
NACC008395,0.853,1,1.399,381.68,0,0,0
NACC008396,0.683,5,0.735,732.19,0,0,0
NACC008397,2.86,3,1.175,788.51,0,0,0
NACC008398,2.338,2,1.19,523.39,0,0,0
NACC008399,5.275,4,1.125,640.67,0,0,0
NACC008400,7.001,1,1.114,444.66,0,0,0
NACC008401,2.092,1,0.749,202.57,0,0,0
NACC008402,1.104,3,0.895,330.77,0,0,0
NACC008403,3.089,5,1.261,377.66,0,0,0
NACC008404,4.243,1,1.203,447.57,0,0,0
NACC008405,3.596,3,0.918,903.16,0,0,0
NACC008406,2.884,4,0.635,197.93,0,0,0
NACC008407,3.448,2,0.808,982.07,0,0,0
NACC008408,0.843,2,1.121,402.51,0,0,0
NACC008409,1.026,5,0.815,276.44,0,0,0
NACC008410,0.916,2,0.663,826.74,0,0,0
NACC008411,1.855,3,0.632,115.79,0,0,0
NACC008412,0.812,2,1.071,470.88,0,0,0
NACC008413,3.899,1,0.759,572.25,0,0,0
NACC008414,0.966,2,0.622,559.79,0,0,0
NACC008415,4.094,2,0.893,501.59,0,0,0
NACC008416,0.547,2,1.342,301.12,0,0,0
NACC008417,3.816,4,0.803,900.63,0,0,0
NACC008418,1.326,2,0.824,466.42,0,0,0
NACC008419,5.368,3,0.633,908.69,0,0,0
NACC008420,4.799,1,1.135,462.0,0,0,0
NACC008421,1.947,5,1.261,311.54,0,0,0
NACC008422,6.134,3,1.24,804.44,0,0,0
NACC008423,4.532,1,1.112,612.39,0,0,0
NACC008424,1.974,3,0.719,562.36,0,0,0
NACC008425,4.777,2,0.664,450.53,0,0,0
NACC008426,2.676,3,1.104,419.93,0,0,0
NACC008427,1.524,2,1.221,447.09,0,0,0
NACC008428,1.98,3,0.979,375.24,0,0,0
NACC008429,2.01,3,0.875,169.36,0,0,0
NACC008430,0.813,2,0.983,297.44,0,0,0
NACC008431,1.13,3,0.9,412.99,0,0,0
NACC008432,1.237,5,1.374,287.01,0,0,0
NACC008433,5.374,3,1.137,236.7,0,0,0
NACC008434,4.32,1,0.956,344.47,0,0,0
NACC008435,2.312,5,0.862,271.93,0,0,0
NACC008436,1.321,3,1.072,359.91,0,0,0
NACC008437,2.312,2,1.375,565.03,0,0,0
NACC008438,1.913,4,1.43,632.22,0,0,0
NACC008439,3.671,4,1.451,366.69,0,0,0
NACC008440,4.566,5,0.625,555.84,0,0,0
NACC008441,1.468,1,0.979,196.36,0,0,0
NACC008442,2.12,2,0.611,452.78,0,0,0
NACC008443,2.871,3,1.064,513.57,0,0,0
NACC008444,0.635,3,1.414,802.98,0,0,0
NACC008445,1.973,5,1.14,787.48,0,0,0
NACC008446,2.008,5,1.345,247.08,0,0,0
NACC008447,1.125,3,1.171,525.82,0,0,0
NACC008448,0.916,5,1.099,221.12,0,0,0
NACC008449,1.482,2,0.79,710.34,0,0,0
NACC008450,3.271,1,1.089,486.59,0,0,0
NACC008451,1.747,4,0.939,297.89,0,0,0
NACC008452,3.629,4,1.261,683.83,0,0,0
NACC008453,0.433,3,1.318,662.63,0,0,0
NACC008454,2.196,4,1.288,745.53,0,0,0
NACC008455,3.951,2,1.189,411.95,0,0,0
NACC008456,0.677,5,1.417,1245.73,0,0,0
NACC008457,5.38,4,0.623,440.45,0,0,0
NACC008458,1.461,2,0.956,310.68,0,0,0
NACC008459,0.851,3,0.649,789.68,0,0,0
NACC008460,1.816,4,1.086,311.26,0,0,0
NACC008461,1.691,3,1.393,461.58,0,0,0
NACC008462,2.41,5,0.751,357.52,0,0,0
NACC008463,1.792,4,0.837,299.18,0,0,0
NACC008464,2.179,3,1.334,387.31,0,0,0
NACC008465,0.723,4,0.614,216.86,0,0,0
NACC008466,2.669,5,1.008,235.0,0,0,0
NACC008467,1.494,2,1.326,1284.27,0,0,0
NACC008468,1.377,5,0.66,804.1,0,0,0
NACC008469,1.838,1,0.712,364.19,0,0,0
NACC008470,1.577,1,0.721,784.85,0,0,0
NACC008471,1.823,4,0.894,858.5,0,0,0
NACC008472,0.802,4,0.602,713.56,0,0,0
NACC008473,2.233,5,1.309,335.75,0,0,0
NACC008474,2.133,4,0.675,551.75,0,0,0
NACC008475,2.061,1,0.701,511.66,0,0,0
NACC008476,0.944,2,1.392,468.38,0,0,0
NACC008477,1.304,5,1.234,216.15,0,0,0
NACC008478,2.465,3,1.024,91.53,0,0,0
NACC008479,2.323,1,0.843,1209.55,0,0,0
NACC008480,10.401,2,1.116,550.68,0,0,0
NACC008481,0.596,3,0.669,513.63,0,0,0
NACC008482,6.833,1,1.293,244.65,0,0,0
NACC008483,1.393,5,1.244,565.29,0,0,0
NACC008484,2.544,5,1.041,318.02,0,0,0
NACC008485,4.145,3,1.292,675.56,0,0,0
NACC008486,1.235,5,0.831,496.14,0,0,0
NACC008487,6.164,2,1.327,177.54,0,0,0
NACC008488,0.942,2,1.479,454.89,0,0,0
NACC008489,0.084,3,1.131,565.4,0,0,0
NACC008490,2.086,3,0.857,305.74,0,0,0
NACC008491,1.779,2,1.382,454.05,0,0,0
NACC008492,3.745,2,0.996,645.29,0,0,0
NACC008493,1.342,1,0.693,382.46,0,0,0
NACC008494,1.704,4,1.36,448.18,0,0,0
NACC008495,0.984,1,1.218,703.48,0,0,0
NACC008496,5.562,4,1.28,205.06,0,0,0
NACC008497,0.874,5,1.194,448.28,0,0,0
NACC008498,1.945,5,0.874,564.49,0,0,0
NACC008499,0.514,5,1.152,529.58,0,0,0
NACC008500,1.691,3,0.656,528.0,0,0,0
NACC008501,3.432,4,1.494,217.73,0,0,0
NACC008502,1.29,4,1.408,193.2,0,0,0
NACC008503,3.788,4,1.05,366.57,0,0,0
NACC008504,2.886,4,0.972,511.14,0,0,0
NACC008505,1.645,4,0.601,763.77,0,0,0
NACC008506,0.911,3,1.067,475.01,0,0,0
NACC008507,3.054,3,0.615,376.01,0,0,0
NACC008508,6.404,1,1.123,619.47,0,0,0
NACC008509,2.037,4,0.768,259.61,0,0,0
NACC008510,2.442,3,1.396,124.77,0,0,0
NACC008511,5.831,3,1.178,516.96,0,0,0
NACC008512,2.481,5,1.192,296.67,0,0,0
NACC008513,3.755,1,1.118,529.35,0,0,0
NACC008514,1.833,5,0.651,457.53,0,0,0
NACC008515,1.521,5,1.066,295.98,0,0,0
NACC008516,10.75,5,0.988,358.8,0,0,0
NACC008517,4.98,1,1.014,439.34,0,0,0
NACC008518,2.29,5,0.645,356.0,0,0,0
NACC008519,2.535,3,0.985,766.26,0,0,0
NACC008520,0.901,4,0.881,216.49,0,0,0
NACC008521,1.075,2,0.673,705.7,0,0,0
NACC008522,1.353,1,0.78,424.79,0,0,0
NACC008523,6.917,4,0.893,313.56,0,0,0
NACC008524,0.614,3,0.757,1109.61,0,0,0
NACC008525,0.162,3,0.608,150.47,0,0,0
NACC008526,6.082,5,1.216,560.56,0,0,0
NACC008527,6.347,3,0.925,451.59,0,0,0
NACC008528,1.642,1,1.083,434.27,0,0,0
NACC008529,2.285,4,1.276,439.19,0,0,0
NACC008530,1.7,4,0.755,377.37,0,0,0
NACC008531,2.431,2,1.339,341.91,0,0,0
NACC008532,1.392,4,0.794,616.05,0,0,0
NACC008533,4.309,2,1.413,170.74,0,0,0
NACC008534,0.912,2,1.393,809.84,0,0,0
NACC008535,0.975,1,1.078,993.56,0,0,0
NACC008536,0.944,4,0.813,303.83,0,0,0
NACC008537,1.725,2,0.679,546.63,0,0,0
NACC008538,5.217,3,1.202,308.76,0,0,0
NACC008539,4.571,2,1.082,241.47,0,0,0
NACC008540,3.507,5,1.469,432.89,0,0,0
NACC008541,2.879,3,0.94,879.68,0,0,0
NACC008542,3.207,1,0.639,237.29,0,0,0
NACC008543,2.323,5,0.906,259.35,0,0,0
NACC008544,2.568,3,0.604,278.3,0,0,0
NACC008545,1.349,2,1.295,366.31,0,0,0
NACC008546,1.731,3,0.649,696.53,0,0,0
NACC008547,3.104,5,0.614,415.55,0,0,0
NACC008548,3.066,3,1.481,450.95,0,0,0
NACC008549,0.233,2,1.411,1226.55,0,0,0
NACC008550,6.898,4,0.633,141.15,0,0,0
NACC008551,0.925,3,1.066,88.31,0,0,0
NACC008552,0.499,2,1.203,250.97,0,0,0
NACC008553,1.896,5,1.363,508.16,0,0,0
NACC008554,2.784,4,0.957,1015.44,0,0,0
NACC008555,2.252,2,0.866,326.77,0,0,0
NACC008556,2.503,3,0.944,488.98,0,0,0
NACC008557,1.509,5,1.384,314.33,0,0,0
NACC008558,2.769,3,1.244,611.95,0,0,0
NACC008559,0.933,4,0.847,439.22,0,0,0
NACC008560,3.703,5,1.465,761.37,0,0,0
NACC008561,1.022,5,0.835,638.49,0,0,0
NACC008562,0.544,3,1.237,742.46,0,0,0
NACC008563,0.19,4,0.901,478.87,0,0,0
NACC008564,3.279,2,0.65,205.46,0,0,0
NACC008565,1.29,2,1.465,442.85,0,0,0
NACC008566,0.848,2,0.947,410.16,0,0,0
NACC008567,2.209,3,1.343,164.43,0,0,0
NACC008568,5.47,4,0.838,417.08,0,0,0
NACC008569,1.174,2,0.647,960.17,0,0,0
NACC008570,0.475,1,1.084,386.53,0,0,0
NACC008571,3.76,4,0.643,374.02,0,0,0
NACC008572,2.181,4,0.689,198.63,0,0,0
NACC008573,1.256,1,0.751,215.81,0,0,0
NACC008574,0.729,4,1.369,450.41,0,0,0
NACC008575,1.859,3,1.267,817.56,0,0,0
NACC008576,1.388,5,0.767,221.06,0,0,0
NACC008577,1.389,2,0.891,207.88,0,0,0
NACC008578,5.211,3,0.765,506.89,0,0,0
NACC008579,1.955,1,0.98,626.74,0,0,0
NACC008580,0.855,1,0.873,594.28,0,0,0
NACC008581,2.347,4,0.675,618.73,0,0,0
NACC008582,4.732,1,0.885,172.39,0,0,0
NACC008583,1.943,4,1.109,624.84,0,0,0
NACC008584,1.29,2,0.739,321.2,0,0,0
NACC008585,2.649,1,0.894,407.57,0,0,0
NACC008586,1.804,5,1.147,299.23,0,0,0
NACC008587,3.263,1,0.702,147.27,0,0,0
NACC008588,1.116,5,1.395,613.63,0,0,0
NACC008589,1.036,1,1.175,524.94,0,0,0
NACC008590,1.967,1,1.286,860.83,0,0,0
NACC008591,2.196,3,1.177,261.51,0,0,0
NACC008592,1.155,5,0.68,275.13,0,0,0
NACC008593,3.248,3,0.97,195.16,0,0,0
NACC008594,0.332,3,0.681,903.52,0,0,0
NACC008595,2.732,3,1.011,888.35,0,0,0
NACC008596,3.082,4,0.778,338.55,0,0,0
NACC008597,1.42,3,1.126,669.52,0,0,0
NACC008598,1.177,3,1.061,292.28,0,0,0
NACC008599,3.376,3,1.346,614.82,0,0,0
NACC008600,0.525,3,1.299,552.68,0,0,0
NACC008601,0.585,2,1.361,382.65,0,0,0
NACC008602,1.707,1,0.98,583.19,0,0,0
NACC008603,1.665,5,1.269,486.17,0,0,0
NACC008604,2.16,3,0.659,509.0,0,0,0
NACC008605,2.142,4,1.459,346.01,0,0,0
NACC008606,3.409,1,1.246,404.65,0,0,0
NACC008607,3.636,1,1.141,423.72,0,0,0
NACC008608,2.576,2,0.675,401.75,0,0,0
NACC008609,5.381,1,0.626,290.8,0,0,0
NACC008610,2.399,1,1.382,592.3,0,0,0
NACC008611,0.852,5,0.942,213.11,0,0,0
NACC008612,1.674,1,1.031,708.61,0,0,0
NACC008613,3.028,3,0.628,791.72,0,0,0
NACC008614,1.464,1,1.173,510.22,0,0,0
NACC008615,4.432,5,1.401,397.77,0,0,0
NACC008616,0.316,5,1.453,544.52,0,0,0
NACC008617,2.272,1,1.158,662.55,0,0,0
NACC008618,1.305,3,1.456,710.25,0,0,0
NACC008619,2.28,4,0.857,450.08,0,0,0
NACC008620,2.451,3,0.748,417.06,0,0,0
NACC008621,0.227,1,1.481,425.67,0,0,0
NACC008622,1.817,4,0.7,351.22,0,0,0
NACC008623,5.159,1,1.071,493.31,0,0,0
NACC008624,4.255,2,1.264,337.36,0,0,0
NACC008625,0.652,4,1.113,1158.58,0,0,0
NACC008626,1.922,2,0.785,271.58,0,0,0
NACC008627,2.774,4,1.305,551.66,0,0,0
NACC008628,4.677,3,1.278,817.59,0,0,0
NACC008629,2.43,2,0.865,758.48,0,0,0
NACC008630,2.237,2,1.466,549.43,0,0,0
NACC008631,3.064,4,0.635,608.32,0,0,0
NACC008632,0.273,2,1.222,229.93,0,0,0
NACC008633,0.548,2,1.088,209.67,0,0,0
NACC008634,6.612,3,0.964,770.35,0,0,0
NACC008635,1.946,4,1.245,416.44,0,0,0
NACC008636,1.253,4,0.66,298.46,0,0,0
NACC008637,1.4,5,1.288,342.92,0,0,0
NACC008638,1.333,5,1.302,592.45,0,0,0
NACC008639,1.263,1,1.373,720.28,0,0,0
NACC008640,0.997,2,1.192,544.44,0,0,0
NACC008641,1.041,4,1.185,475.86,0,0,0
NACC008642,1.122,1,0.949,591.16,0,0,0
NACC008643,0.31,4,1.071,774.31,0,0,0
NACC008644,1.36,5,1.226,232.91,0,0,0
NACC008645,1.562,1,1.286,705.53,0,0,0
NACC008646,1.713,1,1.046,807.8,0,0,0
NACC008647,3.322,4,0.6,457.04,0,0,0
NACC008648,1.067,4,1.46,336.23,0,0,0
NACC008649,2.672,4,1.343,83.1,0,0,0
NACC008650,1.561,3,0.804,382.93,0,0,0
NACC008651,2.713,4,1.156,292.65,0,0,0
NACC008652,2.374,2,1.217,538.08,0,0,0
NACC008653,2.698,2,1.015,623.59,0,0,0
NACC008654,7.186,5,1.415,456.98,0,0,0
NACC008655,2.149,1,0.686,408.55,0,0,0
NACC008656,1.942,3,1.405,292.23,0,0,0
NACC008657,1.647,1,0.612,683.15,0,0,0
NACC008658,5.053,1,1.07,549.39,0,0,0
NACC008659,1.545,2,0.612,456.67,0,0,0
NACC008660,2.024,5,1.447,735.58,0,0,0
NACC008661,0.811,1,1.232,177.96,0,0,0
NACC008662,3.362,4,0.714,236.68,0,0,0
NACC008663,0.481,5,1.191,295.92,0,0,0
NACC008664,1.421,5,1.39,287.63,0,0,0
NACC008665,0.824,3,1.272,269.47,0,0,0
NACC008666,1.43,5,0.654,194.35,0,0,0
NACC008667,1.041,1,1.245,562.39,0,0,0
NACC008668,0.755,4,1.234,611.56,0,0,0
NACC008669,5.08,3,1.117,685.17,0,0,0
NACC008670,1.933,5,0.723,212.82,0,0,0
NACC008671,0.092,4,0.695,627.53,0,0,0
NACC008672,2.071,5,0.874,461.25,0,0,0
NACC008673,2.703,5,0.911,568.28,0,0,0
NACC008674,10.85,3,0.949,392.68,0,0,0
NACC008675,4.946,4,0.871,265.97,0,0,0
NACC008676,0.7,3,1.206,489.64,0,0,0
NACC008677,3.559,3,0.724,295.16,0,0,0
NACC008678,3.096,1,0.937,213.14,0,0,0
NACC008679,1.043,4,0.902,396.35,0,0,0
NACC008680,3.372,4,0.949,230.64,0,0,0
NACC008681,1.475,1,1.165,415.67,0,0,0
NACC008682,1.864,5,1.166,200.96,0,0,0
NACC008683,3.913,3,1.065,295.46,0,0,0
NACC008684,1.223,5,0.724,284.62,0,0,0
NACC008685,3.57,4,1.253,537.32,0,0,0
NACC008686,0.402,2,0.661,555.55,0,0,0
NACC008687,3.437,4,0.654,716.04,0,0,0
NACC008688,1.74,4,0.611,371.66,0,0,0
NACC008689,2.043,1,0.763,619.41,0,0,0
NACC008690,1.975,5,1.289,242.18,0,0,0
NACC008691,0.42,4,1.281,797.48,0,0,0
NACC008692,3.512,5,1.426,322.67,0,0,0
NACC008693,0.47,3,0.617,306.38,0,0,0
NACC008694,1.244,4,1.439,466.88,0,0,0
NACC008695,1.837,2,1.153,266.54,0,0,0
NACC008696,2.124,2,0.97,281.1,0,0,0
NACC008697,3.495,1,0.808,830.64,0,0,0
NACC008698,0.737,4,1.093,352.99,0,0,0
NACC008699,4.479,5,1.153,685.24,0,0,0
NACC008700,1.003,2,0.747,422.49,0,0,0
NACC008701,1.638,5,1.323,490.11,0,0,0
NACC008702,6.706,3,0.956,275.43,0,0,0
NACC008703,2.218,3,1.156,188.63,0,0,0
NACC008704,1.806,4,1.012,515.85,0,0,0
NACC008705,3.368,2,0.812,523.74,0,0,0
NACC008706,2.718,1,1.034,484.48,0,0,0
NACC008707,1.386,3,0.942,479.31,0,0,0
NACC008708,1.992,5,1.091,267.47,0,0,0
NACC008709,3.439,2,0.6,249.56,0,0,0
NACC008710,1.85,3,1.425,822.09,0,0,0
NACC008711,4.454,3,1.008,414.0,0,0,0
NACC008712,1.272,5,0.608,629.82,0,0,0
NACC008713,4.464,2,1.325,575.16,0,0,0
NACC008714,0.175,3,0.883,507.36,0,0,0
NACC008715,3.935,3,1.441,385.15,0,0,0
NACC008716,0.681,1,0.735,367.4,0,0,0
NACC008717,1.582,3,1.136,470.2,0,0,0
NACC008718,1.564,4,0.789,283.0,0,0,0
NACC008719,2.241,2,0.751,731.89,0,0,0
NACC008720,2.614,3,0.922,278.79,0,0,0
NACC008721,1.154,3,1.375,883.33,0,0,0
NACC008722,0.646,2,1.454,837.6,0,0,0
NACC008723,1.666,2,0.981,381.02,0,0,0
NACC008724,3.021,2,1.033,574.35,0,0,0
NACC008725,7.105,2,1.094,712.2,0,0,0
NACC008726,2.92,2,1.426,212.63,0,0,0
NACC008727,2.333,3,1.31,360.79,0,0,0
NACC008728,2.139,3,0.859,390.06,0,0,0
NACC008729,5.452,1,1.407,572.37,0,0,0
NACC008730,1.997,1,1.422,510.85,0,0,0
NACC008731,2.963,2,0.757,374.28,0,0,0
NACC008732,0.553,2,1.323,140.7,0,0,0
NACC008733,1.572,4,1.299,844.57,0,0,0
NACC008734,3.316,1,1.084,146.23,0,0,0
NACC008735,1.723,5,1.227,205.88,0,0,0
NACC008736,0.465,3,0.626,840.98,0,0,0
NACC008737,2.284,4,0.828,638.37,0,0,0
NACC008738,0.97,1,1.397,443.13,0,0,0
NACC008739,5.732,3,1.499,491.19,0,0,0
NACC008740,3.16,2,0.641,571.88,0,0,0
NACC008741,1.148,4,1.131,581.69,0,0,0
NACC008742,1.578,3,1.255,954.65,0,0,0
NACC008743,1.27,5,1.246,491.16,0,0,0
NACC008744,1.766,2,0.811,822.97,0,0,0
NACC008745,0.569,2,0.661,656.07,0,0,0
NACC008746,1.588,5,1.398,378.09,0,0,0
NACC008747,2.113,4,1.009,134.78,0,0,0
NACC008748,0.32,4,1.199,139.17,0,0,0
NACC008749,4.995,4,1.05,354.99,0,0,0
NACC008750,0.301,4,1.321,626.44,0,0,0
NACC008751,2.716,3,1.335,600.61,0,0,0
NACC008752,1.359,3,0.603,181.45,0,0,0
NACC008753,2.381,3,0.823,496.77,0,0,0
NACC008754,1.066,1,0.705,437.69,0,0,0
NACC008755,3.281,1,1.194,181.39,0,0,0
NACC008756,3.456,3,1.218,669.96,0,0,0
NACC008757,0.827,5,0.714,152.05,0,0,0
NACC008758,2.681,5,0.719,477.76,0,0,0
NACC008759,1.416,2,0.728,278.7,0,0,0
NACC008760,3.329,2,1.464,698.57,0,0,0
NACC008761,3.997,2,0.664,546.18,0,0,0
NACC008762,1.113,2,0.819,148.57,0,0,0
NACC008763,1.291,5,1.074,770.22,0,0,0
NACC008764,0.232,4,0.94,286.42,0,0,0
NACC008765,0.968,5,0.906,406.65,0,0,0
NACC008766,1.428,2,1.258,435.59,0,0,0
NACC008767,0.526,1,0.671,701.64,0,0,0
NACC008768,5.445,5,0.759,460.43,0,0,0
NACC008769,1.813,1,0.978,443.91,0,0,0
NACC008770,1.045,2,0.876,261.87,0,0,0
NACC008771,2.838,2,1.296,356.94,0,0,0
NACC008772,1.336,2,0.869,429.14,0,0,0
NACC008773,1.794,5,1.113,550.68,0,0,0
NACC008774,1.293,1,1.158,431.02,0,0,0
NACC008775,0.584,2,1.47,579.52,0,0,0
NACC008776,0.866,3,1.245,413.66,0,0,0
NACC008777,3.142,2,1.024,299.39,0,0,0
NACC008778,4.142,5,1.053,116.16,0,0,0
NACC008779,1.311,4,1.18,672.52,0,0,0
NACC008780,0.271,1,0.651,226.9,0,0,0
NACC008781,4.496,4,1.174,689.17,0,0,0
NACC008782,6.326,4,1.126,416.26,0,0,0
NACC008783,1.418,1,0.611,622.13,0,0,0
NACC008784,0.983,2,1.225,361.41,0,0,0
NACC008785,2.489,1,1.175,583.78,0,0,0
NACC008786,3.527,2,1.26,215.92,0,0,0
NACC008787,2.284,5,0.688,328.77,0,0,0
NACC008788,3.921,4,1.403,688.95,0,0,0
NACC008789,1.149,1,1.408,274.29,0,0,0
NACC008790,1.708,4,1.2,227.61,0,0,0
NACC008791,3.226,1,0.887,523.93,0,0,0
NACC008792,1.557,2,1.401,539.94,0,0,0
NACC008793,2.752,1,1.336,92.97,0,0,0
NACC008794,5.431,1,1.049,567.74,0,0,0
NACC008795,3.187,4,1.019,351.29,0,0,0
NACC008796,2.631,1,1.117,323.44,0,0,0
NACC008797,0.596,3,1.016,151.91,0,0,0
NACC008798,1.807,2,1.047,240.4,0,0,0
NACC008799,1.654,4,1.055,216.54,0,0,0
NACC008800,2.336,3,0.633,863.33,0,0,0
NACC008801,1.948,3,0.922,573.44,0,0,0
NACC008802,2.983,3,1.282,236.6,0,0,0
NACC008803,1.07,4,1.345,836.86,0,0,0
NACC008804,1.114,1,1.363,625.92,0,0,0
NACC008805,1.595,3,1.393,980.13,0,0,0
NACC008806,1.884,5,0.638,469.33,0,0,0
NACC008807,2.681,1,1.272,346.08,0,0,0
NACC008808,3.02,4,1.383,454.08,0,0,0
NACC008809,2.669,1,0.788,712.5,0,0,0
NACC008810,3.354,4,1.432,475.85,0,0,0
NACC008811,9.076,5,1.208,328.08,0,0,0
NACC008812,0.117,1,1.462,323.61,0,0,0
NACC008813,1.063,3,1.15,354.98,0,0,0
NACC008814,0.1,2,1.185,111.93,0,0,0
NACC008815,3.04,1,0.954,414.31,0,0,0
NACC008816,2.295,1,1.496,579.02,0,0,0
NACC008817,2.356,5,0.807,565.29,0,0,0
NACC008818,3.682,1,0.789,271.38,0,0,0
NACC008819,5.999,1,0.827,209.22,0,0,0
NACC008820,4.086,5,0.881,514.44,0,0,0
NACC008821,2.947,3,1.421,180.06,0,0,0
NACC008822,1.675,1,0.758,425.62,0,0,0
NACC008823,0.318,4,1.371,369.52,0,0,0
NACC008824,2.253,5,1.485,462.59,0,0,0
NACC008825,5.295,4,0.806,668.0,0,0,0
NACC008826,1.361,5,1.192,607.82,0,0,0
NACC008827,2.142,4,0.703,236.58,0,0,0
NACC008828,2.893,4,1.174,304.74,0,0,0
NACC008829,4.615,2,0.606,426.48,0,0,0
NACC008830,0.979,5,0.808,67.76,0,0,0
NACC008831,2.219,5,1.332,282.72,0,0,0
NACC008832,2.726,2,1.349,572.58,0,0,0
NACC008833,0.341,5,0.626,545.6,0,0,0
NACC008834,0.574,2,0.934,366.27,0,0,0
NACC008835,2.892,4,1.19,1028.62,0,0,0
NACC008836,1.06,2,0.624,365.66,0,0,0
NACC008837,4.215,5,0.789,625.34,0,0,0
NACC008838,3.598,3,1.283,185.52,0,0,0
NACC008839,3.807,2,0.886,226.19,0,0,0
NACC008840,2.944,3,0.647,595.54,0,0,0
NACC008841,3.2,3,1.473,240.97,0,0,0
NACC008842,3.786,4,1.039,1017.18,0,0,0
NACC008843,4.026,2,1.354,336.43,0,0,0
NACC008844,1.819,1,0.849,395.04,0,0,0
NACC008845,5.112,3,1.116,668.72,0,0,0
NACC008846,1.735,5,1.438,364.66,0,0,0
NACC008847,0.215,1,1.455,315.76,0,0,0
NACC008848,1.982,4,1.345,400.71,0,0,0
NACC008849,3.062,4,1.434,787.86,0,0,0
NACC008850,0.855,3,0.834,372.39,0,0,0
NACC008851,1.16,2,0.812,217.26,0,0,0
NACC008852,1.28,3,1.485,289.58,0,0,0
NACC008853,2.576,2,0.609,629.27,0,0,0
NACC008854,1.071,2,0.785,597.31,0,0,0
NACC008855,1.048,4,1.41,1205.1,0,0,0
NACC008856,3.579,4,0.654,545.54,0,0,0
NACC008857,4.736,2,1.446,342.56,0,0,0
NACC008858,3.125,1,1.012,739.35,0,0,0
NACC008859,2.288,4,1.438,947.37,0,0,0
NACC008860,8.095,2,1.0,228.17,0,0,0
NACC008861,2.164,2,1.396,759.04,0,0,0
NACC008862,1.243,1,0.804,640.52,0,0,0
NACC008863,1.02,1,1.266,462.71,0,0,0
NACC008864,2.707,5,1.138,417.46,0,0,0
NACC008865,0.68,2,0.853,158.59,0,0,0
NACC008866,2.573,1,0.997,193.49,0,0,0
NACC008867,0.269,5,0.961,482.36,0,0,0
NACC008868,2.19,2,1.362,383.04,0,0,0
NACC008869,4.558,2,1.252,412.15,0,0,0
NACC008870,1.759,5,1.292,260.6,0,0,0
NACC008871,0.246,2,1.293,458.98,0,0,0
NACC008872,5.151,1,0.654,269.91,0,0,0
NACC008873,1.324,5,1.132,534.52,0,0,0
NACC008874,1.519,1,0.73,320.8,0,0,0
NACC008875,4.803,4,1.299,299.84,0,0,0
NACC008876,1.446,2,1.021,155.72,0,0,0
NACC008877,0.717,2,1.177,652.09,0,0,0
NACC008878,1.335,5,1.266,288.56,0,0,0
NACC008879,1.191,2,0.6,242.88,0,0,0
NACC008880,0.951,1,0.662,814.68,0,0,0
NACC008881,3.049,3,0.732,646.93,0,0,0
NACC008882,1.044,4,1.293,666.84,0,0,0
NACC008883,5.173,4,0.912,301.98,0,0,0
NACC008884,2.456,3,1.29,375.32,0,0,0
NACC008885,1.928,1,0.982,978.7,0,0,0
NACC008886,0.548,1,1.006,333.66,0,0,0
NACC008887,1.891,1,1.35,415.49,0,0,0
NACC008888,1.886,3,0.708,366.65,0,0,0
NACC008889,1.562,4,0.61,448.31,0,0,0
NACC008890,3.364,4,0.728,501.81,0,0,0
NACC008891,1.04,5,1.323,489.44,0,0,0
NACC008892,2.59,5,1.081,270.76,0,0,0
NACC008893,3.095,1,0.858,76.83,0,0,0
NACC008894,2.378,1,1.322,196.65,0,0,0
NACC008895,5.169,2,1.409,381.81,0,0,0
NACC008896,2.199,5,1.121,372.82,0,0,0
NACC008897,2.866,3,0.762,516.3,0,0,0
NACC008898,0.196,2,1.045,519.99,0,0,0
NACC008899,2.039,3,0.749,1105.84,0,0,0
NACC008900,5.902,2,0.896,569.55,0,0,0
NACC008901,0.516,2,0.913,620.0,0,0,0
NACC008902,1.463,1,1.36,621.51,0,0,0
NACC008903,1.572,5,1.096,561.65,0,0,0
NACC008904,2.905,5,0.84,439.92,0,0,0
NACC008905,2.633,5,1.25,833.19,0,0,0
NACC008906,2.546,1,1.327,1249.4,0,0,0
NACC008907,2.913,5,0.997,580.51,0,0,0
NACC008908,2.46,3,0.942,457.99,0,0,0
NACC008909,5.166,1,0.95,357.12,0,0,0
NACC008910,2.994,5,1.197,464.66,0,0,0
NACC008911,1.7,3,0.933,279.16,0,0,0
NACC008912,1.82,5,1.045,230.25,0,0,0
NACC008913,6.33,1,1.198,421.16,0,0,0
NACC008914,9.365,1,1.136,181.95,0,0,0
NACC008915,2.809,3,0.655,295.36,0,0,0
NACC008916,0.572,1,0.858,455.32,0,0,0
NACC008917,1.015,4,0.708,524.33,0,0,0
NACC008918,3.32,5,1.362,1231.35,0,0,0
NACC008919,0.97,5,0.631,306.95,0,0,0
NACC008920,2.617,5,0.841,414.79,0,0,0
NACC008921,1.886,1,0.617,371.84,0,0,0
NACC008922,2.163,3,0.829,739.65,0,0,0
NACC008923,7.522,3,1.387,521.38,0,0,0
NACC008924,2.871,4,0.787,822.22,0,0,0
NACC008925,1.379,2,0.832,658.37,0,0,0
NACC008926,4.479,3,1.069,538.93,0,0,0
NACC008927,1.642,3,1.156,211.92,0,0,0
NACC008928,3.806,2,1.291,665.31,0,0,0
NACC008929,0.96,4,1.01,1258.09,0,0,0
NACC008930,2.391,3,1.402,189.53,0,0,0
NACC008931,4.927,2,0.923,424.96,0,0,0
NACC008932,2.012,3,0.927,402.56,0,0,0
NACC008933,4.031,5,1.386,261.74,0,0,0
NACC008934,1.366,3,1.001,367.44,0,0,0
NACC008935,1.214,5,0.689,199.9,0,0,0
NACC008936,2.058,4,1.346,488.51,0,0,0
NACC008937,1.54,2,1.381,318.77,0,0,0
NACC008938,0.43,4,1.383,500.53,0,0,0
NACC008939,0.939,5,0.942,902.33,0,0,0
NACC008940,4.268,3,1.032,610.86,0,0,0
NACC008941,3.492,2,0.801,477.23,0,0,0
NACC008942,5.957,4,1.111,676.11,0,0,0
NACC008943,3.416,1,1.188,300.54,0,0,0
NACC008944,1.723,5,1.139,453.65,0,0,0
NACC008945,2.332,4,1.132,344.57,0,0,0
NACC008946,1.285,1,0.762,257.52,0,0,0
NACC008947,0.85,4,0.621,735.85,0,0,0
NACC008948,2.5,3,1.036,127.52,0,0,0
NACC008949,1.534,3,0.897,155.16,0,0,0
NACC008950,1.881,3,0.864,1078.07,0,0,0
NACC008951,2.305,5,1.09,547.24,0,0,0
NACC008952,2.289,4,0.613,658.25,0,0,0
NACC008953,4.266,1,1.275,286.29,0,0,0
NACC008954,3.105,1,1.264,525.32,0,0,0
NACC008955,1.215,5,1.005,630.67,0,0,0
NACC008956,2.564,1,1.125,899.59,0,0,0
NACC008957,4.53,1,0.949,602.85,0,0,0
NACC008958,0.407,1,0.652,504.27,0,0,0
NACC008959,3.272,1,0.944,675.02,0,0,0
NACC008960,3.407,3,0.623,71.56,0,0,0
NACC008961,0.665,1,0.615,713.0,0,0,0
NACC008962,8.847,4,1.08,352.43,0,0,0
NACC008963,1.538,2,1.16,365.4,0,0,0
NACC008964,1.522,3,0.776,244.56,0,0,0
NACC008965,0.348,3,1.301,1048.93,0,0,0
NACC008966,4.199,1,0.63,1136.81,0,0,0
NACC008967,0.201,3,1.382,263.92,0,0,0
NACC008968,4.321,3,0.661,655.91,0,0,0
NACC008969,9.931,5,1.192,183.35,0,0,0
NACC008970,1.031,3,0.859,308.53,0,0,0
NACC008971,2.982,3,0.742,615.41,0,0,0
NACC008972,1.236,2,0.608,281.23,0,0,0
NACC008973,6.376,5,1.073,252.76,0,0,0
NACC008974,0.625,3,0.678,425.74,0,0,0
NACC008975,1.862,3,1.04,282.9,0,0,0
NACC008976,5.356,5,0.635,620.95,0,0,0
NACC008977,1.029,2,0.951,103.61,0,0,0
NACC008978,5.654,2,1.128,349.79,0,0,0
NACC008979,6.038,5,1.355,309.08,0,0,0
NACC008980,3.921,1,1.453,901.02,0,0,0
NACC008981,4.306,4,0.693,443.58,0,0,0
NACC008982,2.145,1,1.072,306.59,0,0,0
NACC008983,2.215,3,1.375,422.3,0,0,0
NACC008984,2.188,4,1.167,372.54,0,0,0
NACC008985,1.8,5,1.333,578.03,0,0,0
NACC008986,3.769,4,1.285,783.55,0,0,0
NACC008987,3.304,1,0.803,455.7,0,0,0
NACC008988,0.94,2,1.204,1183.82,0,0,0
NACC008989,1.909,5,1.381,965.6,0,0,0
NACC008990,4.104,4,1.176,1271.49,0,0,0
NACC008991,2.393,1,0.846,363.25,0,0,0
NACC008992,0.447,4,1.111,616.35,0,0,0
NACC008993,3.006,2,1.141,318.3,0,0,0
NACC008994,1.453,5,0.847,221.95,0,0,0
NACC008995,1.419,3,0.607,1052.94,0,0,0
NACC008996,3.944,3,1.066,321.14,0,0,0
NACC008997,0.927,4,1.238,228.68,0,0,0
NACC008998,0.411,4,1.089,534.34,0,0,0
NACC008999,1.576,1,1.432,323.39,0,0,0
NACC009000,1.54,1,1.0,548.83,0,0,0
NACC009001,1.153,3,1.049,703.23,0,0,0
NACC009002,0.359,3,1.489,565.04,0,0,0
NACC009003,3.922,2,0.643,709.3,0,0,0
NACC009004,4.163,1,1.458,719.12,0,0,0
NACC009005,1.099,3,1.174,224.62,0,0,0
NACC009006,1.104,5,1.276,290.13,0,0,0
NACC009007,0.58,3,0.792,458.14,0,0,0
NACC009008,5.112,5,1.397,358.13,0,0,0
NACC009009,2.554,3,1.472,482.77,0,0,0
NACC009010,3.376,2,0.681,425.12,0,0,0
NACC009011,1.895,4,1.357,363.5,0,0,0
NACC009012,2.004,3,0.892,440.67,0,0,0
NACC009013,3.893,1,1.053,571.6,0,0,0
NACC009014,2.218,5,1.392,600.93,0,0,0
NACC009015,3.018,5,1.128,427.35,0,0,0
NACC009016,2.542,4,1.365,275.36,0,0,0
NACC009017,3.831,5,0.727,183.07,0,0,0
NACC009018,3.025,4,1.078,621.01,0,0,0
NACC009019,1.382,1,1.436,486.44,0,0,0
NACC009020,2.674,4,0.732,843.68,0,0,0
NACC009021,3.092,5,1.123,289.33,0,0,0
NACC009022,0.198,4,0.654,373.11,0,0,0
NACC009023,1.15,5,1.119,107.77,0,0,0
NACC009024,0.316,1,1.003,233.73,0,0,0
NACC009025,1.98,2,1.145,260.77,0,0,0
NACC009026,2.393,3,1.03,174.9,0,0,0
NACC009027,1.209,2,1.461,867.01,0,0,0
NACC009028,4.535,5,1.354,455.11,0,0,0
NACC009029,1.289,2,0.936,478.95,0,0,0
NACC009030,1.353,5,1.081,544.36,0,0,0
NACC009031,4.474,2,1.482,245.64,0,0,0
NACC009032,5.42,3,1.458,160.39,0,0,0
NACC009033,3.425,5,1.217,359.95,0,0,0
NACC009034,4.162,3,1.233,671.66,0,0,0
NACC009035,4.774,3,0.871,394.78,0,0,0
NACC009036,7.02,2,1.113,312.35,0,0,0
NACC009037,1.449,4,0.984,1033.35,0,0,0
NACC009038,1.366,2,0.679,170.6,0,0,0
NACC009039,0.671,3,1.186,146.4,0,0,0
NACC009040,0.909,1,1.085,925.53,0,0,0
NACC009041,2.689,5,1.123,508.73,0,0,0
NACC009042,1.895,2,0.877,163.64,0,0,0
NACC009043,1.954,3,0.934,440.31,0,0,0
NACC009044,0.743,2,0.892,183.38,0,0,0
NACC009045,0.643,5,0.893,373.59,0,0,0
NACC009046,3.866,2,1.003,843.43,0,0,0
NACC009047,4.783,4,1.189,1187.53,0,0,0
NACC009048,0.835,4,1.16,389.59,0,0,0
NACC009049,0.696,4,0.837,717.69,0,0,0
NACC009050,1.007,3,0.948,154.98,0,0,0
NACC009051,0.248,1,1.305,496.32,0,0,0
NACC009052,4.156,4,0.81,391.11,0,0,0
NACC009053,1.575,3,1.24,467.45,0,0,0
NACC009054,2.464,3,0.6,875.31,0,0,0
NACC009055,2.336,1,0.652,913.89,0,0,0
NACC009056,7.062,5,1.232,176.64,0,0,0
NACC009057,3.211,3,1.258,639.53,0,0,0
NACC009058,0.589,4,0.717,802.47,0,0,0
NACC009059,1.721,2,1.227,306.51,0,0,0
NACC009060,2.897,5,1.006,345.44,0,0,0
NACC009061,0.668,3,1.242,470.92,0,0,0
NACC009062,1.876,1,0.874,698.01,0,0,0
NACC009063,5.097,4,0.769,200.32,0,0,0
NACC009064,2.133,3,1.29,324.88,0,0,0
NACC009065,2.467,3,0.677,172.63,0,0,0
NACC009066,0.58,4,0.734,534.01,0,0,0
NACC009067,3.341,2,1.324,712.94,0,0,0
NACC009068,0.709,2,0.813,173.5,0,0,0
NACC009069,1.579,3,0.632,755.16,0,0,0
NACC009070,0.357,3,1.16,138.5,0,0,0
NACC009071,3.292,4,1.122,368.37,0,0,0
NACC009072,2.593,4,0.9,117.82,0,0,0
NACC009073,3.588,2,1.492,471.33,0,0,0
NACC009074,4.873,5,1.381,382.28,0,0,0
NACC009075,4.219,2,0.965,378.49,0,0,0
NACC009076,2.357,3,1.415,456.2,0,0,0
NACC009077,0.204,2,1.271,1062.64,0,0,0
NACC009078,2.377,1,0.991,539.56,0,0,0
NACC009079,2.525,1,0.637,153.37,0,0,0
NACC009080,3.152,5,1.343,193.36,0,0,0
NACC009081,2.093,1,0.808,653.47,0,0,0
NACC009082,1.844,4,1.317,303.18,0,0,0
NACC009083,3.722,4,1.153,372.35,0,0,0
NACC009084,2.295,5,1.257,609.41,0,0,0
NACC009085,0.545,1,1.295,376.27,0,0,0
NACC009086,2.284,1,0.613,116.14,0,0,0
NACC009087,2.411,3,0.96,887.33,0,0,0
NACC009088,2.973,3,0.844,423.85,0,0,0
NACC009089,0.683,3,1.492,165.75,0,0,0
NACC009090,0.871,5,1.186,282.04,0,0,0
NACC009091,4.212,5,0.901,203.13,0,0,0
NACC009092,1.566,3,1.443,443.84,0,0,0
NACC009093,1.409,3,1.341,346.35,0,0,0
NACC009094,2.175,1,0.647,458.38,0,0,0
NACC009095,0.517,1,0.727,791.16,0,0,0
NACC009096,1.147,2,1.418,495.94,0,0,0
NACC009097,1.432,4,0.692,510.29,0,0,0
NACC009098,2.062,3,1.095,419.25,0,0,0
NACC009099,1.469,2,1.245,521.89,0,0,0
NACC009100,0.306,4,0.851,651.93,0,0,0
NACC009101,0.333,4,1.188,251.73,0,0,0
NACC009102,6.142,3,1.48,376.75,0,0,0
NACC009103,4.008,4,1.064,358.55,0,0,0
NACC009104,3.737,1,0.719,196.8,0,0,0
NACC009105,3.103,4,1.194,168.24,0,0,0
NACC009106,2.201,4,1.35,700.19,0,0,0
NACC009107,0.631,5,0.633,449.38,0,0,0
NACC009108,4.159,3,1.019,520.95,0,0,0
NACC009109,0.627,1,1.14,313.74,0,0,0
NACC009110,0.6,2,1.195,524.12,0,0,0
NACC009111,3.026,5,1.146,352.89,0,0,0
NACC009112,1.573,5,1.423,355.83,0,0,0
NACC009113,0.223,1,0.618,576.91,0,0,0
NACC009114,0.923,4,1.107,565.8,0,0,0
NACC009115,3.04,4,0.891,605.71,0,0,0
NACC009116,1.045,2,1.431,200.55,0,0,0
NACC009117,1.529,5,0.885,533.51,0,0,0
NACC009118,1.21,4,1.284,275.51,0,0,0
NACC009119,2.664,2,0.724,650.75,0,0,0
NACC009120,0.798,2,0.97,271.54,0,0,0
NACC009121,4.297,1,0.679,213.04,0,0,0
NACC009122,1.413,3,1.205,696.0,0,0,0
NACC009123,1.828,1,1.09,822.31,0,0,0
NACC009124,2.168,3,0.702,596.73,0,0,0
NACC009125,1.099,4,0.942,469.71,0,0,0
NACC009126,1.397,5,0.98,545.84,0,0,0
NACC009127,2.188,5,0.989,380.89,0,0,0
NACC009128,6.422,1,1.302,239.03,0,0,0
NACC009129,2.853,1,1.239,610.98,0,0,0
NACC009130,4.089,2,1.381,280.4,0,0,0
NACC009131,1.58,3,0.885,269.29,0,0,0
NACC009132,0.993,1,0.899,111.15,0,0,0
NACC009133,3.462,4,0.886,402.48,0,0,0
NACC009134,4.033,3,0.675,240.15,0,0,0
NACC009135,1.465,3,0.777,1049.92,0,0,0
NACC009136,1.982,5,1.234,564.14,0,0,0
NACC009137,0.596,3,0.961,401.89,0,0,0
NACC009138,3.043,2,0.888,673.18,0,0,0
NACC009139,3.624,3,0.634,288.47,0,0,0
NACC009140,1.902,2,1.439,297.17,0,0,0
NACC009141,1.843,3,1.489,381.13,0,0,0
NACC009142,3.288,4,0.992,309.59,0,0,0
NACC009143,1.924,2,1.313,282.46,0,0,0
NACC009144,0.209,2,1.061,407.23,0,0,0
NACC009145,3.625,1,1.117,804.27,0,0,0
NACC009146,2.949,1,0.727,219.09,0,0,0
NACC009147,0.897,4,1.182,354.91,0,0,0
NACC009148,4.643,4,1.153,277.1,0,0,0
NACC009149,1.503,3,1.124,366.07,0,0,0
NACC009150,0.992,5,0.884,607.19,0,0,0
NACC009151,3.91,5,0.682,171.07,0,0,0
NACC009152,1.799,3,1.312,191.36,0,0,0
NACC009153,3.892,4,1.211,594.77,0,0,0
NACC009154,5.473,3,1.181,281.51,0,0,0
NACC009155,1.856,3,0.716,56.74,0,0,0
NACC009156,5.592,5,1.195,851.41,0,0,0
NACC009157,4.238,2,1.036,539.92,0,0,0
NACC009158,0.888,4,1.112,494.62,0,0,0
NACC009159,1.447,2,1.012,433.2,0,0,0
NACC009160,6.589,2,0.666,775.44,0,0,0
NACC009161,0.605,2,0.704,1077.91,0,0,0
NACC009162,3.636,2,1.389,467.7,0,0,0
NACC009163,2.154,2,1.13,375.71,0,0,0
NACC009164,2.851,3,0.837,1016.42,0,0,0
NACC009165,3.021,3,1.497,348.36,0,0,0
NACC009166,0.849,1,1.393,468.42,0,0,0
NACC009167,2.79,1,0.861,340.36,0,0,0
NACC009168,1.158,1,1.096,741.26,0,0,0
NACC009169,1.174,1,1.071,907.73,0,0,0
NACC009170,0.916,3,0.678,352.26,0,0,0
NACC009171,1.141,3,1.26,292.17,0,0,0
NACC009172,2.769,3,1.052,829.7,0,0,0
NACC009173,2.047,2,1.124,218.05,0,0,0
NACC009174,0.447,2,1.39,226.1,0,0,0
NACC009175,2.106,2,1.302,382.3,0,0,0
NACC009176,1.545,3,0.898,354.97,0,0,0
NACC009177,2.589,5,1.402,273.17,0,0,0
NACC009178,2.346,3,0.729,581.22,0,0,0
NACC009179,7.43,5,1.435,323.5,0,0,0
NACC009180,6.332,4,1.173,695.54,0,0,0
NACC009181,3.063,2,0.966,217.22,0,0,0
NACC009182,1.898,5,1.378,650.25,0,0,0
NACC009183,0.881,4,1.106,525.22,0,0,0
NACC009184,0.733,5,1.183,595.98,0,0,0
NACC009185,5.955,5,1.116,534.01,0,0,0
NACC009186,1.724,2,0.875,284.51,0,0,0
NACC009187,1.459,1,0.886,603.03,0,0,0
NACC009188,3.22,2,1.174,558.3,0,0,0
NACC009189,2.483,4,0.702,212.94,0,0,0
NACC009190,10.592,4,0.707,237.26,0,0,0
NACC009191,2.377,2,1.331,312.52,0,0,0
NACC009192,2.26,2,1.082,736.78,0,0,0
NACC009193,1.404,3,1.205,170.18,0,0,0
NACC009194,0.616,2,1.332,326.86,0,0,0
NACC009195,1.546,1,1.343,288.2,0,0,0
NACC009196,1.438,2,1.211,481.66,0,0,0
NACC009197,1.393,4,0.643,713.38,0,0,0
NACC009198,3.129,2,1.367,686.02,0,0,0
NACC009199,6.433,5,1.215,595.84,0,0,0
NACC009200,3.348,4,1.304,436.76,0,0,0
NACC009201,1.968,5,1.297,367.58,0,0,0
NACC009202,0.778,3,1.302,457.0,0,0,0
NACC009203,2.294,3,1.207,663.76,0,0,0
NACC009204,5.652,2,0.72,798.96,0,0,0
NACC009205,4.948,2,1.297,360.35,0,0,0
NACC009206,3.697,5,0.708,671.02,0,0,0
NACC009207,2.578,1,0.845,392.7,0,0,0
NACC009208,5.683,5,1.145,661.21,0,0,0
NACC009209,0.704,1,1.259,529.21,0,0,0
NACC009210,2.567,5,1.267,381.69,0,0,0
NACC009211,2.412,1,0.963,373.1,0,0,0
NACC009212,0.189,2,0.7,417.28,0,0,0
NACC009213,2.153,4,0.759,295.53,0,0,0
NACC009214,2.889,5,0.846,532.18,0,0,0
NACC009215,2.759,4,1.088,315.14,0,0,0
NACC009216,1.5,2,0.641,730.59,0,0,0
NACC009217,2.41,2,1.3,427.13,0,0,0
NACC009218,0.851,3,0.808,584.71,0,0,0
NACC009219,1.433,2,1.387,319.23,0,0,0
NACC009220,1.535,1,1.109,313.08,0,0,0
NACC009221,0.487,5,1.014,184.91,0,0,0
NACC009222,1.336,2,0.766,552.23,0,0,0
NACC009223,2.383,4,1.208,233.1,0,0,0
NACC009224,0.614,4,1.312,395.48,0,0,0
NACC009225,0.382,3,1.104,604.0,0,0,0
NACC009226,0.932,4,0.995,202.5,0,0,0
NACC009227,2.256,2,0.952,316.53,0,0,0
NACC009228,4.059,1,0.722,495.57,0,0,0
NACC009229,2.02,3,0.99,481.85,0,0,0
NACC009230,4.08,1,0.855,583.19,0,0,0
NACC009231,2.114,4,1.217,870.19,0,0,0
NACC009232,5.391,1,0.659,738.67,0,0,0
NACC009233,4.665,5,1.315,193.35,0,0,0
NACC009234,3.049,3,0.744,139.57,0,0,0
NACC009235,1.117,4,0.816,342.65,0,0,0
NACC009236,0.968,5,1.421,230.81,0,0,0
NACC009237,2.316,1,1.395,296.21,0,0,0
NACC009238,1.91,4,1.074,250.72,0,0,0
NACC009239,3.284,5,1.357,622.2,0,0,0
NACC009240,0.526,5,1.237,735.67,0,0,0
NACC009241,0.519,1,0.767,471.42,0,0,0
NACC009242,3.993,4,1.467,194.87,0,0,0
NACC009243,5.321,3,0.772,446.94,0,0,0
NACC009244,1.688,3,1.031,204.54,0,0,0
NACC009245,1.458,1,0.607,551.14,0,0,0
NACC009246,1.164,5,1.477,228.59,0,0,0
NACC009247,1.322,5,0.732,224.96,0,0,0
NACC009248,5.889,2,1.339,505.77,0,0,0
NACC009249,3.803,5,0.805,402.44,0,0,0
NACC009250,0.935,5,0.647,569.59,0,0,0
NACC009251,0.594,2,0.809,253.09,0,0,0
NACC009252,1.457,3,1.33,465.57,0,0,0
NACC009253,3.543,4,0.831,702.26,0,0,0
NACC009254,1.078,4,0.734,182.82,0,0,0
NACC009255,2.432,3,0.876,271.71,0,0,0
NACC009256,2.093,2,0.85,351.19,0,0,0
NACC009257,1.367,3,1.09,262.2,0,0,0
NACC009258,2.406,3,0.868,55.82,0,0,0
NACC009259,4.276,3,1.145,712.34,0,0,0
NACC009260,5.587,1,1.483,173.45,0,0,0
NACC009261,2.41,1,0.624,738.67,0,0,0
NACC009262,2.094,1,1.229,334.7,0,0,0
NACC009263,1.799,1,1.377,419.14,0,0,0
NACC009264,1.785,5,1.0,574.65,0,0,0
NACC009265,2.323,5,0.68,926.44,0,0,0
NACC009266,1.76,5,1.434,436.35,0,0,0
NACC009267,2.032,1,0.865,392.64,0,0,0
NACC009268,1.564,3,0.636,50.63,0,0,0
NACC009269,1.248,4,0.945,534.25,0,0,0
NACC009270,5.834,4,1.357,335.84,0,0,0
NACC009271,4.515,3,1.035,393.49,0,0,0
NACC009272,1.907,1,1.183,266.34,0,0,0
NACC009273,3.147,4,1.073,446.92,0,0,0
NACC009274,1.239,4,1.366,988.15,0,0,0
NACC009275,4.297,1,1.483,207.62,0,0,0
NACC009276,1.265,4,1.204,148.61,0,0,0
NACC009277,1.573,1,0.997,502.16,0,0,0
NACC009278,1.947,4,1.01,717.1,0,0,0
NACC009279,0.888,3,0.959,787.62,0,0,0
NACC009280,1.03,5,1.476,101.17,0,0,0
NACC009281,1.778,3,1.487,329.17,0,0,0
NACC009282,2.794,5,0.701,1120.57,0,0,0
NACC009283,1.399,4,1.439,219.15,0,0,0
NACC009284,1.892,4,1.338,417.27,0,0,0
NACC009285,0.085,3,1.411,287.47,0,0,0
NACC009286,3.0,2,0.858,191.74,0,0,0
NACC009287,0.826,5,1.237,754.31,0,0,0
NACC009288,5.277,2,0.714,391.89,0,0,0
NACC009289,2.658,5,1.013,490.89,0,0,0
NACC009290,1.079,4,0.955,426.61,0,0,0
NACC009291,2.915,3,1.031,283.37,0,0,0
NACC009292,6.158,1,1.101,436.96,0,0,0
NACC009293,1.409,1,1.261,386.03,0,0,0
NACC009294,1.4,2,0.975,481.71,0,0,0
NACC009295,3.333,5,1.433,556.43,0,0,0
NACC009296,1.726,5,1.227,183.72,0,0,0
NACC009297,6.724,1,1.092,361.64,0,0,0
NACC009298,2.769,5,1.496,320.21,0,0,0
NACC009299,0.935,3,1.445,169.63,0,0,0
NACC009300,1.422,3,1.094,583.75,0,0,0
NACC009301,2.601,4,1.039,1061.06,0,0,0
NACC009302,2.734,2,1.351,409.26,0,0,0
NACC009303,2.555,3,0.861,441.75,0,0,0
NACC009304,0.998,3,1.358,325.87,0,0,0
NACC009305,3.98,1,1.242,775.31,0,0,0
NACC009306,2.154,3,1.056,933.88,0,0,0
NACC009307,5.832,3,0.886,1137.54,0,0,0
NACC009308,2.755,4,1.281,599.52,0,0,0
NACC009309,3.428,2,1.074,996.39,0,0,0
NACC009310,1.098,4,0.651,694.49,0,0,0
NACC009311,3.396,1,1.478,1103.79,0,0,0
NACC009312,0.391,3,1.202,37.03,0,0,0
NACC009313,2.502,3,1.342,622.86,0,0,0
NACC009314,2.604,5,1.161,258.96,0,0,0
NACC009315,1.38,3,1.094,941.18,0,0,0
NACC009316,1.997,4,1.378,440.98,0,0,0
NACC009317,4.308,1,0.943,426.02,0,0,0
NACC009318,3.899,3,1.304,353.33,0,0,0
NACC009319,6.301,2,1.282,461.48,0,0,0
NACC009320,3.664,1,0.734,325.97,0,0,0
NACC009321,0.481,2,0.833,608.85,0,0,0
NACC009322,3.193,1,0.815,200.41,0,0,0
NACC009323,1.37,3,0.83,625.74,0,0,0
NACC009324,2.268,3,0.638,216.77,0,0,0
NACC009325,1.997,1,0.749,149.93,0,0,0
NACC009326,2.921,2,1.262,831.28,0,0,0
NACC009327,2.054,1,1.001,294.3,0,0,0
NACC009328,1.042,2,0.989,1417.59,0,0,0
NACC009329,5.831,1,0.7,365.18,0,0,0
NACC009330,2.613,5,1.108,220.8,0,0,0
NACC009331,1.216,1,0.624,617.08,0,0,0
NACC009332,2.215,3,1.079,382.56,0,0,0
NACC009333,0.69,1,0.713,109.68,0,0,0
NACC009334,1.918,4,1.374,346.57,0,0,0
NACC009335,2.314,4,0.746,498.86,0,0,0
NACC009336,2.997,3,0.865,356.3,0,0,0
NACC009337,3.617,4,0.653,719.02,0,0,0
NACC009338,1.144,1,1.035,752.77,0,0,0
NACC009339,3.847,3,1.176,281.1,0,0,0
NACC009340,1.252,5,0.643,503.64,0,0,0
NACC009341,2.493,2,0.983,673.25,0,0,0
NACC009342,1.165,5,1.292,247.63,0,0,0
NACC009343,1.976,3,1.176,918.8,0,0,0
NACC009344,2.595,3,1.169,194.92,0,0,0
NACC009345,2.87,4,1.131,324.44,0,0,0
NACC009346,6.271,2,1.035,201.34,0,0,0
NACC009347,2.878,3,0.665,372.36,0,0,0
NACC009348,3.678,1,0.928,745.59,0,0,0
NACC009349,1.711,3,0.926,1001.98,0,0,0
NACC009350,2.76,5,0.701,800.62,0,0,0
NACC009351,4.434,4,1.373,290.86,0,0,0
NACC009352,0.513,1,1.107,914.06,0,0,0
NACC009353,1.835,2,0.854,699.66,0,0,0
NACC009354,1.969,1,1.134,901.65,0,0,0
NACC009355,3.641,1,1.114,665.49,0,0,0
NACC009356,0.87,4,1.477,288.44,0,0,0
NACC009357,1.816,1,1.322,240.92,0,0,0
NACC009358,1.25,1,1.088,443.2,0,0,0
NACC009359,2.423,3,0.773,239.39,0,0,0
NACC009360,2.286,2,1.144,768.54,0,0,0
NACC009361,0.341,3,1.145,542.23,0,0,0
NACC009362,1.533,5,0.823,212.18,0,0,0
NACC009363,2.47,3,0.681,568.11,0,0,0
NACC009364,1.33,3,1.215,205.62,0,0,0
NACC009365,3.081,4,0.638,51.95,0,0,0
NACC009366,3.042,2,1.164,577.2,0,0,0
NACC009367,5.3,2,1.404,827.26,0,0,0
NACC009368,1.953,2,1.19,369.25,0,0,0
NACC009369,4.881,2,0.713,222.27,0,0,0
NACC009370,4.672,5,0.802,298.26,0,0,0
NACC009371,1.33,5,0.908,876.98,0,0,0
NACC009372,4.637,3,0.915,213.01,0,0,0
NACC009373,1.524,3,1.013,338.17,0,0,0
NACC009374,1.759,4,1.114,583.4,0,0,0
NACC009375,3.16,2,1.024,566.47,0,0,0
NACC009376,1.015,2,0.754,482.58,0,0,0
NACC009377,3.885,5,1.042,721.17,0,0,0
NACC009378,1.951,5,1.472,155.09,0,0,0
NACC009379,4.596,3,0.666,698.7,0,0,0
NACC009380,0.512,5,1.09,451.26,0,0,0
NACC009381,2.364,3,0.687,557.14,0,0,0
NACC009382,0.628,1,0.648,1038.79,0,0,0
NACC009383,1.312,1,0.623,1067.68,0,0,0
NACC009384,3.477,3,1.483,550.97,0,0,0
NACC009385,1.298,5,0.609,455.66,0,0,0
NACC009386,4.278,5,1.201,353.9,0,0,0
NACC009387,5.043,3,0.875,219.91,0,0,0
NACC009388,2.18,1,1.456,655.54,0,0,0
NACC009389,0.375,5,1.025,294.19,0,0,0
NACC009390,2.446,5,1.237,545.03,0,0,0
NACC009391,2.624,3,0.878,1269.69,0,0,0
NACC009392,1.157,1,1.391,465.51,0,0,0
NACC009393,2.105,1,1.451,436.41,0,0,0
NACC009394,0.678,4,1.062,442.61,0,0,0
NACC009395,0.768,1,0.716,125.17,0,0,0
NACC009396,1.331,2,0.983,240.19,0,0,0
NACC009397,1.684,5,1.216,763.62,0,0,0
NACC009398,3.541,3,0.718,482.88,0,0,0
NACC009399,0.633,1,1.341,347.56,0,0,0
NACC009400,0.615,5,1.428,258.38,0,0,0
NACC009401,1.405,5,1.204,672.87,0,0,0
NACC009402,1.408,1,0.958,251.84,0,0,0
NACC009403,0.145,3,1.246,89.9,0,0,0
NACC009404,8.364,5,1.28,315.75,0,0,0
NACC009405,0.985,5,0.839,532.62,0,0,0
NACC009406,0.552,2,1.243,141.27,0,0,0
NACC009407,3.31,3,1.203,370.77,0,0,0
NACC009408,1.471,3,0.888,447.5,0,0,0
NACC009409,1.48,2,0.893,138.21,0,0,0
NACC009410,2.146,3,0.92,488.93,0,0,0
NACC009411,1.278,3,0.686,291.54,0,0,0
NACC009412,1.938,2,0.977,568.48,0,0,0
NACC009413,2.86,5,1.055,180.86,0,0,0
NACC009414,4.476,4,1.215,222.93,0,0,0
NACC009415,4.126,5,1.229,810.71,0,0,0
NACC009416,2.322,3,1.022,742.4,0,0,0
NACC009417,3.175,3,0.765,529.41,0,0,0
NACC009418,1.961,2,1.361,1140.64,0,0,0
NACC009419,3.204,2,0.694,634.38,0,0,0
NACC009420,3.138,1,0.839,278.26,0,0,0
NACC009421,3.349,2,1.358,341.43,0,0,0
NACC009422,0.946,1,0.824,481.71,0,0,0
NACC009423,4.082,4,1.212,165.44,0,0,0
NACC009424,4.781,3,1.074,335.61,0,0,0
NACC009425,1.741,1,1.107,690.16,0,0,0
NACC009426,0.635,4,1.432,715.81,0,0,0
NACC009427,1.36,2,1.458,167.1,0,0,0
NACC009428,3.169,1,0.889,388.21,0,0,0
NACC009429,2.44,4,0.75,237.22,0,0,0
NACC009430,1.326,5,0.672,1013.62,0,0,0
NACC009431,1.489,3,0.813,668.53,0,0,0
NACC009432,0.339,4,0.655,693.06,0,0,0
NACC009433,2.485,2,0.93,620.43,0,0,0
NACC009434,1.528,3,1.324,212.91,0,0,0
NACC009435,1.049,5,0.958,488.81,0,0,0
NACC009436,2.395,5,0.952,276.9,0,0,0
NACC009437,1.212,2,0.669,881.18,0,0,0
NACC009438,2.965,5,0.982,636.15,0,0,0
NACC009439,2.635,2,0.887,280.26,0,0,0
NACC009440,4.806,2,0.756,561.31,0,0,0
NACC009441,2.288,4,0.759,445.33,0,0,0
NACC009442,0.703,1,0.654,432.23,0,0,0
NACC009443,2.618,3,1.107,286.03,0,0,0
NACC009444,2.685,4,1.199,444.68,0,0,0
NACC009445,6.648,3,0.734,154.71,0,0,0
NACC009446,0.462,3,1.228,774.87,0,0,0
NACC009447,3.854,5,1.009,292.43,0,0,0
NACC009448,1.021,3,1.426,192.62,0,0,0
NACC009449,2.59,3,1.11,577.22,0,0,0
NACC009450,1.342,4,1.375,248.7,0,0,0
NACC009451,0.967,5,1.136,712.51,0,0,0
NACC009452,2.037,4,1.233,235.87,0,0,0
NACC009453,5.941,4,1.24,801.02,0,0,0
NACC009454,3.076,4,0.811,358.01,0,0,0
NACC009455,2.754,1,0.702,828.2,0,0,0
NACC009456,0.958,2,0.825,468.44,0,0,0
NACC009457,2.111,2,0.638,133.64,0,0,0
NACC009458,6.633,1,0.832,322.65,0,0,0
NACC009459,0.899,4,1.308,878.71,0,0,0
NACC009460,0.698,3,0.812,603.58,0,0,0
NACC009461,4.864,5,0.7,832.25,0,0,0
NACC009462,0.983,5,0.772,183.61,0,0,0
NACC009463,1.073,3,0.61,696.72,0,0,0
NACC009464,1.051,5,1.354,591.83,0,0,0
NACC009465,5.342,3,0.762,900.18,0,0,0
NACC009466,5.942,3,1.388,742.79,0,0,0
NACC009467,8.019,2,0.632,761.54,0,0,0
NACC009468,8.323,2,1.142,398.67,0,0,0
NACC009469,1.781,3,1.052,295.3,0,0,0
NACC009470,2.484,1,1.019,850.44,0,0,0
NACC009471,1.982,1,1.27,720.37,0,0,0
NACC009472,2.644,2,0.931,309.29,0,0,0
NACC009473,3.129,1,1.478,558.64,0,0,0
NACC009474,1.299,3,1.105,571.48,0,0,0
NACC009475,3.37,1,1.391,145.79,0,0,0
NACC009476,1.342,2,0.987,164.13,0,0,0
NACC009477,1.255,1,1.024,257.35,0,0,0
NACC009478,2.899,1,1.026,183.57,0,0,0
NACC009479,1.818,3,1.085,266.8,0,0,0
NACC009480,2.058,5,1.218,790.92,0,0,0
NACC009481,3.494,3,1.061,330.74,0,0,0
NACC009482,3.225,4,1.059,261.45,0,0,0
NACC009483,3.969,1,0.915,335.1,0,0,0
NACC009484,4.824,5,0.906,313.4,0,0,0
NACC009485,3.549,4,1.391,154.41,0,0,0
NACC009486,1.91,3,0.905,256.92,0,0,0
NACC009487,2.955,3,1.321,667.64,0,0,0
NACC009488,1.933,3,0.683,727.98,0,0,0
NACC009489,4.083,5,1.11,382.73,0,0,0
NACC009490,2.658,1,1.202,538.45,0,0,0
NACC009491,2.95,2,1.344,424.57,0,0,0
NACC009492,0.932,2,0.732,181.54,0,0,0
NACC009493,2.257,5,0.934,433.85,0,0,0
NACC009494,1.229,5,1.233,374.07,0,0,0
NACC009495,2.078,3,0.769,541.9,0,0,0
NACC009496,2.185,4,1.485,426.08,0,0,0
NACC009497,1.781,4,1.312,863.94,0,0,0
NACC009498,2.112,4,0.932,279.8,0,0,0
NACC009499,0.918,2,1.471,246.51,0,0,0
NACC009500,5.272,5,0.604,445.68,0,0,0
NACC009501,1.665,4,0.666,935.29,0,0,0
NACC009502,4.029,4,0.831,650.61,0,0,0
NACC009503,1.07,4,1.363,321.15,0,0,0
NACC009504,2.746,5,1.313,522.95,0,0,0
NACC009505,5.068,1,0.905,562.23,0,0,0
NACC009506,1.044,3,0.783,1069.95,0,0,0
NACC009507,2.006,1,0.741,255.99,0,0,0
NACC009508,1.284,3,1.119,112.81,0,0,0
NACC009509,1.531,2,1.298,322.52,0,0,0
NACC009510,5.723,5,1.283,575.38,0,0,0
NACC009511,0.9,4,0.722,357.12,0,0,0
NACC009512,2.728,5,0.661,352.48,0,0,0
NACC009513,3.088,2,1.124,349.31,0,0,0
NACC009514,1.533,5,0.807,111.95,0,0,0
NACC009515,3.324,3,1.42,102.16,0,0,0
NACC009516,0.258,4,0.633,167.48,0,0,0
NACC009517,2.15,2,0.905,649.05,0,0,0
NACC009518,1.644,3,1.194,498.63,0,0,0
NACC009519,2.275,3,0.611,283.9,0,0,0
NACC009520,2.142,3,1.399,293.73,0,0,0
NACC009521,2.067,3,1.188,450.9,0,0,0
NACC009522,0.412,1,1.313,969.87,0,0,0
NACC009523,4.025,4,1.084,1115.73,0,0,0
NACC009524,4.351,2,1.466,142.23,0,0,0
NACC009525,2.022,1,1.168,230.04,0,0,0
NACC009526,2.428,4,0.78,814.2,0,0,0
NACC009527,2.706,2,1.31,395.55,0,0,0
NACC009528,2.551,1,1.4,583.81,0,0,0
NACC009529,1.708,1,1.44,680.56,0,0,0
NACC009530,5.763,5,0.95,235.73,0,0,0
NACC009531,3.491,3,1.134,561.76,0,0,0
NACC009532,2.727,5,0.769,371.33,0,0,0
NACC009533,1.772,4,0.761,612.97,0,0,0
NACC009534,3.406,4,1.085,143.84,0,0,0
NACC009535,1.158,4,1.107,678.86,0,0,0
NACC009536,3.752,5,0.841,386.16,0,0,0
NACC009537,2.458,2,0.99,413.48,0,0,0
NACC009538,5.211,2,1.066,287.77,0,0,0
NACC009539,1.881,5,0.857,552.2,0,0,0
NACC009540,0.616,1,1.159,269.08,0,0,0
NACC009541,1.37,5,0.849,705.52,0,0,0
NACC009542,4.472,5,0.861,251.1,0,0,0
NACC009543,0.95,5,1.417,571.15,0,0,0
NACC009544,1.716,4,1.395,254.39,0,0,0
NACC009545,1.526,4,0.821,260.84,0,0,0
NACC009546,0.755,4,1.452,156.83,0,0,0
NACC009547,2.966,4,1.092,765.16,0,0,0
NACC009548,3.328,2,0.752,553.14,0,0,0
NACC009549,2.217,4,1.316,737.33,0,0,0
NACC009550,5.056,2,1.119,631.48,0,0,0
NACC009551,2.651,2,0.843,107.95,0,0,0
NACC009552,1.294,1,0.999,491.39,0,0,0
NACC009553,2.107,4,0.818,489.26,0,0,0
NACC009554,2.869,4,1.239,350.48,0,0,0
NACC009555,4.612,3,1.28,151.69,0,0,0
NACC009556,6.242,1,1.408,252.22,0,0,0
NACC009557,3.091,3,1.277,398.46,0,0,0
NACC009558,2.122,5,1.002,193.61,0,0,0
NACC009559,0.511,3,0.789,159.94,0,0,0
NACC009560,0.773,1,0.74,311.1,0,0,0
NACC009561,2.164,1,1.283,615.59,0,0,0
NACC009562,1.307,3,0.609,295.89,0,0,0
NACC009563,2.605,2,0.755,434.09,0,0,0
NACC009564,1.731,5,0.738,612.15,0,0,0
NACC009565,3.089,5,1.42,535.12,0,0,0
NACC009566,2.38,3,1.325,345.52,0,0,0
NACC009567,2.018,5,1.031,140.82,0,0,0
NACC009568,3.207,1,1.465,546.51,0,0,0
NACC009569,2.374,5,1.177,555.31,0,0,0
NACC009570,1.971,4,1.309,676.7,0,0,0
NACC009571,1.821,2,1.162,442.7,0,0,0
NACC009572,1.887,3,1.463,496.85,0,0,0
NACC009573,1.545,1,1.274,643.28,0,0,0
NACC009574,1.799,1,0.875,668.8,0,0,0
NACC009575,5.945,2,0.975,193.42,0,0,0
NACC009576,3.599,3,0.899,204.29,0,0,0
NACC009577,2.224,3,1.211,738.47,0,0,0
NACC009578,5.899,3,1.356,518.73,0,0,0
NACC009579,0.72,3,0.71,639.94,0,0,0
NACC009580,2.3,4,0.957,340.66,0,0,0
NACC009581,0.85,5,1.187,472.79,0,0,0
NACC009582,2.591,4,1.372,535.74,0,0,0
NACC009583,0.586,2,1.229,557.74,0,0,0
NACC009584,2.638,2,1.036,284.07,0,0,0
NACC009585,2.797,1,1.478,474.56,0,0,0
NACC009586,5.893,4,0.765,583.29,0,0,0
NACC009587,7.131,4,1.3,843.55,0,0,0
NACC009588,1.266,2,1.471,762.59,0,0,0
NACC009589,3.831,3,0.608,275.32,0,0,0
NACC009590,3.707,2,1.091,574.68,0,0,0
NACC009591,3.092,1,0.712,939.71,0,0,0
NACC009592,4.483,2,0.679,482.99,0,0,0
NACC009593,1.898,5,1.024,344.57,0,0,0
NACC009594,2.044,3,0.695,283.35,0,0,0
NACC009595,4.849,5,0.737,773.65,0,0,0
NACC009596,1.106,4,1.364,318.49,0,0,0
NACC009597,1.966,1,1.395,633.31,0,0,0
NACC009598,2.205,3,1.102,378.65,0,0,0
NACC009599,1.429,4,0.92,496.82,0,0,0
NACC009600,10.29,2,1.071,342.12,0,0,0
NACC009601,1.721,3,1.366,895.21,0,0,0
NACC009602,2.189,3,0.99,454.08,0,0,0
NACC009603,0.899,1,1.309,452.52,0,0,0
NACC009604,2.708,2,1.448,426.97,0,0,0
NACC009605,6.26,3,1.064,295.9,0,0,0
NACC009606,0.358,1,1.456,313.95,0,0,0
NACC009607,1.352,2,1.003,416.45,0,0,0
NACC009608,2.868,3,1.341,603.32,0,0,0
NACC009609,5.974,1,1.194,711.94,0,0,0
NACC009610,2.634,1,0.774,525.27,0,0,0
NACC009611,0.631,4,1.443,457.23,0,0,0
NACC009612,4.208,4,0.788,657.22,0,0,0
NACC009613,0.984,3,1.033,594.15,0,0,0
NACC009614,2.078,1,0.908,264.17,0,0,0
NACC009615,1.88,1,0.875,241.43,0,0,0
NACC009616,3.831,1,1.294,730.52,0,0,0
NACC009617,4.766,4,0.75,271.88,0,0,0
NACC009618,0.998,4,0.652,559.85,0,0,0
NACC009619,1.073,5,0.929,609.85,0,0,0
NACC009620,0.695,3,0.663,419.25,0,0,0
NACC009621,0.994,1,0.969,280.72,0,0,0
NACC009622,0.76,1,0.871,1217.17,0,0,0
NACC009623,5.742,5,1.18,397.53,0,0,0
NACC009624,0.429,3,1.153,506.87,0,0,0
NACC009625,1.217,4,1.248,387.09,0,0,0
NACC009626,0.282,2,1.447,545.43,0,0,0
NACC009627,0.668,2,1.4,336.84,0,0,0
NACC009628,0.634,5,0.862,333.25,0,0,0
NACC009629,0.548,4,0.844,487.76,0,0,0
NACC009630,1.666,5,0.717,290.17,0,0,0
NACC009631,3.306,1,0.773,1056.29,0,0,0
NACC009632,2.491,3,1.021,621.35,0,0,0
NACC009633,4.372,5,1.259,261.16,0,0,0
NACC009634,1.686,5,1.106,548.85,0,0,0
NACC009635,2.936,4,1.187,263.72,0,0,0
NACC009636,1.645,2,1.121,582.86,0,0,0
NACC009637,3.269,2,0.917,511.94,0,0,0
NACC009638,3.054,4,1.173,306.69,0,0,0
NACC009639,2.519,2,1.274,599.8,0,0,0
NACC009640,2.852,2,0.93,347.32,0,0,0
NACC009641,2.399,2,1.053,612.48,0,0,0
NACC009642,3.911,4,1.029,130.5,0,0,0
NACC009643,3.315,4,1.395,293.95,0,0,0
NACC009644,7.258,3,1.178,265.15,0,0,0
NACC009645,7.027,4,1.43,185.47,0,0,0
NACC009646,1.035,3,0.808,627.98,0,0,0
NACC009647,2.247,5,0.796,550.61,0,0,0
NACC009648,8.893,4,1.167,419.59,0,0,0
NACC009649,5.567,2,1.289,1304.93,0,0,0
NACC009650,2.134,5,0.801,290.67,0,0,0
NACC009651,0.269,1,1.209,142.83,0,0,0
NACC009652,4.459,5,1.397,320.22,0,0,0
NACC009653,0.829,1,0.987,673.24,0,0,0
NACC009654,2.168,5,0.804,492.88,0,0,0
NACC009655,0.981,2,1.345,422.37,0,0,0
NACC009656,1.176,4,1.15,883.64,0,0,0
NACC009657,2.379,5,0.991,777.22,0,0,0
NACC009658,1.583,4,0.606,661.44,0,0,0
NACC009659,2.555,5,0.671,397.02,0,0,0
NACC009660,3.22,2,0.722,751.48,0,0,0
NACC009661,0.247,3,1.443,660.16,0,0,0
NACC009662,1.419,1,1.303,188.03,0,0,0
NACC009663,0.053,2,1.002,386.61,0,0,0
NACC009664,2.329,2,0.933,543.39,0,0,0
NACC009665,2.232,2,0.932,1115.43,0,0,0
NACC009666,2.7,1,0.869,697.44,0,0,0
NACC009667,4.67,2,1.146,372.16,0,0,0
NACC009668,2.017,1,1.461,597.44,0,0,0
NACC009669,0.514,4,0.996,212.29,0,0,0
NACC009670,0.627,2,1.144,206.7,0,0,0
NACC009671,0.75,4,0.757,745.5,0,0,0
NACC009672,1.649,5,1.045,384.64,0,0,0
NACC009673,2.155,5,1.319,426.56,0,0,0
NACC009674,2.113,5,1.091,130.41,0,0,0
NACC009675,0.31,2,1.388,660.27,0,0,0
NACC009676,1.553,2,1.283,748.41,0,0,0
NACC009677,1.102,4,1.39,307.52,0,0,0
NACC009678,2.046,2,1.212,384.61,0,0,0
NACC009679,1.565,3,0.989,355.83,0,0,0
NACC009680,3.178,5,1.408,338.93,0,0,0
NACC009681,1.733,4,0.755,274.45,0,0,0
NACC009682,0.806,3,0.907,230.96,0,0,0
NACC009683,3.377,4,0.91,834.5,0,0,0
NACC009684,3.922,5,1.205,485.88,0,0,0
NACC009685,0.444,1,0.922,608.93,0,0,0
NACC009686,4.582,5,0.883,315.26,0,0,0
NACC009687,0.681,4,0.677,489.77,0,0,0
NACC009688,6.107,1,0.821,492.48,0,0,0
NACC009689,1.477,5,0.862,916.28,0,0,0
NACC009690,0.995,4,0.897,314.49,0,0,0
NACC009691,1.962,2,0.66,471.71,0,0,0
NACC009692,2.247,5,0.714,431.28,0,0,0
NACC009693,4.472,5,1.493,1143.48,0,0,0
NACC009694,2.295,1,1.136,117.91,0,0,0
NACC009695,0.272,1,0.864,103.02,0,0,0
NACC009696,1.991,4,0.791,378.29,0,0,0
NACC009697,4.194,3,0.96,573.92,0,0,0
NACC009698,3.79,2,0.684,760.85,0,0,0
NACC009699,0.265,1,1.369,811.58,0,0,0
NACC009700,1.592,2,1.367,1003.4,0,0,0
NACC009701,2.251,2,0.925,649.3,0,0,0
NACC009702,1.067,4,1.369,157.83,0,0,0
NACC009703,1.869,3,0.631,757.75,0,0,0
NACC009704,0.767,5,1.032,746.79,0,0,0
NACC009705,5.51,5,1.047,166.8,0,0,0
NACC009706,1.576,2,1.25,496.95,0,0,0
NACC009707,5.433,2,0.666,772.9,0,0,0
NACC009708,0.261,2,1.104,599.3,0,0,0
NACC009709,1.246,1,1.001,803.45,0,0,0
NACC009710,1.421,1,1.075,482.89,0,0,0
NACC009711,5.4,1,0.743,696.76,0,0,0
NACC009712,2.998,1,1.318,779.2,0,0,0
NACC009713,0.712,3,0.694,254.61,0,0,0
NACC009714,0.6,2,0.998,825.26,0,0,0
NACC009715,4.34,1,1.446,387.45,0,0,0
NACC009716,11.681,3,0.676,700.51,0,0,0
NACC009717,3.261,1,1.462,329.33,0,0,0
NACC009718,1.966,3,0.962,581.4,0,0,0
NACC009719,4.305,1,0.633,138.25,0,0,0
NACC009720,1.716,2,1.397,271.84,0,0,0
NACC009721,0.853,3,0.605,562.5,0,0,0
NACC009722,1.223,3,1.302,160.67,0,0,0
NACC009723,5.435,5,1.483,554.63,0,0,0
NACC009724,4.457,5,0.842,784.97,0,0,0
NACC009725,0.725,5,0.719,303.35,0,0,0
NACC009726,2.139,1,0.657,250.47,0,0,0
NACC009727,2.444,3,1.302,165.09,0,0,0
NACC009728,1.489,3,0.627,1046.83,0,0,0
NACC009729,0.819,4,1.476,378.54,0,0,0
NACC009730,3.879,1,0.691,199.91,0,0,0
NACC009731,4.615,4,0.946,527.3,0,0,0
NACC009732,1.806,2,1.283,595.55,0,0,0
NACC009733,1.736,2,1.083,331.25,0,0,0
NACC009734,2.475,5,0.813,523.64,0,0,0
NACC009735,10.021,4,0.745,258.69,0,0,0
NACC009736,1.188,1,1.242,140.66,0,0,0
NACC009737,1.107,1,1.037,446.86,0,0,0
NACC009738,1.593,5,0.91,689.79,0,0,0
NACC009739,6.476,3,1.043,442.34,0,0,0
NACC009740,6.443,3,0.667,287.65,0,0,0
NACC009741,3.365,3,0.724,706.86,0,0,0
NACC009742,2.072,1,1.196,284.1,0,0,0
NACC009743,1.906,1,0.608,615.15,0,0,0
NACC009744,2.573,2,0.684,847.06,0,0,0
NACC009745,5.446,3,1.497,635.57,0,0,0
NACC009746,1.006,3,0.627,164.35,0,0,0
NACC009747,3.062,5,0.963,334.48,0,0,0
NACC009748,2.052,3,0.695,1268.78,0,0,0
NACC009749,0.568,2,1.118,617.39,0,0,0
NACC009750,4.42,4,0.951,164.43,0,0,0
NACC009751,0.318,2,1.092,580.99,0,0,0
NACC009752,1.613,5,0.849,409.29,0,0,0
NACC009753,0.654,2,0.944,412.74,0,0,0
NACC009754,2.638,3,0.869,428.16,0,0,0
NACC009755,0.906,5,0.747,818.71,0,0,0
NACC009756,2.473,3,0.661,343.59,0,0,0
NACC009757,1.156,5,1.135,314.91,0,0,0
NACC009758,1.906,5,1.422,550.1,0,0,0
NACC009759,2.513,3,1.094,341.93,0,0,0
NACC009760,1.936,3,1.28,226.72,0,0,0
NACC009761,3.197,3,0.747,677.55,0,0,0
NACC009762,1.259,2,0.845,626.77,0,0,0
NACC009763,4.643,3,1.166,503.04,0,0,0
NACC009764,1.35,4,1.394,228.2,0,0,0
NACC009765,5.471,3,1.056,405.22,0,0,0
NACC009766,2.573,3,1.086,1001.76,0,0,0
NACC009767,5.501,4,0.848,359.56,0,0,0
NACC009768,2.361,1,1.063,739.45,0,0,0
NACC009769,1.566,4,1.398,563.08,0,0,0
NACC009770,0.786,3,0.751,350.54,0,0,0
NACC009771,4.255,4,1.212,304.32,0,0,0
NACC009772,1.195,2,1.428,914.14,0,0,0
NACC009773,3.136,1,1.067,200.4,0,0,0
NACC009774,0.661,1,1.29,331.11,0,0,0
NACC009775,2.766,4,1.331,340.91,0,0,0
NACC009776,0.727,1,1.495,359.74,0,0,0
NACC009777,1.564,1,0.686,396.59,0,0,0
NACC009778,2.272,1,0.65,69.4,0,0,0
NACC009779,1.655,1,1.385,1047.82,0,0,0
NACC009780,2.296,5,0.639,271.85,0,0,0
NACC009781,0.6,5,1.445,238.73,0,0,0
NACC009782,2.546,3,1.35,906.78,0,0,0
NACC009783,3.332,1,0.911,878.6,0,0,0
NACC009784,0.927,5,0.931,504.01,0,0,0
NACC009785,3.516,1,0.613,977.95,0,0,0
NACC009786,0.976,3,1.247,256.33,0,0,0
NACC009787,2.336,1,1.425,899.37,0,0,0
NACC009788,4.393,1,1.432,246.0,0,0,0
NACC009789,0.984,2,1.44,685.62,0,0,0
NACC009790,1.769,3,0.655,672.62,0,0,0
NACC009791,0.732,4,1.024,704.83,0,0,0
NACC009792,3.292,4,1.102,229.77,0,0,0
NACC009793,2.471,1,0.968,625.56,0,0,0
NACC009794,3.425,3,0.841,296.12,0,0,0
NACC009795,1.506,5,1.335,211.65,0,0,0
NACC009796,5.298,2,1.137,303.43,0,0,0
NACC009797,3.942,3,0.682,256.69,0,0,0
NACC009798,1.009,1,1.356,559.64,0,0,0
NACC009799,1.836,3,1.331,579.92,0,0,0
NACC009800,2.188,1,0.666,476.36,0,0,0
NACC009801,5.959,4,1.07,141.44,0,0,0
NACC009802,0.896,4,1.278,241.16,0,0,0
NACC009803,2.577,4,0.826,790.73,0,0,0
NACC009804,0.805,1,0.737,200.46,0,0,0
NACC009805,7.312,5,1.143,387.76,0,0,0
NACC009806,2.365,4,1.287,541.33,0,0,0
NACC009807,0.559,2,1.417,273.57,0,0,0
NACC009808,6.217,2,1.379,685.91,0,0,0
NACC009809,2.655,3,1.029,526.13,0,0,0
NACC009810,4.075,4,1.404,735.09,0,0,0
NACC009811,1.838,1,1.437,715.38,0,0,0
NACC009812,9.453,3,1.327,429.9,0,0,0
NACC009813,0.22,1,1.356,200.83,0,0,0
NACC009814,4.451,1,0.728,274.3,0,0,0
NACC009815,2.109,5,0.717,497.64,0,0,0
NACC009816,2.644,5,0.837,304.18,0,0,0
NACC009817,1.338,1,1.079,177.91,0,0,0
NACC009818,1.239,4,1.007,844.35,0,0,0
NACC009819,7.101,5,0.704,681.22,0,0,0
NACC009820,2.669,1,1.336,128.26,0,0,0
NACC009821,0.714,4,0.839,253.06,0,0,0
NACC009822,2.058,2,1.197,214.1,0,0,0
NACC009823,1.733,4,0.935,365.95,0,0,0
NACC009824,4.997,4,0.691,553.21,0,0,0
NACC009825,3.749,4,1.218,661.93,0,0,0
NACC009826,1.711,5,1.488,403.21,0,0,0
NACC009827,6.793,5,1.331,822.53,0,0,0
NACC009828,1.88,3,1.459,541.48,0,0,0
NACC009829,0.183,3,0.676,351.82,0,0,0
NACC009830,5.914,4,1.392,179.07,0,0,0
NACC009831,2.803,3,0.765,270.03,0,0,0
NACC009832,5.045,4,0.817,224.62,0,0,0
NACC009833,7.54,3,1.351,285.76,0,0,0
NACC009834,3.145,1,1.332,419.76,0,0,0
NACC009835,2.099,5,1.278,396.09,0,0,0
NACC009836,2.446,2,0.832,718.05,0,0,0
NACC009837,1.691,4,0.814,312.85,0,0,0
NACC009838,6.06,2,0.883,366.7,0,0,0
NACC009839,1.52,2,0.63,323.29,0,0,0
NACC009840,5.017,5,1.154,640.63,0,0,0
NACC009841,4.862,2,1.018,315.51,0,0,0
NACC009842,1.769,3,1.271,227.11,0,0,0
NACC009843,0.462,4,0.661,634.31,0,0,0
NACC009844,1.087,1,0.789,345.64,0,0,0
NACC009845,0.657,5,1.199,646.35,0,0,0
NACC009846,3.877,1,0.829,141.8,0,0,0
NACC009847,1.312,3,0.608,380.39,0,0,0
NACC009848,1.784,2,1.312,722.37,0,0,0
NACC009849,6.809,1,0.706,199.9,0,0,0
NACC009850,2.87,5,1.331,282.37,0,0,0
NACC009851,0.776,2,0.931,575.4,0,0,0
NACC009852,2.284,1,1.167,572.17,0,0,0
NACC009853,3.302,1,0.794,1195.61,0,0,0
NACC009854,2.481,4,0.915,804.56,0,0,0
NACC009855,4.863,2,0.968,354.57,0,0,0
NACC009856,1.725,2,1.01,229.83,0,0,0
NACC009857,2.209,3,1.469,1093.65,0,0,0
NACC009858,1.68,1,1.182,284.51,0,0,0
NACC009859,4.772,3,0.919,423.66,0,0,0
NACC009860,0.838,1,1.27,1088.37,0,0,0
NACC009861,3.456,2,1.484,467.33,0,0,0
NACC009862,0.907,1,0.775,568.14,0,0,0
NACC009863,1.838,4,1.272,306.43,0,0,0
NACC009864,3.299,5,1.371,675.37,0,0,0
NACC009865,3.608,4,0.821,574.08,0,0,0
NACC009866,2.509,4,1.233,340.76,0,0,0
NACC009867,1.031,2,0.67,270.88,0,0,0
NACC009868,4.534,3,1.15,376.29,0,0,0
NACC009869,1.103,1,1.16,250.73,0,0,0
NACC009870,1.236,2,0.646,613.2,0,0,0
NACC009871,1.597,1,1.351,623.72,0,0,0
NACC009872,2.399,4,1.034,559.8,0,0,0
NACC009873,2.719,2,1.439,538.88,0,0,0
NACC009874,4.491,1,0.602,701.73,0,0,0
NACC009875,3.848,4,1.187,678.86,0,0,0
NACC009876,0.975,2,0.773,252.87,0,0,0
NACC009877,3.921,5,1.367,93.11,0,0,0
NACC009878,2.355,4,0.764,250.61,0,0,0
NACC009879,1.059,2,0.81,172.9,0,0,0
NACC009880,0.32,5,0.684,87.85,0,0,0
NACC009881,4.388,3,1.098,205.95,0,0,0
NACC009882,3.348,2,1.142,624.5,0,0,0
NACC009883,4.864,4,0.897,601.36,0,0,0
NACC009884,1.935,1,1.033,170.28,0,0,0
NACC009885,1.283,1,0.867,676.34,0,0,0
NACC009886,2.701,2,1.401,187.91,0,0,0
NACC009887,3.967,1,0.66,315.32,0,0,0
NACC009888,0.625,4,0.652,639.03,0,0,0
NACC009889,2.845,5,0.649,100.41,0,0,0
NACC009890,0.058,3,0.837,744.88,0,0,0
NACC009891,2.206,4,1.296,488.33,0,0,0
NACC009892,1.367,5,1.495,293.97,0,0,0
NACC009893,1.88,3,0.819,268.46,0,0,0
NACC009894,1.899,5,0.793,757.01,0,0,0
NACC009895,2.017,4,1.383,619.44,0,0,0
NACC009896,1.384,2,0.663,896.09,0,0,0
NACC009897,0.901,2,1.252,408.65,0,0,0
NACC009898,4.719,2,1.275,542.73,0,0,0
NACC009899,1.206,3,0.678,362.6,0,0,0
NACC009900,1.945,5,0.692,497.41,0,0,0
NACC009901,2.551,5,1.366,320.79,0,0,0
NACC009902,3.921,5,0.943,300.32,0,0,0
NACC009903,4.323,4,1.087,454.06,0,0,0
NACC009904,1.513,1,1.031,921.25,0,0,0
NACC009905,1.045,1,1.492,401.2,0,0,0
NACC009906,1.414,5,1.392,417.42,0,0,0
NACC009907,2.053,5,0.947,300.4,0,0,0
NACC009908,0.904,5,1.141,430.29,0,0,0
NACC009909,4.526,5,1.336,643.9,0,0,0
NACC009910,3.939,3,0.947,645.84,0,0,0
NACC009911,5.56,4,0.866,253.91,0,0,0
NACC009912,2.945,3,1.388,372.82,0,0,0
NACC009913,0.3,3,0.765,256.25,0,0,0
NACC009914,0.962,4,1.49,222.31,0,0,0
NACC009915,0.473,5,1.145,878.91,0,0,0
NACC009916,3.423,1,1.052,413.95,0,0,0
NACC009917,5.353,2,0.905,253.86,0,0,0
NACC009918,3.472,3,0.749,877.3,0,0,0
NACC009919,4.645,2,1.426,781.87,0,0,0
NACC009920,3.889,4,0.874,573.98,0,0,0
NACC009921,2.504,5,0.717,388.07,0,0,0
NACC009922,1.021,3,1.373,217.56,0,0,0
NACC009923,5.445,3,1.471,579.51,0,0,0
NACC009924,3.971,2,0.84,362.08,0,0,0
NACC009925,0.59,2,0.839,859.9,0,0,0
NACC009926,0.791,5,1.292,477.83,0,0,0
NACC009927,2.959,5,1.16,685.8,0,0,0
NACC009928,8.073,4,0.642,324.57,0,0,0
NACC009929,1.121,2,1.253,323.85,0,0,0
NACC009930,3.785,5,1.01,621.71,0,0,0
NACC009931,1.911,2,0.666,521.3,0,0,0
NACC009932,3.484,2,1.214,425.33,0,0,0
NACC009933,3.724,1,1.277,243.11,0,0,0
NACC009934,2.493,1,0.802,287.75,0,0,0
NACC009935,0.468,1,1.494,196.6,0,0,0
NACC009936,4.425,2,0.829,500.3,0,0,0
NACC009937,4.926,2,0.773,178.44,0,0,0
NACC009938,1.068,2,0.618,549.82,0,0,0
NACC009939,2.127,3,1.087,309.78,0,0,0
NACC009940,1.078,3,1.39,593.58,0,0,0
NACC009941,7.635,2,1.283,245.08,0,0,0
NACC009942,2.874,5,1.397,154.14,0,0,0
NACC009943,4.24,5,0.663,800.63,0,0,0
NACC009944,3.186,3,1.286,610.33,0,0,0
NACC009945,2.382,3,1.257,829.63,0,0,0
NACC009946,2.178,5,1.296,774.02,0,0,0
NACC009947,1.795,3,1.189,291.75,0,0,0
NACC009948,0.572,3,1.256,77.97,0,0,0
NACC009949,2.358,3,1.121,458.78,0,0,0
NACC009950,1.888,5,1.13,473.44,0,0,0
NACC009951,1.068,4,1.403,563.71,0,0,0
NACC009952,0.427,4,1.079,349.54,0,0,0
NACC009953,4.533,5,0.993,138.55,0,0,0
NACC009954,0.192,5,1.395,494.8,0,0,0
NACC009955,1.535,1,0.64,328.58,0,0,0
NACC009956,3.548,2,1.002,385.53,0,0,0
NACC009957,3.051,4,1.428,270.25,0,0,0
NACC009958,1.209,1,0.778,297.03,0,0,0
NACC009959,3.072,3,1.266,487.59,0,0,0
NACC009960,1.542,4,0.749,670.61,0,0,0
NACC009961,1.661,4,0.708,869.53,0,0,0
NACC009962,1.795,5,1.274,203.47,0,0,0
NACC009963,2.261,1,0.888,121.39,0,0,0
NACC009964,0.68,1,1.26,348.09,0,0,0
NACC009965,1.965,1,0.654,477.83,0,0,0
NACC009966,0.746,2,0.964,499.52,0,0,0
NACC009967,2.59,5,0.722,445.65,0,0,0
NACC009968,3.482,4,0.686,1107.34,0,0,0
NACC009969,0.645,2,1.369,191.29,0,0,0
NACC009970,1.637,1,1.284,433.62,0,0,0
NACC009971,5.134,3,0.643,144.54,0,0,0
NACC009972,0.3,5,1.178,502.95,0,0,0
NACC009973,3.777,1,1.136,371.69,0,0,0
NACC009974,1.986,1,1.321,486.87,0,0,0
NACC009975,4.265,1,0.896,622.87,0,0,0
NACC009976,1.969,4,0.918,349.93,0,0,0
NACC009977,3.754,2,1.231,522.75,0,0,0
NACC009978,3.965,1,1.346,399.29,0,0,0
NACC009979,0.357,5,1.081,621.99,0,0,0
NACC009980,4.995,2,1.358,742.28,0,0,0
NACC009981,3.033,1,1.379,280.41,0,0,0
NACC009982,3.069,2,0.756,425.66,0,0,0
NACC009983,3.682,1,0.991,782.34,0,0,0
NACC009984,0.279,3,1.082,459.57,0,0,0
NACC009985,2.285,2,1.372,680.01,0,0,0
NACC009986,0.529,2,1.08,253.89,0,0,0
NACC009987,0.324,3,1.394,388.07,0,0,0
NACC009988,3.174,1,0.905,883.35,0,0,0
NACC009989,2.762,1,0.714,346.51,0,0,0
NACC009990,1.415,1,1.097,727.3,0,0,0
NACC009991,3.517,4,1.188,189.86,0,0,0
NACC009992,0.684,4,1.403,361.93,0,0,0
NACC009993,2.496,5,0.871,352.78,0,0,0
NACC009994,4.439,3,1.362,81.79,0,0,0
NACC009995,3.386,3,0.604,595.71,0,0,0
NACC009996,2.07,4,1.358,169.74,0,0,0
NACC009997,0.226,3,0.887,419.21,0,0,0
NACC009998,0.99,4,1.066,265.73,0,0,0
NACC009999,1.006,4,1.051,238.22,0,0,0
NACC010000,0.68,4,0.65,248.86,0,0,0
